Date,Location,Rainfall(mm),Temperature(°C)
2016-08-01,Anuradhapura,0.4,27.4
2016-08-01,Badulla,0.3,25.0
2016-08-01,Dambulla,1.2,26.8
2016-08-01,Nuwara Eliya,2.0,17.6
2016-08-02,Anuradhapura,0.0,27.8
2016-08-02,Badulla,0.0,24.9
2016-08-02,Dambulla,1.1,27.2
2016-08-02,Nuwara Eliya,0.0,18.0
2016-08-03,Anuradhapura,0.0,27.6
2016-08-03,Badulla,0.0,24.7
2016-08-03,Dambulla,0.0,27.0
2016-08-03,Nuwara Eliya,0.0,17.6
2016-08-04,Anuradhapura,0.0,27.8
2016-08-04,Badulla,0.0,24.6
2016-08-04,Dambulla,1.6,27.0
2016-08-04,Nuwara Eliya,0.7,17.6
2016-08-05,Anuradhapura,0.3,28.2
2016-08-05,Badulla,0.0,25.1
2016-08-05,Dambulla,1.7,27.5
2016-08-05,Nuwara Eliya,2.1,17.8
2016-08-06,Anuradhapura,0.0,28.8
2016-08-06,Badulla,0.0,25.7
2016-08-06,Dambulla,0.2,28.1
2016-08-06,Nuwara Eliya,0.6,18.4
2016-08-07,Anuradhapura,0.5,28.6
2016-08-07,Badulla,0.0,25.8
2016-08-07,Dambulla,1.3,27.9
2016-08-07,Nuwara Eliya,2.4,18.2
2016-08-08,Anuradhapura,3.1,28.5
2016-08-08,Badulla,0.6,25.9
2016-08-08,Dambulla,0.6,28.2
2016-08-08,Nuwara Eliya,5.7,18.3
2016-08-09,Anuradhapura,0.6,28.2
2016-08-09,Badulla,0.0,26.2
2016-08-09,Dambulla,1.2,27.6
2016-08-09,Nuwara Eliya,3.5,18.3
2016-08-10,Anuradhapura,0.4,28.4
2016-08-10,Badulla,0.1,25.9
2016-08-10,Dambulla,1.6,27.6
2016-08-10,Nuwara Eliya,1.6,18.1
2016-08-11,Anuradhapura,0.0,28.2
2016-08-11,Badulla,0.2,26.0
2016-08-11,Dambulla,1.6,27.5
2016-08-11,Nuwara Eliya,0.9,18.1
2016-08-12,Anuradhapura,1.4,27.9
2016-08-12,Badulla,0.0,26.1
2016-08-12,Dambulla,1.9,27.1
2016-08-12,Nuwara Eliya,3.0,18.2
2016-08-13,Anuradhapura,0.2,27.7
2016-08-13,Badulla,0.0,26.5
2016-08-13,Dambulla,0.5,27.1
2016-08-13,Nuwara Eliya,3.3,18.0
2016-08-14,Anuradhapura,0.7,27.8
2016-08-14,Badulla,0.3,26.4
2016-08-14,Dambulla,0.9,26.7
2016-08-14,Nuwara Eliya,3.3,17.9
2016-08-15,Anuradhapura,0.1,27.7
2016-08-15,Badulla,0.1,26.3
2016-08-15,Dambulla,0.1,26.6
2016-08-15,Nuwara Eliya,7.6,17.9
2016-08-16,Anuradhapura,0.3,28.1
2016-08-16,Badulla,0.0,26.4
2016-08-16,Dambulla,3.4,26.8
2016-08-16,Nuwara Eliya,8.9,17.9
2016-08-17,Anuradhapura,0.0,28.1
2016-08-17,Badulla,0.0,26.5
2016-08-17,Dambulla,0.0,27.1
2016-08-17,Nuwara Eliya,2.1,17.8
2016-08-18,Anuradhapura,0.1,28.2
2016-08-18,Badulla,0.0,26.3
2016-08-18,Dambulla,0.8,27.2
2016-08-18,Nuwara Eliya,3.6,17.7
2016-08-19,Anuradhapura,0.0,28.6
2016-08-19,Badulla,0.0,26.9
2016-08-19,Dambulla,2.4,27.6
2016-08-19,Nuwara Eliya,1.7,18.4
2016-08-20,Anuradhapura,0.4,28.4
2016-08-20,Badulla,0.3,27.2
2016-08-20,Dambulla,0.6,27.6
2016-08-20,Nuwara Eliya,2.1,18.4
2016-08-21,Anuradhapura,0.4,28.4
2016-08-21,Badulla,0.1,26.9
2016-08-21,Dambulla,2.4,27.5
2016-08-21,Nuwara Eliya,2.4,18.5
2016-08-22,Anuradhapura,13.4,27.5
2016-08-22,Badulla,11.9,25.6
2016-08-22,Dambulla,11.8,26.9
2016-08-22,Nuwara Eliya,21.0,17.9
2016-08-23,Anuradhapura,1.5,27.3
2016-08-23,Badulla,0.3,25.7
2016-08-23,Dambulla,4.5,26.5
2016-08-23,Nuwara Eliya,9.9,18.0
2016-08-24,Anuradhapura,0.4,27.8
2016-08-24,Badulla,0.0,25.9
2016-08-24,Dambulla,1.1,26.9
2016-08-24,Nuwara Eliya,1.5,18.0
2016-08-25,Anuradhapura,1.2,27.3
2016-08-25,Badulla,0.0,26.0
2016-08-25,Dambulla,1.0,26.4
2016-08-25,Nuwara Eliya,4.4,18.1
2016-08-26,Anuradhapura,1.5,27.3
2016-08-26,Badulla,0.5,25.9
2016-08-26,Dambulla,2.1,26.5
2016-08-26,Nuwara Eliya,6.6,17.9
2016-08-27,Anuradhapura,0.0,26.6
2016-08-27,Badulla,1.4,25.1
2016-08-27,Dambulla,1.2,25.5
2016-08-27,Nuwara Eliya,2.4,17.3
2016-08-28,Anuradhapura,0.7,27.4
2016-08-28,Badulla,0.0,25.8
2016-08-28,Dambulla,0.6,26.6
2016-08-28,Nuwara Eliya,1.2,17.7
2016-08-29,Anuradhapura,0.3,27.7
2016-08-29,Badulla,0.0,26.0
2016-08-29,Dambulla,0.0,27.0
2016-08-29,Nuwara Eliya,0.6,18.1
2016-08-30,Anuradhapura,2.3,26.9
2016-08-30,Badulla,0.5,25.8
2016-08-30,Dambulla,3.1,26.5
2016-08-30,Nuwara Eliya,8.8,17.7
2016-08-31,Anuradhapura,1.6,26.7
2016-08-31,Badulla,0.0,25.9
2016-08-31,Dambulla,0.7,26.5
2016-08-31,Nuwara Eliya,5.6,17.9
2016-09-01,Anuradhapura,1.2,26.7
2016-09-01,Badulla,3.7,25.6
2016-09-01,Dambulla,1.3,26.3
2016-09-01,Nuwara Eliya,4.7,17.8
2016-09-02,Anuradhapura,2.6,26.8
2016-09-02,Badulla,0.2,25.6
2016-09-02,Dambulla,1.4,26.2
2016-09-02,Nuwara Eliya,8.4,17.6
2016-09-03,Anuradhapura,0.5,26.7
2016-09-03,Badulla,0.0,25.7
2016-09-03,Dambulla,0.0,26.3
2016-09-03,Nuwara Eliya,5.3,17.7
2016-09-04,Anuradhapura,0.2,27.0
2016-09-04,Badulla,0.0,25.7
2016-09-04,Dambulla,0.0,26.6
2016-09-04,Nuwara Eliya,4.6,17.7
2016-09-05,Anuradhapura,0.0,27.6
2016-09-05,Badulla,0.8,26.3
2016-09-05,Dambulla,0.0,27.4
2016-09-05,Nuwara Eliya,1.2,17.8
2016-09-06,Anuradhapura,0.5,27.5
2016-09-06,Badulla,0.2,26.2
2016-09-06,Dambulla,1.1,27.3
2016-09-06,Nuwara Eliya,1.7,17.8
2016-09-07,Anuradhapura,0.0,27.5
2016-09-07,Badulla,0.0,26.2
2016-09-07,Dambulla,0.0,27.0
2016-09-07,Nuwara Eliya,0.0,17.8
2016-09-08,Anuradhapura,0.0,27.1
2016-09-08,Badulla,0.0,25.8
2016-09-08,Dambulla,0.0,26.8
2016-09-08,Nuwara Eliya,0.0,17.3
2016-09-09,Anuradhapura,0.4,27.0
2016-09-09,Badulla,0.0,25.4
2016-09-09,Dambulla,0.0,26.6
2016-09-09,Nuwara Eliya,1.2,17.0
2016-09-10,Anuradhapura,0.0,27.5
2016-09-10,Badulla,0.0,26.5
2016-09-10,Dambulla,1.3,26.9
2016-09-10,Nuwara Eliya,2.8,17.7
2016-09-11,Anuradhapura,0.0,27.8
2016-09-11,Badulla,0.0,26.6
2016-09-11,Dambulla,0.0,27.3
2016-09-11,Nuwara Eliya,0.0,17.8
2016-09-12,Anuradhapura,0.0,27.6
2016-09-12,Badulla,0.0,26.4
2016-09-12,Dambulla,0.0,27.1
2016-09-12,Nuwara Eliya,0.2,17.7
2016-09-13,Anuradhapura,0.2,28.1
2016-09-13,Badulla,0.2,26.9
2016-09-13,Dambulla,0.7,27.4
2016-09-13,Nuwara Eliya,1.8,18.1
2016-09-14,Anuradhapura,0.6,28.4
2016-09-14,Badulla,0.1,27.1
2016-09-14,Dambulla,0.6,27.7
2016-09-14,Nuwara Eliya,4.3,18.4
2016-09-15,Anuradhapura,1.2,27.9
2016-09-15,Badulla,0.9,26.7
2016-09-15,Dambulla,3.1,27.3
2016-09-15,Nuwara Eliya,6.7,18.4
2016-09-16,Anuradhapura,0.3,28.0
2016-09-16,Badulla,0.0,26.8
2016-09-16,Dambulla,1.1,27.3
2016-09-16,Nuwara Eliya,1.2,18.1
2016-09-17,Anuradhapura,0.3,28.1
2016-09-17,Badulla,0.0,26.9
2016-09-17,Dambulla,2.9,27.4
2016-09-17,Nuwara Eliya,4.6,17.9
2016-09-18,Anuradhapura,1.2,27.4
2016-09-18,Badulla,5.9,25.8
2016-09-18,Dambulla,3.3,26.6
2016-09-18,Nuwara Eliya,11.1,17.7
2016-09-19,Anuradhapura,0.1,28.4
2016-09-19,Badulla,0.0,26.5
2016-09-19,Dambulla,0.7,27.5
2016-09-19,Nuwara Eliya,0.9,18.3
2016-09-20,Anuradhapura,3.0,28.2
2016-09-20,Badulla,0.1,26.5
2016-09-20,Dambulla,2.4,27.4
2016-09-20,Nuwara Eliya,5.5,18.1
2016-09-21,Anuradhapura,0.4,28.1
2016-09-21,Badulla,0.0,26.7
2016-09-21,Dambulla,1.6,27.2
2016-09-21,Nuwara Eliya,1.4,18.0
2016-09-22,Anuradhapura,0.9,28.2
2016-09-22,Badulla,0.2,26.9
2016-09-22,Dambulla,1.1,27.5
2016-09-22,Nuwara Eliya,2.2,18.3
2016-09-23,Anuradhapura,0.5,28.0
2016-09-23,Badulla,0.0,26.7
2016-09-23,Dambulla,0.2,27.3
2016-09-23,Nuwara Eliya,1.3,18.0
2016-09-24,Anuradhapura,0.2,28.2
2016-09-24,Badulla,0.0,27.0
2016-09-24,Dambulla,1.0,27.5
2016-09-24,Nuwara Eliya,0.9,18.2
2016-09-25,Anuradhapura,0.3,28.0
2016-09-25,Badulla,0.0,26.9
2016-09-25,Dambulla,0.7,27.4
2016-09-25,Nuwara Eliya,0.3,18.0
2016-09-26,Anuradhapura,0.2,28.2
2016-09-26,Badulla,0.0,27.1
2016-09-26,Dambulla,0.8,27.5
2016-09-26,Nuwara Eliya,0.9,18.5
2016-09-27,Anuradhapura,0.2,28.3
2016-09-27,Badulla,0.6,27.0
2016-09-27,Dambulla,0.4,27.7
2016-09-27,Nuwara Eliya,2.8,18.5
2016-09-28,Anuradhapura,0.2,28.1
2016-09-28,Badulla,0.3,27.1
2016-09-28,Dambulla,0.9,27.5
2016-09-28,Nuwara Eliya,2.3,18.3
2016-09-29,Anuradhapura,0.2,27.8
2016-09-29,Badulla,0.0,26.9
2016-09-29,Dambulla,0.2,27.2
2016-09-29,Nuwara Eliya,5.7,18.1
2016-09-30,Anuradhapura,0.3,27.6
2016-09-30,Badulla,0.0,26.9
2016-09-30,Dambulla,1.1,26.9
2016-09-30,Nuwara Eliya,3.0,17.9
2016-10-01,Anuradhapura,0.0,28.0
2016-10-01,Badulla,0.0,27.1
2016-10-01,Dambulla,0.0,27.4
2016-10-01,Nuwara Eliya,0.0,18.1
2016-10-02,Anuradhapura,0.0,28.1
2016-10-02,Badulla,0.0,27.0
2016-10-02,Dambulla,0.0,27.6
2016-10-02,Nuwara Eliya,0.9,18.0
2016-10-03,Anuradhapura,0.2,28.1
2016-10-03,Badulla,0.0,26.9
2016-10-03,Dambulla,0.5,27.5
2016-10-03,Nuwara Eliya,3.4,17.7
2016-10-04,Anuradhapura,0.0,28.3
2016-10-04,Badulla,0.0,26.9
2016-10-04,Dambulla,0.7,27.6
2016-10-04,Nuwara Eliya,3.3,17.6
2016-10-05,Anuradhapura,0.4,28.6
2016-10-05,Badulla,0.0,26.7
2016-10-05,Dambulla,1.5,27.9
2016-10-05,Nuwara Eliya,2.7,17.9
2016-10-06,Anuradhapura,0.3,28.7
2016-10-06,Badulla,0.0,26.9
2016-10-06,Dambulla,0.9,28.0
2016-10-06,Nuwara Eliya,2.3,18.0
2016-10-07,Anuradhapura,0.0,28.4
2016-10-07,Badulla,0.0,27.2
2016-10-07,Dambulla,0.0,28.0
2016-10-07,Nuwara Eliya,0.0,17.8
2016-10-08,Anuradhapura,0.0,28.0
2016-10-08,Badulla,0.0,26.7
2016-10-08,Dambulla,0.0,27.5
2016-10-08,Nuwara Eliya,0.0,17.6
2016-10-09,Anuradhapura,0.0,28.4
2016-10-09,Badulla,0.0,26.9
2016-10-09,Dambulla,1.7,27.5
2016-10-09,Nuwara Eliya,2.7,18.2
2016-10-10,Anuradhapura,0.1,28.5
2016-10-10,Badulla,0.0,27.5
2016-10-10,Dambulla,0.8,27.8
2016-10-10,Nuwara Eliya,0.1,18.5
2016-10-11,Anuradhapura,0.0,28.4
2016-10-11,Badulla,0.0,27.2
2016-10-11,Dambulla,0.0,27.9
2016-10-11,Nuwara Eliya,0.0,18.3
2016-10-12,Anuradhapura,0.2,28.5
2016-10-12,Badulla,0.0,27.0
2016-10-12,Dambulla,0.0,28.0
2016-10-12,Nuwara Eliya,0.0,18.3
2016-10-13,Anuradhapura,0.9,28.2
2016-10-13,Badulla,0.0,27.1
2016-10-13,Dambulla,0.0,28.2
2016-10-13,Nuwara Eliya,1.6,18.3
2016-10-14,Anuradhapura,8.3,27.6
2016-10-14,Badulla,5.6,26.0
2016-10-14,Dambulla,0.9,27.6
2016-10-14,Nuwara Eliya,20.6,17.8
2016-10-15,Anuradhapura,3.7,27.4
2016-10-15,Badulla,0.0,25.8
2016-10-15,Dambulla,16.9,27.4
2016-10-15,Nuwara Eliya,10.0,17.6
2016-10-16,Anuradhapura,0.4,27.5
2016-10-16,Badulla,16.0,24.8
2016-10-16,Dambulla,13.8,27.0
2016-10-16,Nuwara Eliya,20.9,17.2
2016-10-17,Anuradhapura,1.6,28.0
2016-10-17,Badulla,13.5,25.0
2016-10-17,Dambulla,2.1,27.3
2016-10-17,Nuwara Eliya,12.9,17.4
2016-10-18,Anuradhapura,0.0,28.0
2016-10-18,Badulla,1.2,25.3
2016-10-18,Dambulla,1.4,26.9
2016-10-18,Nuwara Eliya,2.6,17.7
2016-10-19,Anuradhapura,1.2,27.8
2016-10-19,Badulla,12.8,24.9
2016-10-19,Dambulla,2.6,26.8
2016-10-19,Nuwara Eliya,9.1,17.4
2016-10-20,Anuradhapura,7.6,27.6
2016-10-20,Badulla,6.1,24.9
2016-10-20,Dambulla,2.5,26.7
2016-10-20,Nuwara Eliya,8.4,17.2
2016-10-21,Anuradhapura,0.7,26.8
2016-10-21,Badulla,0.2,24.9
2016-10-21,Dambulla,0.2,26.3
2016-10-21,Nuwara Eliya,1.3,17.1
2016-10-22,Anuradhapura,0.6,26.9
2016-10-22,Badulla,2.2,24.2
2016-10-22,Dambulla,1.0,26.3
2016-10-22,Nuwara Eliya,3.7,16.9
2016-10-23,Anuradhapura,0.0,27.6
2016-10-23,Badulla,4.8,24.6
2016-10-23,Dambulla,1.5,26.6
2016-10-23,Nuwara Eliya,3.7,17.0
2016-10-24,Anuradhapura,0.8,26.6
2016-10-24,Badulla,6.9,24.7
2016-10-24,Dambulla,1.4,25.8
2016-10-24,Nuwara Eliya,7.9,17.3
2016-10-25,Anuradhapura,1.2,26.7
2016-10-25,Badulla,14.5,24.2
2016-10-25,Dambulla,1.0,26.3
2016-10-25,Nuwara Eliya,6.3,17.3
2016-10-26,Anuradhapura,10.9,26.3
2016-10-26,Badulla,11.2,23.8
2016-10-26,Dambulla,4.2,25.8
2016-10-26,Nuwara Eliya,16.3,16.5
2016-10-27,Anuradhapura,0.8,27.2
2016-10-27,Badulla,11.9,24.1
2016-10-27,Dambulla,3.5,26.2
2016-10-27,Nuwara Eliya,8.6,16.7
2016-10-28,Anuradhapura,0.1,27.4
2016-10-28,Badulla,2.5,24.7
2016-10-28,Dambulla,0.0,27.1
2016-10-28,Nuwara Eliya,1.3,17.2
2016-10-29,Anuradhapura,1.4,27.5
2016-10-29,Badulla,7.5,24.6
2016-10-29,Dambulla,1.9,26.8
2016-10-29,Nuwara Eliya,9.6,17.1
2016-10-30,Anuradhapura,6.4,26.8
2016-10-30,Badulla,8.6,23.9
2016-10-30,Dambulla,7.6,26.4
2016-10-30,Nuwara Eliya,13.0,17.1
2016-10-31,Anuradhapura,22.6,25.8
2016-10-31,Badulla,22.3,23.0
2016-10-31,Dambulla,28.6,25.1
2016-10-31,Nuwara Eliya,23.8,16.9
2016-11-01,Anuradhapura,43.1,25.7
2016-11-01,Badulla,9.1,23.4
2016-11-01,Dambulla,23.0,25.2
2016-11-01,Nuwara Eliya,16.3,16.9
2016-11-02,Anuradhapura,10.6,25.4
2016-11-02,Badulla,13.1,23.8
2016-11-02,Dambulla,9.7,24.9
2016-11-02,Nuwara Eliya,12.5,17.4
2016-11-03,Anuradhapura,10.7,25.2
2016-11-03,Badulla,23.7,23.6
2016-11-03,Dambulla,5.4,24.6
2016-11-03,Nuwara Eliya,21.7,17.4
2016-11-04,Anuradhapura,4.3,25.4
2016-11-04,Badulla,29.0,23.5
2016-11-04,Dambulla,10.9,24.6
2016-11-04,Nuwara Eliya,21.1,16.7
2016-11-05,Anuradhapura,5.8,26.1
2016-11-05,Badulla,23.5,23.7
2016-11-05,Dambulla,4.2,25.5
2016-11-05,Nuwara Eliya,11.8,17.2
2016-11-06,Anuradhapura,19.2,25.5
2016-11-06,Badulla,17.1,23.5
2016-11-06,Dambulla,3.0,25.1
2016-11-06,Nuwara Eliya,11.5,16.9
2016-11-07,Anuradhapura,3.0,26.5
2016-11-07,Badulla,0.4,23.7
2016-11-07,Dambulla,2.4,25.9
2016-11-07,Nuwara Eliya,0.6,17.0
2016-11-08,Anuradhapura,0.5,26.0
2016-11-08,Badulla,0.3,23.2
2016-11-08,Dambulla,0.4,25.6
2016-11-08,Nuwara Eliya,1.7,16.6
2016-11-09,Anuradhapura,2.1,25.6
2016-11-09,Badulla,2.7,22.8
2016-11-09,Dambulla,4.1,25.0
2016-11-09,Nuwara Eliya,8.0,16.2
2016-11-10,Anuradhapura,0.3,26.2
2016-11-10,Badulla,1.4,22.9
2016-11-10,Dambulla,1.9,25.1
2016-11-10,Nuwara Eliya,2.2,16.6
2016-11-11,Anuradhapura,0.0,26.8
2016-11-11,Badulla,2.7,23.5
2016-11-11,Dambulla,0.8,25.7
2016-11-11,Nuwara Eliya,1.7,17.3
2016-11-12,Anuradhapura,2.8,26.4
2016-11-12,Badulla,4.4,23.6
2016-11-12,Dambulla,6.8,25.4
2016-11-12,Nuwara Eliya,3.1,17.5
2016-11-13,Anuradhapura,18.4,25.9
2016-11-13,Badulla,3.8,23.5
2016-11-13,Dambulla,8.4,25.4
2016-11-13,Nuwara Eliya,17.4,17.3
2016-11-14,Anuradhapura,3.5,26.4
2016-11-14,Badulla,4.9,23.4
2016-11-14,Dambulla,4.0,25.8
2016-11-14,Nuwara Eliya,8.2,17.1
2016-11-15,Anuradhapura,1.8,26.6
2016-11-15,Badulla,1.3,23.1
2016-11-15,Dambulla,2.3,25.4
2016-11-15,Nuwara Eliya,7.3,16.9
2016-11-16,Anuradhapura,13.6,25.4
2016-11-16,Badulla,4.3,22.9
2016-11-16,Dambulla,17.9,24.4
2016-11-16,Nuwara Eliya,11.4,16.9
2016-11-17,Anuradhapura,12.3,24.9
2016-11-17,Badulla,5.4,22.4
2016-11-17,Dambulla,11.9,23.8
2016-11-17,Nuwara Eliya,8.9,16.6
2016-11-18,Anuradhapura,8.7,25.0
2016-11-18,Badulla,9.5,22.4
2016-11-18,Dambulla,25.0,24.0
2016-11-18,Nuwara Eliya,8.2,16.9
2016-11-19,Anuradhapura,22.4,24.7
2016-11-19,Badulla,20.5,22.6
2016-11-19,Dambulla,12.2,24.1
2016-11-19,Nuwara Eliya,39.3,17.0
2016-11-20,Anuradhapura,13.4,24.8
2016-11-20,Badulla,15.2,22.7
2016-11-20,Dambulla,5.4,24.2
2016-11-20,Nuwara Eliya,27.8,16.8
2016-11-21,Anuradhapura,12.5,24.7
2016-11-21,Badulla,27.6,22.3
2016-11-21,Dambulla,12.6,23.8
2016-11-21,Nuwara Eliya,27.7,16.9
2016-11-22,Anuradhapura,13.1,25.1
2016-11-22,Badulla,6.8,23.2
2016-11-22,Dambulla,14.6,24.4
2016-11-22,Nuwara Eliya,16.7,17.4
2016-11-23,Anuradhapura,10.7,25.2
2016-11-23,Badulla,7.6,23.0
2016-11-23,Dambulla,12.0,24.6
2016-11-23,Nuwara Eliya,16.8,17.2
2016-11-24,Anuradhapura,0.6,25.7
2016-11-24,Badulla,1.1,22.8
2016-11-24,Dambulla,3.4,24.6
2016-11-24,Nuwara Eliya,1.1,17.3
2016-11-25,Anuradhapura,0.1,25.7
2016-11-25,Badulla,0.0,23.4
2016-11-25,Dambulla,0.3,25.1
2016-11-25,Nuwara Eliya,0.0,17.7
2016-11-26,Anuradhapura,0.2,25.2
2016-11-26,Badulla,1.5,23.2
2016-11-26,Dambulla,0.0,24.9
2016-11-26,Nuwara Eliya,1.6,17.3
2016-11-27,Anuradhapura,0.0,25.3
2016-11-27,Badulla,0.0,23.9
2016-11-27,Dambulla,0.0,25.3
2016-11-27,Nuwara Eliya,0.0,18.2
2016-11-28,Anuradhapura,0.0,24.1
2016-11-28,Badulla,0.0,23.5
2016-11-28,Dambulla,0.0,24.3
2016-11-28,Nuwara Eliya,0.0,18.0
2016-11-29,Anuradhapura,0.0,24.6
2016-11-29,Badulla,0.0,22.5
2016-11-29,Dambulla,0.0,23.8
2016-11-29,Nuwara Eliya,0.0,16.7
2016-11-30,Anuradhapura,13.1,22.9
2016-11-30,Badulla,0.0,22.1
2016-11-30,Dambulla,13.4,22.0
2016-11-30,Nuwara Eliya,0.5,16.0
2016-12-01,Anuradhapura,6.2,21.3
2016-12-01,Badulla,0.4,22.3
2016-12-01,Dambulla,0.0,21.4
2016-12-01,Nuwara Eliya,0.0,16.3
2016-12-02,Anuradhapura,0.8,24.6
2016-12-02,Badulla,0.0,22.9
2016-12-02,Dambulla,0.0,24.8
2016-12-02,Nuwara Eliya,0.0,16.8
2016-12-03,Anuradhapura,0.0,25.6
2016-12-03,Badulla,1.0,22.8
2016-12-03,Dambulla,0.1,25.4
2016-12-03,Nuwara Eliya,0.0,16.9
2016-12-04,Anuradhapura,0.0,26.0
2016-12-04,Badulla,0.1,23.5
2016-12-04,Dambulla,0.8,25.3
2016-12-04,Nuwara Eliya,0.5,17.2
2016-12-05,Anuradhapura,0.0,25.9
2016-12-05,Badulla,0.0,23.2
2016-12-05,Dambulla,0.0,25.3
2016-12-05,Nuwara Eliya,0.0,17.5
2016-12-06,Anuradhapura,0.0,25.4
2016-12-06,Badulla,0.9,23.0
2016-12-06,Dambulla,0.2,24.9
2016-12-06,Nuwara Eliya,0.6,17.1
2016-12-07,Anuradhapura,1.2,24.9
2016-12-07,Badulla,0.2,23.1
2016-12-07,Dambulla,4.8,24.2
2016-12-07,Nuwara Eliya,0.0,17.4
2016-12-08,Anuradhapura,1.9,25.3
2016-12-08,Badulla,7.4,23.2
2016-12-08,Dambulla,3.2,24.4
2016-12-08,Nuwara Eliya,5.1,17.2
2016-12-09,Anuradhapura,0.5,25.4
2016-12-09,Badulla,2.8,23.0
2016-12-09,Dambulla,1.7,24.4
2016-12-09,Nuwara Eliya,3.1,16.7
2016-12-10,Anuradhapura,1.1,25.4
2016-12-10,Badulla,1.2,23.3
2016-12-10,Dambulla,1.7,24.5
2016-12-10,Nuwara Eliya,2.3,16.8
2016-12-11,Anuradhapura,0.4,25.8
2016-12-11,Badulla,0.0,23.2
2016-12-11,Dambulla,0.0,25.4
2016-12-11,Nuwara Eliya,0.2,16.6
2016-12-12,Anuradhapura,0.0,26.3
2016-12-12,Badulla,0.0,23.0
2016-12-12,Dambulla,0.0,25.6
2016-12-12,Nuwara Eliya,0.0,16.4
2016-12-13,Anuradhapura,0.0,26.2
2016-12-13,Badulla,1.3,22.9
2016-12-13,Dambulla,0.0,25.7
2016-12-13,Nuwara Eliya,3.1,16.3
2016-12-14,Anuradhapura,0.0,25.9
2016-12-14,Badulla,12.4,23.1
2016-12-14,Dambulla,0.0,25.6
2016-12-14,Nuwara Eliya,5.1,16.2
2016-12-15,Anuradhapura,0.3,25.5
2016-12-15,Badulla,0.7,23.1
2016-12-15,Dambulla,0.2,25.4
2016-12-15,Nuwara Eliya,0.1,16.7
2016-12-16,Anuradhapura,1.6,25.8
2016-12-16,Badulla,2.6,22.8
2016-12-16,Dambulla,4.0,24.9
2016-12-16,Nuwara Eliya,3.3,16.7
2016-12-17,Anuradhapura,1.8,25.1
2016-12-17,Badulla,3.1,22.5
2016-12-17,Dambulla,4.6,24.3
2016-12-17,Nuwara Eliya,3.1,16.8
2016-12-18,Anuradhapura,0.0,25.3
2016-12-18,Badulla,0.0,23.0
2016-12-18,Dambulla,0.3,24.6
2016-12-18,Nuwara Eliya,0.0,17.2
2016-12-19,Anuradhapura,7.9,23.9
2016-12-19,Badulla,4.7,22.2
2016-12-19,Dambulla,19.8,22.9
2016-12-19,Nuwara Eliya,10.0,16.6
2016-12-20,Anuradhapura,1.5,26.1
2016-12-20,Badulla,4.5,23.3
2016-12-20,Dambulla,5.0,25.1
2016-12-20,Nuwara Eliya,4.2,17.4
2016-12-21,Anuradhapura,1.0,25.9
2016-12-21,Badulla,1.5,23.0
2016-12-21,Dambulla,2.2,25.2
2016-12-21,Nuwara Eliya,1.1,17.3
2016-12-22,Anuradhapura,0.0,25.9
2016-12-22,Badulla,0.0,23.1
2016-12-22,Dambulla,0.4,25.0
2016-12-22,Nuwara Eliya,0.0,17.5
2016-12-23,Anuradhapura,0.0,23.8
2016-12-23,Badulla,0.0,22.7
2016-12-23,Dambulla,0.0,23.7
2016-12-23,Nuwara Eliya,0.0,17.1
2016-12-24,Anuradhapura,0.0,23.1
2016-12-24,Badulla,0.0,21.5
2016-12-24,Dambulla,0.0,22.1
2016-12-24,Nuwara Eliya,0.0,16.5
2016-12-25,Anuradhapura,0.0,23.5
2016-12-25,Badulla,0.0,22.3
2016-12-25,Dambulla,0.0,22.7
2016-12-25,Nuwara Eliya,0.0,16.8
2016-12-26,Anuradhapura,0.0,24.9
2016-12-26,Badulla,0.0,22.9
2016-12-26,Dambulla,0.0,24.5
2016-12-26,Nuwara Eliya,0.0,17.3
2016-12-27,Anuradhapura,6.6,24.9
2016-12-27,Badulla,5.0,22.4
2016-12-27,Dambulla,16.9,24.1
2016-12-27,Nuwara Eliya,4.9,17.0
2016-12-28,Anuradhapura,4.2,25.3
2016-12-28,Badulla,11.7,22.1
2016-12-28,Dambulla,8.0,24.0
2016-12-28,Nuwara Eliya,15.3,16.6
2016-12-29,Anuradhapura,1.9,25.3
2016-12-29,Badulla,4.0,22.4
2016-12-29,Dambulla,3.1,24.3
2016-12-29,Nuwara Eliya,3.5,16.6
2016-12-30,Anuradhapura,0.4,25.2
2016-12-30,Badulla,0.4,22.2
2016-12-30,Dambulla,4.1,24.1
2016-12-30,Nuwara Eliya,0.0,16.9
2016-12-31,Anuradhapura,0.0,25.4
2016-12-31,Badulla,0.5,22.4
2016-12-31,Dambulla,0.2,24.2
2016-12-31,Nuwara Eliya,0.0,17.1
2017-01-01,Anuradhapura,0.3,25.8
2017-01-01,Badulla,6.7,21.4
2017-01-01,Dambulla,0.2,24.7
2017-01-01,Nuwara Eliya,3.8,14.9
2017-01-02,Anuradhapura,3.7,24.6
2017-01-02,Badulla,6.1,20.8
2017-01-02,Dambulla,7.1,23.7
2017-01-02,Nuwara Eliya,1.7,14.7
2017-01-03,Anuradhapura,0.0,25.6
2017-01-03,Badulla,6.0,20.9
2017-01-03,Dambulla,0.0,25.0
2017-01-03,Nuwara Eliya,2.3,14.3
2017-01-04,Anuradhapura,0.0,24.2
2017-01-04,Badulla,0.0,20.6
2017-01-04,Dambulla,0.0,23.8
2017-01-04,Nuwara Eliya,0.0,14.1
2017-01-05,Anuradhapura,0.0,23.9
2017-01-05,Badulla,0.0,18.7
2017-01-05,Dambulla,0.0,23.4
2017-01-05,Nuwara Eliya,0.0,13.5
2017-01-06,Anuradhapura,0.0,24.3
2017-01-06,Badulla,0.0,19.0
2017-01-06,Dambulla,0.0,23.4
2017-01-06,Nuwara Eliya,0.0,13.7
2017-01-07,Anuradhapura,0.0,23.5
2017-01-07,Badulla,0.1,19.3
2017-01-07,Dambulla,0.0,23.2
2017-01-07,Nuwara Eliya,0.0,12.9
2017-01-08,Anuradhapura,0.0,23.0
2017-01-08,Badulla,0.0,17.9
2017-01-08,Dambulla,0.0,22.8
2017-01-08,Nuwara Eliya,0.0,12.5
2017-01-09,Anuradhapura,0.0,23.6
2017-01-09,Badulla,0.0,19.2
2017-01-09,Dambulla,0.0,23.2
2017-01-09,Nuwara Eliya,0.0,14.1
2017-01-10,Anuradhapura,0.0,24.0
2017-01-10,Badulla,0.0,19.6
2017-01-10,Dambulla,0.0,24.0
2017-01-10,Nuwara Eliya,0.0,13.7
2017-01-11,Anuradhapura,0.0,24.2
2017-01-11,Badulla,0.0,20.1
2017-01-11,Dambulla,0.0,24.4
2017-01-11,Nuwara Eliya,0.0,12.9
2017-01-12,Anuradhapura,0.0,24.7
2017-01-12,Badulla,0.0,19.8
2017-01-12,Dambulla,0.0,24.2
2017-01-12,Nuwara Eliya,0.0,12.5
2017-01-13,Anuradhapura,0.0,24.4
2017-01-13,Badulla,0.0,19.7
2017-01-13,Dambulla,0.0,23.8
2017-01-13,Nuwara Eliya,0.0,12.0
2017-01-14,Anuradhapura,0.0,24.3
2017-01-14,Badulla,0.0,19.3
2017-01-14,Dambulla,0.0,24.1
2017-01-14,Nuwara Eliya,0.0,11.9
2017-01-15,Anuradhapura,0.3,24.5
2017-01-15,Badulla,1.1,20.1
2017-01-15,Dambulla,1.7,23.8
2017-01-15,Nuwara Eliya,0.1,13.4
2017-01-16,Anuradhapura,0.0,24.5
2017-01-16,Badulla,1.2,19.7
2017-01-16,Dambulla,0.0,24.5
2017-01-16,Nuwara Eliya,0.0,14.2
2017-01-17,Anuradhapura,0.0,23.6
2017-01-17,Badulla,0.0,19.3
2017-01-17,Dambulla,0.0,23.5
2017-01-17,Nuwara Eliya,0.1,14.1
2017-01-18,Anuradhapura,0.0,23.8
2017-01-18,Badulla,0.0,19.1
2017-01-18,Dambulla,0.0,23.0
2017-01-18,Nuwara Eliya,0.0,13.9
2017-01-19,Anuradhapura,0.0,24.7
2017-01-19,Badulla,3.8,19.8
2017-01-19,Dambulla,0.1,24.1
2017-01-19,Nuwara Eliya,1.3,13.7
2017-01-20,Anuradhapura,8.2,23.9
2017-01-20,Badulla,9.7,20.3
2017-01-20,Dambulla,13.4,23.3
2017-01-20,Nuwara Eliya,2.0,14.6
2017-01-21,Anuradhapura,4.0,25.0
2017-01-21,Badulla,4.2,22.0
2017-01-21,Dambulla,4.0,24.3
2017-01-21,Nuwara Eliya,6.9,14.9
2017-01-22,Anuradhapura,4.9,24.4
2017-01-22,Badulla,25.8,20.8
2017-01-22,Dambulla,1.0,23.5
2017-01-22,Nuwara Eliya,7.4,14.5
2017-01-23,Anuradhapura,22.2,23.8
2017-01-23,Badulla,43.0,20.1
2017-01-23,Dambulla,22.0,23.0
2017-01-23,Nuwara Eliya,25.4,14.4
2017-01-24,Anuradhapura,25.2,23.5
2017-01-24,Badulla,64.7,20.0
2017-01-24,Dambulla,17.2,22.4
2017-01-24,Nuwara Eliya,33.3,14.6
2017-01-25,Anuradhapura,17.2,24.0
2017-01-25,Badulla,26.7,21.6
2017-01-25,Dambulla,19.0,23.4
2017-01-25,Nuwara Eliya,15.3,15.4
2017-01-26,Anuradhapura,8.0,24.9
2017-01-26,Badulla,11.0,21.5
2017-01-26,Dambulla,1.9,23.9
2017-01-26,Nuwara Eliya,2.0,15.8
2017-01-27,Anuradhapura,24.0,24.0
2017-01-27,Badulla,20.2,21.7
2017-01-27,Dambulla,20.9,23.5
2017-01-27,Nuwara Eliya,13.6,15.6
2017-01-28,Anuradhapura,13.4,24.7
2017-01-28,Badulla,83.2,21.3
2017-01-28,Dambulla,4.1,24.0
2017-01-28,Nuwara Eliya,10.6,15.3
2017-01-29,Anuradhapura,0.8,25.4
2017-01-29,Badulla,5.7,21.5
2017-01-29,Dambulla,1.3,24.6
2017-01-29,Nuwara Eliya,1.3,15.4
2017-01-30,Anuradhapura,2.9,25.3
2017-01-30,Badulla,10.8,21.4
2017-01-30,Dambulla,1.9,24.4
2017-01-30,Nuwara Eliya,4.1,15.0
2017-01-31,Anuradhapura,0.0,24.7
2017-01-31,Badulla,0.1,21.0
2017-01-31,Dambulla,0.3,23.7
2017-01-31,Nuwara Eliya,1.2,15.0
2017-02-01,Anuradhapura,0.0,24.2
2017-02-01,Badulla,0.0,19.3
2017-02-01,Dambulla,0.0,22.9
2017-02-01,Nuwara Eliya,0.0,14.5
2017-02-02,Anuradhapura,0.1,24.1
2017-02-02,Badulla,0.3,20.0
2017-02-02,Dambulla,0.2,22.7
2017-02-02,Nuwara Eliya,0.0,13.8
2017-02-03,Anuradhapura,0.0,23.4
2017-02-03,Badulla,0.4,19.6
2017-02-03,Dambulla,0.0,22.6
2017-02-03,Nuwara Eliya,0.0,12.9
2017-02-04,Anuradhapura,0.0,23.8
2017-02-04,Badulla,0.0,19.2
2017-02-04,Dambulla,0.1,23.1
2017-02-04,Nuwara Eliya,0.0,13.5
2017-02-05,Anuradhapura,0.0,24.1
2017-02-05,Badulla,0.0,19.6
2017-02-05,Dambulla,0.0,23.2
2017-02-05,Nuwara Eliya,0.1,14.3
2017-02-06,Anuradhapura,0.0,24.1
2017-02-06,Badulla,1.2,20.7
2017-02-06,Dambulla,0.0,23.9
2017-02-06,Nuwara Eliya,2.1,14.7
2017-02-07,Anuradhapura,0.0,23.8
2017-02-07,Badulla,0.2,21.5
2017-02-07,Dambulla,0.0,24.0
2017-02-07,Nuwara Eliya,1.3,14.7
2017-02-08,Anuradhapura,0.0,23.4
2017-02-08,Badulla,0.4,21.1
2017-02-08,Dambulla,0.0,23.6
2017-02-08,Nuwara Eliya,1.9,15.0
2017-02-09,Anuradhapura,0.0,23.3
2017-02-09,Badulla,0.4,20.0
2017-02-09,Dambulla,0.0,23.0
2017-02-09,Nuwara Eliya,2.5,16.0
2017-02-10,Anuradhapura,0.0,24.1
2017-02-10,Badulla,0.1,20.1
2017-02-10,Dambulla,0.0,23.9
2017-02-10,Nuwara Eliya,2.1,15.8
2017-02-11,Anuradhapura,0.0,24.4
2017-02-11,Badulla,0.0,20.4
2017-02-11,Dambulla,0.0,24.1
2017-02-11,Nuwara Eliya,0.9,15.5
2017-02-12,Anuradhapura,0.0,24.7
2017-02-12,Badulla,0.0,20.0
2017-02-12,Dambulla,0.1,24.0
2017-02-12,Nuwara Eliya,0.3,13.7
2017-02-13,Anuradhapura,0.2,25.1
2017-02-13,Badulla,2.9,20.6
2017-02-13,Dambulla,1.7,24.5
2017-02-13,Nuwara Eliya,0.0,13.2
2017-02-14,Anuradhapura,3.2,25.4
2017-02-14,Badulla,22.1,21.3
2017-02-14,Dambulla,2.0,24.3
2017-02-14,Nuwara Eliya,4.5,15.0
2017-02-15,Anuradhapura,2.9,25.3
2017-02-15,Badulla,9.5,21.1
2017-02-15,Dambulla,2.7,24.0
2017-02-15,Nuwara Eliya,2.6,14.2
2017-02-16,Anuradhapura,0.0,25.6
2017-02-16,Badulla,6.2,20.8
2017-02-16,Dambulla,0.4,24.8
2017-02-16,Nuwara Eliya,0.1,13.6
2017-02-17,Anuradhapura,0.4,25.3
2017-02-17,Badulla,2.8,20.7
2017-02-17,Dambulla,0.0,24.6
2017-02-17,Nuwara Eliya,0.0,13.4
2017-02-18,Anuradhapura,0.4,24.9
2017-02-18,Badulla,7.4,20.6
2017-02-18,Dambulla,2.2,24.0
2017-02-18,Nuwara Eliya,3.0,13.9
2017-02-19,Anuradhapura,0.8,25.7
2017-02-19,Badulla,11.3,20.7
2017-02-19,Dambulla,4.4,24.1
2017-02-19,Nuwara Eliya,16.9,15.0
2017-02-20,Anuradhapura,0.1,26.6
2017-02-20,Badulla,9.4,21.4
2017-02-20,Dambulla,0.0,26.2
2017-02-20,Nuwara Eliya,6.2,15.2
2017-02-21,Anuradhapura,0.0,26.5
2017-02-21,Badulla,0.0,21.9
2017-02-21,Dambulla,0.0,26.4
2017-02-21,Nuwara Eliya,0.2,15.0
2017-02-22,Anuradhapura,0.0,26.3
2017-02-22,Badulla,1.0,21.9
2017-02-22,Dambulla,0.0,25.9
2017-02-22,Nuwara Eliya,1.8,15.6
2017-02-23,Anuradhapura,0.0,26.5
2017-02-23,Badulla,1.9,22.1
2017-02-23,Dambulla,0.4,25.9
2017-02-23,Nuwara Eliya,0.3,15.1
2017-02-24,Anuradhapura,0.0,27.0
2017-02-24,Badulla,2.2,22.2
2017-02-24,Dambulla,0.0,26.1
2017-02-24,Nuwara Eliya,0.7,15.5
2017-02-25,Anuradhapura,2.0,26.7
2017-02-25,Badulla,9.1,21.3
2017-02-25,Dambulla,2.7,25.8
2017-02-25,Nuwara Eliya,4.5,15.5
2017-02-26,Anuradhapura,0.0,26.6
2017-02-26,Badulla,7.0,21.3
2017-02-26,Dambulla,1.9,25.1
2017-02-26,Nuwara Eliya,3.3,15.1
2017-02-27,Anuradhapura,4.3,25.2
2017-02-27,Badulla,5.2,21.4
2017-02-27,Dambulla,1.4,24.3
2017-02-27,Nuwara Eliya,4.3,14.4
2017-02-28,Anuradhapura,14.8,25.3
2017-02-28,Badulla,17.4,21.3
2017-02-28,Dambulla,9.0,23.4
2017-02-28,Nuwara Eliya,11.8,15.1
2017-03-01,Anuradhapura,0.4,26.0
2017-03-01,Badulla,15.8,20.9
2017-03-01,Dambulla,1.3,23.9
2017-03-01,Nuwara Eliya,8.4,14.5
2017-03-02,Anuradhapura,10.8,25.0
2017-03-02,Badulla,5.8,20.7
2017-03-02,Dambulla,26.4,23.5
2017-03-02,Nuwara Eliya,6.4,14.7
2017-03-03,Anuradhapura,14.6,25.7
2017-03-03,Badulla,4.3,22.7
2017-03-03,Dambulla,6.6,25.0
2017-03-03,Nuwara Eliya,3.6,16.1
2017-03-04,Anuradhapura,17.0,25.8
2017-03-04,Badulla,24.8,21.5
2017-03-04,Dambulla,9.6,25.0
2017-03-04,Nuwara Eliya,7.0,15.4
2017-03-05,Anuradhapura,0.1,27.4
2017-03-05,Badulla,0.1,22.5
2017-03-05,Dambulla,0.1,27.0
2017-03-05,Nuwara Eliya,0.3,15.8
2017-03-06,Anuradhapura,13.2,27.5
2017-03-06,Badulla,10.4,22.9
2017-03-06,Dambulla,16.3,26.7
2017-03-06,Nuwara Eliya,0.5,16.5
2017-03-07,Anuradhapura,13.6,26.3
2017-03-07,Badulla,8.7,22.4
2017-03-07,Dambulla,10.9,25.4
2017-03-07,Nuwara Eliya,5.5,16.3
2017-03-08,Anuradhapura,0.5,27.0
2017-03-08,Badulla,0.4,23.3
2017-03-08,Dambulla,0.6,26.3
2017-03-08,Nuwara Eliya,1.4,16.6
2017-03-09,Anuradhapura,11.5,27.1
2017-03-09,Badulla,1.9,22.2
2017-03-09,Dambulla,2.8,26.0
2017-03-09,Nuwara Eliya,3.0,16.3
2017-03-10,Anuradhapura,5.4,26.3
2017-03-10,Badulla,2.0,22.5
2017-03-10,Dambulla,13.5,25.5
2017-03-10,Nuwara Eliya,3.3,16.7
2017-03-11,Anuradhapura,2.4,26.2
2017-03-11,Badulla,10.1,21.9
2017-03-11,Dambulla,6.9,25.1
2017-03-11,Nuwara Eliya,6.5,16.0
2017-03-12,Anuradhapura,11.3,26.4
2017-03-12,Badulla,9.1,22.5
2017-03-12,Dambulla,11.9,26.2
2017-03-12,Nuwara Eliya,0.9,15.8
2017-03-13,Anuradhapura,9.9,26.0
2017-03-13,Badulla,10.7,22.2
2017-03-13,Dambulla,12.4,25.4
2017-03-13,Nuwara Eliya,5.2,16.4
2017-03-14,Anuradhapura,3.8,26.5
2017-03-14,Badulla,6.5,22.4
2017-03-14,Dambulla,1.9,25.5
2017-03-14,Nuwara Eliya,1.3,16.2
2017-03-15,Anuradhapura,4.1,26.4
2017-03-15,Badulla,1.6,21.9
2017-03-15,Dambulla,1.7,25.3
2017-03-15,Nuwara Eliya,2.6,15.6
2017-03-16,Anuradhapura,1.2,26.4
2017-03-16,Badulla,0.8,22.4
2017-03-16,Dambulla,0.6,25.8
2017-03-16,Nuwara Eliya,1.5,15.5
2017-03-17,Anuradhapura,0.0,26.9
2017-03-17,Badulla,0.0,22.5
2017-03-17,Dambulla,0.0,25.9
2017-03-17,Nuwara Eliya,0.0,15.6
2017-03-18,Anuradhapura,0.0,27.1
2017-03-18,Badulla,0.0,21.9
2017-03-18,Dambulla,0.0,26.1
2017-03-18,Nuwara Eliya,0.0,15.9
2017-03-19,Anuradhapura,0.1,27.8
2017-03-19,Badulla,0.0,22.7
2017-03-19,Dambulla,2.1,27.0
2017-03-19,Nuwara Eliya,0.0,17.1
2017-03-20,Anuradhapura,0.2,27.8
2017-03-20,Badulla,0.0,23.5
2017-03-20,Dambulla,0.1,27.2
2017-03-20,Nuwara Eliya,0.0,17.2
2017-03-21,Anuradhapura,0.0,27.9
2017-03-21,Badulla,0.5,22.5
2017-03-21,Dambulla,0.0,27.4
2017-03-21,Nuwara Eliya,0.0,16.1
2017-03-22,Anuradhapura,0.0,27.4
2017-03-22,Badulla,0.0,21.8
2017-03-22,Dambulla,0.0,26.6
2017-03-22,Nuwara Eliya,0.0,14.5
2017-03-23,Anuradhapura,0.0,27.0
2017-03-23,Badulla,0.0,21.5
2017-03-23,Dambulla,0.0,26.1
2017-03-23,Nuwara Eliya,0.0,14.9
2017-03-24,Anuradhapura,0.0,26.8
2017-03-24,Badulla,0.0,21.5
2017-03-24,Dambulla,0.0,26.0
2017-03-24,Nuwara Eliya,0.2,15.5
2017-03-25,Anuradhapura,0.0,26.5
2017-03-25,Badulla,0.1,22.0
2017-03-25,Dambulla,0.0,26.7
2017-03-25,Nuwara Eliya,0.5,15.9
2017-03-26,Anuradhapura,0.0,26.4
2017-03-26,Badulla,0.0,21.9
2017-03-26,Dambulla,0.0,26.2
2017-03-26,Nuwara Eliya,0.8,15.3
2017-03-27,Anuradhapura,0.5,27.1
2017-03-27,Badulla,1.2,21.9
2017-03-27,Dambulla,0.2,26.6
2017-03-27,Nuwara Eliya,5.5,15.8
2017-03-28,Anuradhapura,3.9,27.2
2017-03-28,Badulla,5.6,22.1
2017-03-28,Dambulla,2.5,26.3
2017-03-28,Nuwara Eliya,2.9,16.2
2017-03-29,Anuradhapura,7.1,27.3
2017-03-29,Badulla,12.8,22.6
2017-03-29,Dambulla,8.7,26.3
2017-03-29,Nuwara Eliya,2.0,16.4
2017-03-30,Anuradhapura,1.9,28.0
2017-03-30,Badulla,5.3,23.1
2017-03-30,Dambulla,1.7,27.0
2017-03-30,Nuwara Eliya,2.8,17.0
2017-03-31,Anuradhapura,1.1,28.6
2017-03-31,Badulla,1.7,23.9
2017-03-31,Dambulla,3.3,27.5
2017-03-31,Nuwara Eliya,0.2,17.2
2017-04-01,Anuradhapura,1.4,28.9
2017-04-01,Badulla,1.9,24.2
2017-04-01,Dambulla,1.1,28.2
2017-04-01,Nuwara Eliya,1.8,16.9
2017-04-02,Anuradhapura,3.5,27.9
2017-04-02,Badulla,9.2,23.0
2017-04-02,Dambulla,2.7,27.2
2017-04-02,Nuwara Eliya,5.8,16.5
2017-04-03,Anuradhapura,3.2,27.8
2017-04-03,Badulla,8.7,22.5
2017-04-03,Dambulla,6.8,26.8
2017-04-03,Nuwara Eliya,12.4,16.3
2017-04-04,Anuradhapura,4.1,27.7
2017-04-04,Badulla,4.8,22.8
2017-04-04,Dambulla,5.1,26.7
2017-04-04,Nuwara Eliya,14.1,16.3
2017-04-05,Anuradhapura,0.3,28.5
2017-04-05,Badulla,0.2,23.9
2017-04-05,Dambulla,0.3,28.0
2017-04-05,Nuwara Eliya,1.5,16.4
2017-04-06,Anuradhapura,0.0,29.4
2017-04-06,Badulla,0.0,23.6
2017-04-06,Dambulla,0.4,28.8
2017-04-06,Nuwara Eliya,0.2,16.5
2017-04-07,Anuradhapura,0.1,29.7
2017-04-07,Badulla,0.0,23.6
2017-04-07,Dambulla,0.0,29.2
2017-04-07,Nuwara Eliya,0.0,16.2
2017-04-08,Anuradhapura,0.0,29.6
2017-04-08,Badulla,0.0,23.9
2017-04-08,Dambulla,0.0,29.0
2017-04-08,Nuwara Eliya,0.0,16.6
2017-04-09,Anuradhapura,1.0,29.6
2017-04-09,Badulla,0.3,23.5
2017-04-09,Dambulla,0.5,29.2
2017-04-09,Nuwara Eliya,1.5,17.4
2017-04-10,Anuradhapura,0.1,29.3
2017-04-10,Badulla,0.0,24.0
2017-04-10,Dambulla,0.0,28.3
2017-04-10,Nuwara Eliya,1.7,16.9
2017-04-11,Anuradhapura,8.2,28.2
2017-04-11,Badulla,10.6,23.8
2017-04-11,Dambulla,12.5,27.3
2017-04-11,Nuwara Eliya,7.4,16.9
2017-04-12,Anuradhapura,4.5,28.4
2017-04-12,Badulla,5.3,23.3
2017-04-12,Dambulla,6.2,27.1
2017-04-12,Nuwara Eliya,4.4,16.8
2017-04-13,Anuradhapura,4.2,27.9
2017-04-13,Badulla,19.7,23.0
2017-04-13,Dambulla,9.1,26.3
2017-04-13,Nuwara Eliya,2.9,16.5
2017-04-14,Anuradhapura,5.5,28.2
2017-04-14,Badulla,0.0,23.9
2017-04-14,Dambulla,2.1,27.1
2017-04-14,Nuwara Eliya,0.1,16.7
2017-04-15,Anuradhapura,0.0,29.6
2017-04-15,Badulla,0.0,23.6
2017-04-15,Dambulla,0.1,28.2
2017-04-15,Nuwara Eliya,0.0,16.5
2017-04-16,Anuradhapura,0.0,29.7
2017-04-16,Badulla,0.0,24.2
2017-04-16,Dambulla,0.0,29.0
2017-04-16,Nuwara Eliya,0.0,17.1
2017-04-17,Anuradhapura,0.0,29.7
2017-04-17,Badulla,0.0,24.1
2017-04-17,Dambulla,0.0,29.1
2017-04-17,Nuwara Eliya,0.0,17.4
2017-04-18,Anuradhapura,0.0,29.8
2017-04-18,Badulla,0.0,24.6
2017-04-18,Dambulla,0.0,29.1
2017-04-18,Nuwara Eliya,0.0,19.2
2017-04-19,Anuradhapura,0.0,29.6
2017-04-19,Badulla,0.0,24.8
2017-04-19,Dambulla,0.0,29.2
2017-04-19,Nuwara Eliya,0.0,18.9
2017-04-20,Anuradhapura,0.0,29.2
2017-04-20,Badulla,0.0,24.6
2017-04-20,Dambulla,0.0,28.7
2017-04-20,Nuwara Eliya,0.0,17.6
2017-04-21,Anuradhapura,0.0,29.2
2017-04-21,Badulla,0.0,24.4
2017-04-21,Dambulla,0.9,28.3
2017-04-21,Nuwara Eliya,0.0,16.3
2017-04-22,Anuradhapura,0.5,29.0
2017-04-22,Badulla,0.0,24.3
2017-04-22,Dambulla,0.7,28.4
2017-04-22,Nuwara Eliya,0.1,17.2
2017-04-23,Anuradhapura,0.3,29.5
2017-04-23,Badulla,0.0,24.7
2017-04-23,Dambulla,1.3,28.8
2017-04-23,Nuwara Eliya,0.0,17.7
2017-04-24,Anuradhapura,1.9,29.3
2017-04-24,Badulla,0.8,24.9
2017-04-24,Dambulla,1.7,28.3
2017-04-24,Nuwara Eliya,0.6,17.9
2017-04-25,Anuradhapura,0.4,29.2
2017-04-25,Badulla,0.0,25.3
2017-04-25,Dambulla,0.6,28.6
2017-04-25,Nuwara Eliya,0.3,18.1
2017-04-26,Anuradhapura,0.0,29.9
2017-04-26,Badulla,0.0,25.3
2017-04-26,Dambulla,0.6,29.0
2017-04-26,Nuwara Eliya,1.2,18.0
2017-04-27,Anuradhapura,0.0,29.9
2017-04-27,Badulla,0.0,26.1
2017-04-27,Dambulla,0.4,29.6
2017-04-27,Nuwara Eliya,0.2,18.5
2017-04-28,Anuradhapura,0.0,30.2
2017-04-28,Badulla,0.0,25.9
2017-04-28,Dambulla,0.0,29.9
2017-04-28,Nuwara Eliya,0.0,17.9
2017-04-29,Anuradhapura,3.2,30.3
2017-04-29,Badulla,0.0,25.3
2017-04-29,Dambulla,0.1,29.9
2017-04-29,Nuwara Eliya,0.0,18.3
2017-04-30,Anuradhapura,0.2,30.3
2017-04-30,Badulla,0.3,25.0
2017-04-30,Dambulla,0.2,29.5
2017-04-30,Nuwara Eliya,0.4,18.1
2017-05-01,Anuradhapura,1.4,29.3
2017-05-01,Badulla,0.8,24.7
2017-05-01,Dambulla,0.3,28.9
2017-05-01,Nuwara Eliya,1.3,17.7
2017-05-02,Anuradhapura,1.8,28.9
2017-05-02,Badulla,0.6,24.5
2017-05-02,Dambulla,1.2,28.5
2017-05-02,Nuwara Eliya,3.1,17.1
2017-05-03,Anuradhapura,1.3,28.6
2017-05-03,Badulla,0.0,24.8
2017-05-03,Dambulla,0.1,28.8
2017-05-03,Nuwara Eliya,0.1,17.6
2017-05-04,Anuradhapura,0.6,29.2
2017-05-04,Badulla,3.8,24.9
2017-05-04,Dambulla,4.1,28.5
2017-05-04,Nuwara Eliya,4.3,17.5
2017-05-05,Anuradhapura,1.6,29.3
2017-05-05,Badulla,6.6,24.6
2017-05-05,Dambulla,1.8,28.7
2017-05-05,Nuwara Eliya,3.9,18.0
2017-05-06,Anuradhapura,17.7,27.7
2017-05-06,Badulla,8.1,23.6
2017-05-06,Dambulla,13.1,27.1
2017-05-06,Nuwara Eliya,8.2,17.4
2017-05-07,Anuradhapura,10.0,27.7
2017-05-07,Badulla,27.8,23.3
2017-05-07,Dambulla,16.0,26.5
2017-05-07,Nuwara Eliya,3.3,17.5
2017-05-08,Anuradhapura,5.2,27.9
2017-05-08,Badulla,13.7,23.4
2017-05-08,Dambulla,1.8,26.9
2017-05-08,Nuwara Eliya,2.0,17.7
2017-05-09,Anuradhapura,0.8,28.6
2017-05-09,Badulla,6.2,23.5
2017-05-09,Dambulla,1.7,27.5
2017-05-09,Nuwara Eliya,1.9,17.3
2017-05-10,Anuradhapura,1.0,28.5
2017-05-10,Badulla,0.6,24.3
2017-05-10,Dambulla,3.6,27.8
2017-05-10,Nuwara Eliya,0.9,17.5
2017-05-11,Anuradhapura,7.2,28.0
2017-05-11,Badulla,2.1,24.0
2017-05-11,Dambulla,6.5,27.2
2017-05-11,Nuwara Eliya,7.2,17.3
2017-05-12,Anuradhapura,7.5,27.9
2017-05-12,Badulla,20.5,24.0
2017-05-12,Dambulla,7.6,26.8
2017-05-12,Nuwara Eliya,3.3,17.6
2017-05-13,Anuradhapura,1.3,28.6
2017-05-13,Badulla,0.6,24.2
2017-05-13,Dambulla,0.6,27.1
2017-05-13,Nuwara Eliya,4.6,17.5
2017-05-14,Anuradhapura,0.9,28.6
2017-05-14,Badulla,0.8,24.6
2017-05-14,Dambulla,1.0,27.3
2017-05-14,Nuwara Eliya,1.8,17.3
2017-05-15,Anuradhapura,0.7,28.7
2017-05-15,Badulla,0.0,26.0
2017-05-15,Dambulla,0.0,27.2
2017-05-15,Nuwara Eliya,0.0,17.2
2017-05-16,Anuradhapura,0.8,29.1
2017-05-16,Badulla,0.0,25.9
2017-05-16,Dambulla,0.4,28.0
2017-05-16,Nuwara Eliya,0.8,18.0
2017-05-17,Anuradhapura,1.8,29.3
2017-05-17,Badulla,0.0,26.0
2017-05-17,Dambulla,0.0,28.2
2017-05-17,Nuwara Eliya,0.8,18.0
2017-05-18,Anuradhapura,1.4,28.2
2017-05-18,Badulla,1.7,26.0
2017-05-18,Dambulla,0.7,26.9
2017-05-18,Nuwara Eliya,9.0,17.2
2017-05-19,Anuradhapura,0.0,29.2
2017-05-19,Badulla,1.0,26.3
2017-05-19,Dambulla,0.0,27.8
2017-05-19,Nuwara Eliya,7.9,17.3
2017-05-20,Anuradhapura,1.2,28.8
2017-05-20,Badulla,2.2,26.6
2017-05-20,Dambulla,0.0,27.6
2017-05-20,Nuwara Eliya,1.5,17.6
2017-05-21,Anuradhapura,0.7,29.0
2017-05-21,Badulla,1.4,25.6
2017-05-21,Dambulla,0.1,27.8
2017-05-21,Nuwara Eliya,10.0,17.6
2017-05-22,Anuradhapura,2.3,28.0
2017-05-22,Badulla,0.0,25.4
2017-05-22,Dambulla,1.4,27.1
2017-05-22,Nuwara Eliya,4.2,17.2
2017-05-23,Anuradhapura,0.7,28.1
2017-05-23,Badulla,4.5,25.0
2017-05-23,Dambulla,0.5,27.1
2017-05-23,Nuwara Eliya,7.2,17.1
2017-05-24,Anuradhapura,3.9,28.1
2017-05-24,Badulla,0.4,26.0
2017-05-24,Dambulla,0.0,27.1
2017-05-24,Nuwara Eliya,2.9,16.9
2017-05-25,Anuradhapura,0.8,27.6
2017-05-25,Badulla,0.4,26.4
2017-05-25,Dambulla,0.0,26.5
2017-05-25,Nuwara Eliya,2.0,17.0
2017-05-26,Anuradhapura,0.1,27.5
2017-05-26,Badulla,0.0,26.8
2017-05-26,Dambulla,0.0,26.1
2017-05-26,Nuwara Eliya,6.4,16.8
2017-05-27,Anuradhapura,0.0,28.6
2017-05-27,Badulla,0.0,27.3
2017-05-27,Dambulla,0.0,27.0
2017-05-27,Nuwara Eliya,0.2,16.9
2017-05-28,Anuradhapura,0.0,29.1
2017-05-28,Badulla,0.4,27.7
2017-05-28,Dambulla,0.0,27.5
2017-05-28,Nuwara Eliya,1.2,17.1
2017-05-29,Anuradhapura,0.6,28.7
2017-05-29,Badulla,1.0,27.7
2017-05-29,Dambulla,1.8,26.3
2017-05-29,Nuwara Eliya,5.6,16.6
2017-05-30,Anuradhapura,0.7,27.4
2017-05-30,Badulla,1.1,26.8
2017-05-30,Dambulla,1.8,25.5
2017-05-30,Nuwara Eliya,10.4,15.8
2017-05-31,Anuradhapura,2.5,27.0
2017-05-31,Badulla,0.2,26.8
2017-05-31,Dambulla,0.1,25.8
2017-05-31,Nuwara Eliya,0.8,16.3
2017-06-01,Anuradhapura,1.1,28.3
2017-06-01,Badulla,1.1,25.9
2017-06-01,Dambulla,0.9,26.1
2017-06-01,Nuwara Eliya,1.2,16.0
2017-06-02,Anuradhapura,1.0,28.1
2017-06-02,Badulla,0.6,26.0
2017-06-02,Dambulla,0.4,26.1
2017-06-02,Nuwara Eliya,2.4,15.7
2017-06-03,Anuradhapura,0.3,27.7
2017-06-03,Badulla,0.7,25.8
2017-06-03,Dambulla,1.0,26.5
2017-06-03,Nuwara Eliya,1.0,15.7
2017-06-04,Anuradhapura,1.7,28.5
2017-06-04,Badulla,0.7,26.5
2017-06-04,Dambulla,0.3,26.9
2017-06-04,Nuwara Eliya,0.1,16.3
2017-06-05,Anuradhapura,0.9,28.4
2017-06-05,Badulla,1.0,26.8
2017-06-05,Dambulla,0.0,27.1
2017-06-05,Nuwara Eliya,0.1,16.7
2017-06-06,Anuradhapura,2.4,28.1
2017-06-06,Badulla,5.6,26.7
2017-06-06,Dambulla,0.5,27.1
2017-06-06,Nuwara Eliya,0.2,16.5
2017-06-07,Anuradhapura,0.7,27.8
2017-06-07,Badulla,6.6,26.3
2017-06-07,Dambulla,0.3,26.3
2017-06-07,Nuwara Eliya,0.6,16.3
2017-06-08,Anuradhapura,0.4,28.8
2017-06-08,Badulla,0.3,26.5
2017-06-08,Dambulla,0.4,27.6
2017-06-08,Nuwara Eliya,0.0,16.3
2017-06-09,Anuradhapura,0.7,28.3
2017-06-09,Badulla,0.0,26.7
2017-06-09,Dambulla,2.7,27.2
2017-06-09,Nuwara Eliya,0.0,16.4
2017-06-10,Anuradhapura,0.5,28.4
2017-06-10,Badulla,0.0,25.9
2017-06-10,Dambulla,1.9,26.3
2017-06-10,Nuwara Eliya,0.0,16.0
2017-06-11,Anuradhapura,0.7,28.4
2017-06-11,Badulla,0.6,26.5
2017-06-11,Dambulla,1.2,26.5
2017-06-11,Nuwara Eliya,1.0,16.2
2017-06-12,Anuradhapura,0.1,28.8
2017-06-12,Badulla,0.9,26.4
2017-06-12,Dambulla,0.0,27.7
2017-06-12,Nuwara Eliya,0.0,16.4
2017-06-13,Anuradhapura,0.0,28.5
2017-06-13,Badulla,0.5,26.9
2017-06-13,Dambulla,0.0,27.7
2017-06-13,Nuwara Eliya,0.0,17.3
2017-06-14,Anuradhapura,1.6,28.0
2017-06-14,Badulla,1.5,26.3
2017-06-14,Dambulla,1.6,27.3
2017-06-14,Nuwara Eliya,3.3,17.3
2017-06-15,Anuradhapura,0.3,28.1
2017-06-15,Badulla,3.0,25.8
2017-06-15,Dambulla,1.9,27.2
2017-06-15,Nuwara Eliya,1.5,17.1
2017-06-16,Anuradhapura,0.9,27.6
2017-06-16,Badulla,0.9,25.9
2017-06-16,Dambulla,1.2,26.9
2017-06-16,Nuwara Eliya,4.8,17.0
2017-06-17,Anuradhapura,1.4,28.4
2017-06-17,Badulla,2.8,25.7
2017-06-17,Dambulla,0.4,27.5
2017-06-17,Nuwara Eliya,0.8,16.8
2017-06-18,Anuradhapura,1.1,28.6
2017-06-18,Badulla,5.0,26.0
2017-06-18,Dambulla,0.8,27.3
2017-06-18,Nuwara Eliya,0.4,16.8
2017-06-19,Anuradhapura,2.9,27.9
2017-06-19,Badulla,8.6,25.9
2017-06-19,Dambulla,1.1,26.6
2017-06-19,Nuwara Eliya,1.4,16.7
2017-06-20,Anuradhapura,1.7,27.9
2017-06-20,Badulla,3.6,25.4
2017-06-20,Dambulla,1.1,26.5
2017-06-20,Nuwara Eliya,1.3,16.7
2017-06-21,Anuradhapura,0.7,27.8
2017-06-21,Badulla,8.2,25.3
2017-06-21,Dambulla,1.7,26.9
2017-06-21,Nuwara Eliya,0.5,16.4
2017-06-22,Anuradhapura,1.3,28.4
2017-06-22,Badulla,0.1,25.9
2017-06-22,Dambulla,0.9,27.1
2017-06-22,Nuwara Eliya,0.0,16.6
2017-06-23,Anuradhapura,1.6,27.5
2017-06-23,Badulla,4.8,25.8
2017-06-23,Dambulla,0.6,26.4
2017-06-23,Nuwara Eliya,0.5,16.3
2017-06-24,Anuradhapura,10.5,26.5
2017-06-24,Badulla,0.9,25.1
2017-06-24,Dambulla,1.8,24.7
2017-06-24,Nuwara Eliya,7.0,15.3
2017-06-25,Anuradhapura,2.1,26.8
2017-06-25,Badulla,0.7,25.2
2017-06-25,Dambulla,1.7,25.0
2017-06-25,Nuwara Eliya,13.4,15.1
2017-06-26,Anuradhapura,2.6,26.8
2017-06-26,Badulla,0.0,25.7
2017-06-26,Dambulla,0.4,25.7
2017-06-26,Nuwara Eliya,1.4,15.5
2017-06-27,Anuradhapura,2.9,27.0
2017-06-27,Badulla,0.4,25.9
2017-06-27,Dambulla,6.4,24.9
2017-06-27,Nuwara Eliya,5.0,15.3
2017-06-28,Anuradhapura,2.0,27.8
2017-06-28,Badulla,0.0,26.1
2017-06-28,Dambulla,1.4,26.1
2017-06-28,Nuwara Eliya,0.7,15.3
2017-06-29,Anuradhapura,1.7,28.1
2017-06-29,Badulla,0.0,26.4
2017-06-29,Dambulla,1.1,27.6
2017-06-29,Nuwara Eliya,0.0,16.0
2017-06-30,Anuradhapura,0.4,28.5
2017-06-30,Badulla,0.9,26.3
2017-06-30,Dambulla,0.1,27.6
2017-06-30,Nuwara Eliya,0.0,16.1
2017-07-01,Anuradhapura,3.0,28.4
2017-07-01,Badulla,3.1,26.4
2017-07-01,Dambulla,0.9,27.4
2017-07-01,Nuwara Eliya,0.1,16.5
2017-07-02,Anuradhapura,1.1,28.6
2017-07-02,Badulla,1.9,25.9
2017-07-02,Dambulla,0.0,27.4
2017-07-02,Nuwara Eliya,0.7,16.4
2017-07-03,Anuradhapura,0.8,29.0
2017-07-03,Badulla,1.6,26.5
2017-07-03,Dambulla,0.0,27.6
2017-07-03,Nuwara Eliya,0.2,16.4
2017-07-04,Anuradhapura,1.8,29.1
2017-07-04,Badulla,3.6,26.4
2017-07-04,Dambulla,1.6,28.1
2017-07-04,Nuwara Eliya,0.5,16.6
2017-07-05,Anuradhapura,0.3,29.0
2017-07-05,Badulla,0.0,26.3
2017-07-05,Dambulla,0.0,28.1
2017-07-05,Nuwara Eliya,0.0,16.0
2017-07-06,Anuradhapura,0.6,29.1
2017-07-06,Badulla,1.0,26.8
2017-07-06,Dambulla,0.5,27.8
2017-07-06,Nuwara Eliya,0.0,16.2
2017-07-07,Anuradhapura,0.8,28.4
2017-07-07,Badulla,2.8,26.4
2017-07-07,Dambulla,2.1,26.9
2017-07-07,Nuwara Eliya,0.0,16.2
2017-07-08,Anuradhapura,1.5,28.1
2017-07-08,Badulla,8.0,26.1
2017-07-08,Dambulla,0.8,26.7
2017-07-08,Nuwara Eliya,0.0,16.0
2017-07-09,Anuradhapura,2.3,27.3
2017-07-09,Badulla,16.0,24.5
2017-07-09,Dambulla,2.2,25.5
2017-07-09,Nuwara Eliya,3.6,15.8
2017-07-10,Anuradhapura,0.4,27.7
2017-07-10,Badulla,1.0,25.2
2017-07-10,Dambulla,0.6,26.1
2017-07-10,Nuwara Eliya,0.9,15.2
2017-07-11,Anuradhapura,0.6,28.2
2017-07-11,Badulla,0.3,25.5
2017-07-11,Dambulla,2.9,26.5
2017-07-11,Nuwara Eliya,0.9,15.5
2017-07-12,Anuradhapura,3.4,28.1
2017-07-12,Badulla,0.5,25.7
2017-07-12,Dambulla,1.1,27.4
2017-07-12,Nuwara Eliya,0.3,16.8
2017-07-13,Anuradhapura,0.2,28.3
2017-07-13,Badulla,0.0,25.9
2017-07-13,Dambulla,0.0,27.3
2017-07-13,Nuwara Eliya,0.0,16.3
2017-07-14,Anuradhapura,0.0,28.2
2017-07-14,Badulla,0.6,25.5
2017-07-14,Dambulla,1.0,27.0
2017-07-14,Nuwara Eliya,0.1,15.6
2017-07-15,Anuradhapura,0.2,28.2
2017-07-15,Badulla,0.2,25.8
2017-07-15,Dambulla,0.2,26.9
2017-07-15,Nuwara Eliya,0.0,15.8
2017-07-16,Anuradhapura,0.3,28.2
2017-07-16,Badulla,0.0,26.2
2017-07-16,Dambulla,0.7,26.9
2017-07-16,Nuwara Eliya,0.0,16.0
2017-07-17,Anuradhapura,0.4,28.2
2017-07-17,Badulla,0.0,26.4
2017-07-17,Dambulla,0.1,27.1
2017-07-17,Nuwara Eliya,0.0,16.0
2017-07-18,Anuradhapura,1.3,28.0
2017-07-18,Badulla,0.0,25.9
2017-07-18,Dambulla,0.5,26.9
2017-07-18,Nuwara Eliya,0.0,16.0
2017-07-19,Anuradhapura,1.4,28.0
2017-07-19,Badulla,0.4,26.4
2017-07-19,Dambulla,0.8,26.8
2017-07-19,Nuwara Eliya,0.8,16.3
2017-07-20,Anuradhapura,0.0,28.5
2017-07-20,Badulla,0.0,26.9
2017-07-20,Dambulla,0.1,27.6
2017-07-20,Nuwara Eliya,0.0,16.6
2017-07-21,Anuradhapura,0.2,28.3
2017-07-21,Badulla,0.1,26.8
2017-07-21,Dambulla,0.0,27.4
2017-07-21,Nuwara Eliya,0.2,16.4
2017-07-22,Anuradhapura,0.0,29.2
2017-07-22,Badulla,0.2,27.6
2017-07-22,Dambulla,0.2,27.6
2017-07-22,Nuwara Eliya,0.0,16.9
2017-07-23,Anuradhapura,0.3,28.9
2017-07-23,Badulla,0.5,27.3
2017-07-23,Dambulla,0.3,27.9
2017-07-23,Nuwara Eliya,0.1,16.8
2017-07-24,Anuradhapura,0.3,29.4
2017-07-24,Badulla,1.9,27.0
2017-07-24,Dambulla,0.0,27.9
2017-07-24,Nuwara Eliya,0.0,16.8
2017-07-25,Anuradhapura,0.4,30.1
2017-07-25,Badulla,0.4,27.0
2017-07-25,Dambulla,0.0,28.9
2017-07-25,Nuwara Eliya,0.6,17.8
2017-07-26,Anuradhapura,1.1,29.8
2017-07-26,Badulla,1.0,27.1
2017-07-26,Dambulla,0.1,28.4
2017-07-26,Nuwara Eliya,0.3,17.5
2017-07-27,Anuradhapura,1.6,29.2
2017-07-27,Badulla,1.3,26.4
2017-07-27,Dambulla,0.7,27.7
2017-07-27,Nuwara Eliya,0.9,16.4
2017-07-28,Anuradhapura,1.6,28.8
2017-07-28,Badulla,0.6,26.9
2017-07-28,Dambulla,0.9,27.5
2017-07-28,Nuwara Eliya,0.1,16.2
2017-07-29,Anuradhapura,8.0,28.3
2017-07-29,Badulla,2.4,26.0
2017-07-29,Dambulla,4.4,27.0
2017-07-29,Nuwara Eliya,2.5,17.1
2017-07-30,Anuradhapura,9.1,27.9
2017-07-30,Badulla,4.9,26.4
2017-07-30,Dambulla,2.0,27.2
2017-07-30,Nuwara Eliya,2.9,16.2
2017-07-31,Anuradhapura,6.6,27.5
2017-07-31,Badulla,13.5,25.7
2017-07-31,Dambulla,0.7,26.6
2017-07-31,Nuwara Eliya,0.8,16.5
2017-08-01,Anuradhapura,1.0,28.0
2017-08-01,Badulla,4.5,26.0
2017-08-01,Dambulla,0.9,26.7
2017-08-01,Nuwara Eliya,0.2,16.5
2017-08-02,Anuradhapura,3.6,27.7
2017-08-02,Badulla,22.6,25.6
2017-08-02,Dambulla,0.6,26.5
2017-08-02,Nuwara Eliya,0.3,16.2
2017-08-03,Anuradhapura,0.5,28.1
2017-08-03,Badulla,0.3,26.1
2017-08-03,Dambulla,0.2,26.6
2017-08-03,Nuwara Eliya,0.9,15.8
2017-08-04,Anuradhapura,0.3,28.6
2017-08-04,Badulla,0.3,26.2
2017-08-04,Dambulla,1.5,26.8
2017-08-04,Nuwara Eliya,1.1,16.1
2017-08-05,Anuradhapura,0.1,28.4
2017-08-05,Badulla,0.0,26.4
2017-08-05,Dambulla,1.1,26.7
2017-08-05,Nuwara Eliya,0.7,16.1
2017-08-06,Anuradhapura,0.4,28.1
2017-08-06,Badulla,0.2,26.7
2017-08-06,Dambulla,0.0,26.1
2017-08-06,Nuwara Eliya,1.5,16.3
2017-08-07,Anuradhapura,2.8,27.4
2017-08-07,Badulla,17.5,25.5
2017-08-07,Dambulla,0.4,26.3
2017-08-07,Nuwara Eliya,3.4,16.0
2017-08-08,Anuradhapura,9.5,27.9
2017-08-08,Badulla,17.6,25.2
2017-08-08,Dambulla,3.1,26.9
2017-08-08,Nuwara Eliya,1.0,16.4
2017-08-09,Anuradhapura,1.9,27.8
2017-08-09,Badulla,4.8,24.6
2017-08-09,Dambulla,0.6,27.1
2017-08-09,Nuwara Eliya,2.0,16.6
2017-08-10,Anuradhapura,7.1,27.3
2017-08-10,Badulla,8.4,24.4
2017-08-10,Dambulla,4.2,26.6
2017-08-10,Nuwara Eliya,5.5,16.6
2017-08-11,Anuradhapura,0.5,27.5
2017-08-11,Badulla,0.3,24.3
2017-08-11,Dambulla,0.1,26.2
2017-08-11,Nuwara Eliya,0.6,16.6
2017-08-12,Anuradhapura,2.8,28.2
2017-08-12,Badulla,3.5,24.4
2017-08-12,Dambulla,3.2,27.3
2017-08-12,Nuwara Eliya,0.1,17.1
2017-08-13,Anuradhapura,3.5,28.0
2017-08-13,Badulla,0.3,24.4
2017-08-13,Dambulla,2.0,27.0
2017-08-13,Nuwara Eliya,0.8,16.7
2017-08-14,Anuradhapura,3.7,27.2
2017-08-14,Badulla,0.3,24.2
2017-08-14,Dambulla,0.4,26.4
2017-08-14,Nuwara Eliya,0.0,16.1
2017-08-15,Anuradhapura,1.2,27.1
2017-08-15,Badulla,0.0,24.4
2017-08-15,Dambulla,0.0,26.9
2017-08-15,Nuwara Eliya,0.0,17.1
2017-08-16,Anuradhapura,0.0,27.3
2017-08-16,Badulla,0.0,25.0
2017-08-16,Dambulla,0.0,26.7
2017-08-16,Nuwara Eliya,0.0,15.8
2017-08-17,Anuradhapura,0.1,27.6
2017-08-17,Badulla,0.7,25.6
2017-08-17,Dambulla,0.3,26.8
2017-08-17,Nuwara Eliya,0.1,16.2
2017-08-18,Anuradhapura,2.5,26.1
2017-08-18,Badulla,12.7,25.4
2017-08-18,Dambulla,2.2,24.6
2017-08-18,Nuwara Eliya,6.2,16.4
2017-08-19,Anuradhapura,1.3,27.4
2017-08-19,Badulla,4.3,24.5
2017-08-19,Dambulla,3.4,25.4
2017-08-19,Nuwara Eliya,5.7,15.3
2017-08-20,Anuradhapura,0.4,27.6
2017-08-20,Badulla,0.0,24.6
2017-08-20,Dambulla,1.9,26.2
2017-08-20,Nuwara Eliya,2.0,15.3
2017-08-21,Anuradhapura,4.9,27.6
2017-08-21,Badulla,0.3,25.0
2017-08-21,Dambulla,1.5,26.2
2017-08-21,Nuwara Eliya,2.7,15.0
2017-08-22,Anuradhapura,0.5,27.5
2017-08-22,Badulla,2.7,25.4
2017-08-22,Dambulla,0.0,26.0
2017-08-22,Nuwara Eliya,0.7,15.5
2017-08-23,Anuradhapura,7.0,27.5
2017-08-23,Badulla,1.1,24.8
2017-08-23,Dambulla,3.9,26.7
2017-08-23,Nuwara Eliya,0.5,16.0
2017-08-24,Anuradhapura,3.1,27.4
2017-08-24,Badulla,4.4,24.3
2017-08-24,Dambulla,2.5,27.0
2017-08-24,Nuwara Eliya,2.1,16.3
2017-08-25,Anuradhapura,1.6,28.4
2017-08-25,Badulla,0.5,25.4
2017-08-25,Dambulla,0.1,27.3
2017-08-25,Nuwara Eliya,0.0,16.2
2017-08-26,Anuradhapura,0.0,28.0
2017-08-26,Badulla,2.0,24.8
2017-08-26,Dambulla,0.0,27.2
2017-08-26,Nuwara Eliya,0.0,16.1
2017-08-27,Anuradhapura,0.3,27.9
2017-08-27,Badulla,0.0,25.0
2017-08-27,Dambulla,1.6,26.3
2017-08-27,Nuwara Eliya,1.9,15.6
2017-08-28,Anuradhapura,4.0,27.3
2017-08-28,Badulla,1.8,25.6
2017-08-28,Dambulla,3.7,25.4
2017-08-28,Nuwara Eliya,4.1,15.8
2017-08-29,Anuradhapura,0.8,27.3
2017-08-29,Badulla,0.2,25.8
2017-08-29,Dambulla,1.4,25.7
2017-08-29,Nuwara Eliya,2.8,15.4
2017-08-30,Anuradhapura,0.8,27.9
2017-08-30,Badulla,0.6,26.1
2017-08-30,Dambulla,1.2,27.1
2017-08-30,Nuwara Eliya,0.9,16.3
2017-08-31,Anuradhapura,17.4,28.0
2017-08-31,Badulla,0.7,25.3
2017-08-31,Dambulla,4.6,27.5
2017-08-31,Nuwara Eliya,11.1,16.7
2017-09-01,Anuradhapura,45.0,26.9
2017-09-01,Badulla,23.6,24.2
2017-09-01,Dambulla,38.5,26.2
2017-09-01,Nuwara Eliya,10.9,16.5
2017-09-02,Anuradhapura,30.0,26.8
2017-09-02,Badulla,0.6,23.8
2017-09-02,Dambulla,19.4,26.2
2017-09-02,Nuwara Eliya,3.4,16.6
2017-09-03,Anuradhapura,5.2,26.4
2017-09-03,Badulla,8.8,23.1
2017-09-03,Dambulla,0.7,25.3
2017-09-03,Nuwara Eliya,9.5,16.3
2017-09-04,Anuradhapura,1.7,27.1
2017-09-04,Badulla,3.0,23.7
2017-09-04,Dambulla,2.0,25.9
2017-09-04,Nuwara Eliya,1.8,16.4
2017-09-05,Anuradhapura,4.7,26.7
2017-09-05,Badulla,5.4,23.5
2017-09-05,Dambulla,1.7,25.7
2017-09-05,Nuwara Eliya,11.9,15.9
2017-09-06,Anuradhapura,9.4,26.5
2017-09-06,Badulla,3.5,23.7
2017-09-06,Dambulla,1.4,25.4
2017-09-06,Nuwara Eliya,5.3,16.0
2017-09-07,Anuradhapura,4.0,26.0
2017-09-07,Badulla,10.0,23.0
2017-09-07,Dambulla,0.7,25.3
2017-09-07,Nuwara Eliya,12.3,15.7
2017-09-08,Anuradhapura,3.9,25.1
2017-09-08,Badulla,8.1,22.4
2017-09-08,Dambulla,2.4,24.5
2017-09-08,Nuwara Eliya,8.7,15.4
2017-09-09,Anuradhapura,11.5,24.9
2017-09-09,Badulla,3.3,22.7
2017-09-09,Dambulla,2.1,24.4
2017-09-09,Nuwara Eliya,5.2,15.4
2017-09-10,Anuradhapura,1.3,26.5
2017-09-10,Badulla,10.5,23.8
2017-09-10,Dambulla,0.9,25.6
2017-09-10,Nuwara Eliya,2.1,15.9
2017-09-11,Anuradhapura,2.2,26.9
2017-09-11,Badulla,4.7,23.3
2017-09-11,Dambulla,1.9,26.3
2017-09-11,Nuwara Eliya,1.7,16.1
2017-09-12,Anuradhapura,5.4,26.8
2017-09-12,Badulla,1.6,23.4
2017-09-12,Dambulla,38.8,25.8
2017-09-12,Nuwara Eliya,2.4,15.9
2017-09-13,Anuradhapura,11.0,25.9
2017-09-13,Badulla,13.1,22.9
2017-09-13,Dambulla,7.6,25.0
2017-09-13,Nuwara Eliya,3.7,16.0
2017-09-14,Anuradhapura,1.1,26.8
2017-09-14,Badulla,0.1,23.3
2017-09-14,Dambulla,0.0,25.9
2017-09-14,Nuwara Eliya,0.3,15.4
2017-09-15,Anuradhapura,0.0,27.4
2017-09-15,Badulla,5.1,24.2
2017-09-15,Dambulla,0.0,26.4
2017-09-15,Nuwara Eliya,0.3,15.8
2017-09-16,Anuradhapura,0.0,27.4
2017-09-16,Badulla,0.4,24.6
2017-09-16,Dambulla,0.0,26.2
2017-09-16,Nuwara Eliya,0.0,15.8
2017-09-17,Anuradhapura,3.1,26.0
2017-09-17,Badulla,0.0,24.2
2017-09-17,Dambulla,1.7,24.6
2017-09-17,Nuwara Eliya,2.5,14.9
2017-09-18,Anuradhapura,0.0,27.3
2017-09-18,Badulla,0.0,24.9
2017-09-18,Dambulla,0.0,26.0
2017-09-18,Nuwara Eliya,0.0,15.4
2017-09-19,Anuradhapura,0.1,27.6
2017-09-19,Badulla,0.0,25.3
2017-09-19,Dambulla,0.0,26.6
2017-09-19,Nuwara Eliya,0.4,15.5
2017-09-20,Anuradhapura,0.2,27.3
2017-09-20,Badulla,1.3,24.8
2017-09-20,Dambulla,0.7,25.7
2017-09-20,Nuwara Eliya,0.8,15.6
2017-09-21,Anuradhapura,0.8,27.1
2017-09-21,Badulla,0.9,25.0
2017-09-21,Dambulla,2.0,25.4
2017-09-21,Nuwara Eliya,1.0,15.1
2017-09-22,Anuradhapura,2.1,27.6
2017-09-22,Badulla,0.0,25.3
2017-09-22,Dambulla,1.3,26.2
2017-09-22,Nuwara Eliya,0.3,15.5
2017-09-23,Anuradhapura,0.0,27.7
2017-09-23,Badulla,0.0,25.4
2017-09-23,Dambulla,0.0,26.9
2017-09-23,Nuwara Eliya,0.1,16.7
2017-09-24,Anuradhapura,2.1,27.3
2017-09-24,Badulla,0.6,25.7
2017-09-24,Dambulla,0.1,26.4
2017-09-24,Nuwara Eliya,2.4,15.9
2017-09-25,Anuradhapura,0.5,26.5
2017-09-25,Badulla,10.4,25.2
2017-09-25,Dambulla,0.6,25.5
2017-09-25,Nuwara Eliya,0.4,15.5
2017-09-26,Anuradhapura,2.4,26.7
2017-09-26,Badulla,0.2,25.3
2017-09-26,Dambulla,0.7,25.6
2017-09-26,Nuwara Eliya,1.2,15.9
2017-09-27,Anuradhapura,2.1,26.5
2017-09-27,Badulla,0.4,25.3
2017-09-27,Dambulla,1.3,25.3
2017-09-27,Nuwara Eliya,1.4,15.6
2017-09-28,Anuradhapura,2.2,26.7
2017-09-28,Badulla,0.0,24.9
2017-09-28,Dambulla,1.2,25.2
2017-09-28,Nuwara Eliya,0.1,15.7
2017-09-29,Anuradhapura,0.0,27.5
2017-09-29,Badulla,0.0,24.7
2017-09-29,Dambulla,0.0,26.4
2017-09-29,Nuwara Eliya,0.0,15.5
2017-09-30,Anuradhapura,0.6,27.3
2017-09-30,Badulla,0.5,25.6
2017-09-30,Dambulla,1.0,26.3
2017-09-30,Nuwara Eliya,0.5,16.5
2017-10-01,Anuradhapura,0.4,27.3
2017-10-01,Badulla,1.1,25.8
2017-10-01,Dambulla,0.4,26.5
2017-10-01,Nuwara Eliya,0.9,16.2
2017-10-02,Anuradhapura,1.3,27.3
2017-10-02,Badulla,0.5,25.4
2017-10-02,Dambulla,0.5,26.6
2017-10-02,Nuwara Eliya,0.1,16.3
2017-10-03,Anuradhapura,1.0,27.4
2017-10-03,Badulla,1.4,25.4
2017-10-03,Dambulla,0.8,26.7
2017-10-03,Nuwara Eliya,1.3,16.3
2017-10-04,Anuradhapura,0.5,27.5
2017-10-04,Badulla,4.3,25.0
2017-10-04,Dambulla,0.5,26.6
2017-10-04,Nuwara Eliya,2.1,16.3
2017-10-05,Anuradhapura,2.0,26.9
2017-10-05,Badulla,9.3,23.9
2017-10-05,Dambulla,1.8,26.2
2017-10-05,Nuwara Eliya,6.6,16.6
2017-10-06,Anuradhapura,4.2,26.7
2017-10-06,Badulla,13.6,23.9
2017-10-06,Dambulla,1.9,26.1
2017-10-06,Nuwara Eliya,1.7,16.0
2017-10-07,Anuradhapura,1.0,26.9
2017-10-07,Badulla,7.3,24.0
2017-10-07,Dambulla,1.0,26.7
2017-10-07,Nuwara Eliya,2.5,16.7
2017-10-08,Anuradhapura,1.2,27.6
2017-10-08,Badulla,6.5,24.2
2017-10-08,Dambulla,0.7,26.5
2017-10-08,Nuwara Eliya,3.2,16.4
2017-10-09,Anuradhapura,0.8,27.5
2017-10-09,Badulla,2.9,24.1
2017-10-09,Dambulla,0.2,26.7
2017-10-09,Nuwara Eliya,1.5,15.8
2017-10-10,Anuradhapura,9.5,27.2
2017-10-10,Badulla,1.0,23.6
2017-10-10,Dambulla,3.3,26.5
2017-10-10,Nuwara Eliya,2.1,16.0
2017-10-11,Anuradhapura,12.4,26.1
2017-10-11,Badulla,2.3,23.5
2017-10-11,Dambulla,2.0,25.7
2017-10-11,Nuwara Eliya,2.0,15.7
2017-10-12,Anuradhapura,5.2,25.8
2017-10-12,Badulla,7.3,23.8
2017-10-12,Dambulla,5.8,25.5
2017-10-12,Nuwara Eliya,1.4,15.8
2017-10-13,Anuradhapura,9.1,25.5
2017-10-13,Badulla,11.2,24.5
2017-10-13,Dambulla,3.5,25.3
2017-10-13,Nuwara Eliya,1.0,15.9
2017-10-14,Anuradhapura,9.0,24.9
2017-10-14,Badulla,43.9,23.6
2017-10-14,Dambulla,5.8,24.2
2017-10-14,Nuwara Eliya,10.4,15.6
2017-10-15,Anuradhapura,4.9,25.9
2017-10-15,Badulla,5.6,24.2
2017-10-15,Dambulla,2.7,24.2
2017-10-15,Nuwara Eliya,4.5,15.5
2017-10-16,Anuradhapura,0.0,27.5
2017-10-16,Badulla,0.0,24.6
2017-10-16,Dambulla,1.1,26.3
2017-10-16,Nuwara Eliya,3.4,15.4
2017-10-17,Anuradhapura,14.7,25.9
2017-10-17,Badulla,0.3,23.4
2017-10-17,Dambulla,16.8,24.5
2017-10-17,Nuwara Eliya,1.9,14.9
2017-10-18,Anuradhapura,6.3,26.1
2017-10-18,Badulla,3.9,25.0
2017-10-18,Dambulla,3.6,25.4
2017-10-18,Nuwara Eliya,0.1,15.6
2017-10-19,Anuradhapura,2.1,26.3
2017-10-19,Badulla,2.2,24.4
2017-10-19,Dambulla,1.5,25.5
2017-10-19,Nuwara Eliya,5.8,16.1
2017-10-20,Anuradhapura,4.8,26.2
2017-10-20,Badulla,5.4,25.0
2017-10-20,Dambulla,1.1,25.9
2017-10-20,Nuwara Eliya,1.0,16.4
2017-10-21,Anuradhapura,0.0,27.1
2017-10-21,Badulla,0.0,25.7
2017-10-21,Dambulla,0.0,26.7
2017-10-21,Nuwara Eliya,0.0,16.3
2017-10-22,Anuradhapura,6.4,26.8
2017-10-22,Badulla,4.9,24.2
2017-10-22,Dambulla,0.7,26.2
2017-10-22,Nuwara Eliya,1.2,16.3
2017-10-23,Anuradhapura,1.0,27.2
2017-10-23,Badulla,2.3,24.0
2017-10-23,Dambulla,2.0,26.3
2017-10-23,Nuwara Eliya,1.0,16.4
2017-10-24,Anuradhapura,3.5,26.5
2017-10-24,Badulla,3.4,23.7
2017-10-24,Dambulla,8.9,26.1
2017-10-24,Nuwara Eliya,3.1,16.5
2017-10-25,Anuradhapura,7.2,26.5
2017-10-25,Badulla,23.7,22.9
2017-10-25,Dambulla,17.6,25.1
2017-10-25,Nuwara Eliya,4.8,16.6
2017-10-26,Anuradhapura,40.5,25.9
2017-10-26,Badulla,18.3,22.3
2017-10-26,Dambulla,17.5,24.8
2017-10-26,Nuwara Eliya,33.0,16.3
2017-10-27,Anuradhapura,14.9,25.7
2017-10-27,Badulla,8.0,22.6
2017-10-27,Dambulla,21.8,24.9
2017-10-27,Nuwara Eliya,2.6,16.2
2017-10-28,Anuradhapura,17.9,25.8
2017-10-28,Badulla,3.3,22.4
2017-10-28,Dambulla,9.2,25.2
2017-10-28,Nuwara Eliya,13.2,16.0
2017-10-29,Anuradhapura,10.3,25.6
2017-10-29,Badulla,22.4,22.0
2017-10-29,Dambulla,17.4,24.6
2017-10-29,Nuwara Eliya,52.8,15.8
2017-10-30,Anuradhapura,14.3,25.4
2017-10-30,Badulla,11.3,22.3
2017-10-30,Dambulla,13.2,24.7
2017-10-30,Nuwara Eliya,35.4,15.9
2017-10-31,Anuradhapura,9.1,24.3
2017-10-31,Badulla,27.2,21.7
2017-10-31,Dambulla,29.2,23.6
2017-10-31,Nuwara Eliya,10.9,15.5
2017-11-01,Anuradhapura,10.3,24.8
2017-11-01,Badulla,3.8,21.7
2017-11-01,Dambulla,10.6,24.2
2017-11-01,Nuwara Eliya,1.8,15.7
2017-11-02,Anuradhapura,14.7,24.8
2017-11-02,Badulla,10.6,21.9
2017-11-02,Dambulla,6.6,24.4
2017-11-02,Nuwara Eliya,4.7,16.1
2017-11-03,Anuradhapura,35.7,24.4
2017-11-03,Badulla,15.1,21.9
2017-11-03,Dambulla,25.4,23.9
2017-11-03,Nuwara Eliya,17.5,15.9
2017-11-04,Anuradhapura,14.6,25.1
2017-11-04,Badulla,19.1,22.2
2017-11-04,Dambulla,9.2,24.4
2017-11-04,Nuwara Eliya,12.7,16.2
2017-11-05,Anuradhapura,5.9,25.4
2017-11-05,Badulla,10.1,21.9
2017-11-05,Dambulla,5.3,24.3
2017-11-05,Nuwara Eliya,4.7,15.4
2017-11-06,Anuradhapura,10.1,24.5
2017-11-06,Badulla,31.2,21.8
2017-11-06,Dambulla,5.5,23.6
2017-11-06,Nuwara Eliya,9.6,15.7
2017-11-07,Anuradhapura,8.3,24.8
2017-11-07,Badulla,15.7,21.4
2017-11-07,Dambulla,9.1,23.8
2017-11-07,Nuwara Eliya,12.7,15.2
2017-11-08,Anuradhapura,8.5,25.0
2017-11-08,Badulla,4.0,21.6
2017-11-08,Dambulla,19.2,24.1
2017-11-08,Nuwara Eliya,3.2,14.8
2017-11-09,Anuradhapura,3.7,25.3
2017-11-09,Badulla,8.7,22.0
2017-11-09,Dambulla,7.3,24.3
2017-11-09,Nuwara Eliya,13.6,15.3
2017-11-10,Anuradhapura,12.5,24.8
2017-11-10,Badulla,7.4,22.0
2017-11-10,Dambulla,17.7,24.2
2017-11-10,Nuwara Eliya,1.2,15.8
2017-11-11,Anuradhapura,13.2,24.7
2017-11-11,Badulla,0.5,22.1
2017-11-11,Dambulla,7.3,23.8
2017-11-11,Nuwara Eliya,2.9,16.2
2017-11-12,Anuradhapura,0.5,25.9
2017-11-12,Badulla,0.0,23.1
2017-11-12,Dambulla,0.4,25.1
2017-11-12,Nuwara Eliya,0.7,15.8
2017-11-13,Anuradhapura,2.4,25.4
2017-11-13,Badulla,2.3,21.5
2017-11-13,Dambulla,0.9,24.7
2017-11-13,Nuwara Eliya,0.3,15.2
2017-11-14,Anuradhapura,2.2,25.8
2017-11-14,Badulla,0.0,21.4
2017-11-14,Dambulla,0.0,25.4
2017-11-14,Nuwara Eliya,0.0,14.8
2017-11-15,Anuradhapura,0.0,26.0
2017-11-15,Badulla,0.0,20.8
2017-11-15,Dambulla,0.0,25.0
2017-11-15,Nuwara Eliya,0.0,15.1
2017-11-16,Anuradhapura,0.2,26.1
2017-11-16,Badulla,0.4,21.9
2017-11-16,Dambulla,0.0,25.4
2017-11-16,Nuwara Eliya,1.1,15.1
2017-11-17,Anuradhapura,0.0,26.1
2017-11-17,Badulla,0.0,22.3
2017-11-17,Dambulla,0.0,25.6
2017-11-17,Nuwara Eliya,0.7,15.8
2017-11-18,Anuradhapura,3.7,26.4
2017-11-18,Badulla,1.1,22.7
2017-11-18,Dambulla,0.4,25.5
2017-11-18,Nuwara Eliya,0.6,16.1
2017-11-19,Anuradhapura,2.8,26.0
2017-11-19,Badulla,6.5,22.1
2017-11-19,Dambulla,5.4,25.0
2017-11-19,Nuwara Eliya,2.5,16.0
2017-11-20,Anuradhapura,9.0,25.8
2017-11-20,Badulla,4.8,22.1
2017-11-20,Dambulla,3.4,24.8
2017-11-20,Nuwara Eliya,5.1,15.5
2017-11-21,Anuradhapura,3.0,25.8
2017-11-21,Badulla,3.7,22.4
2017-11-21,Dambulla,1.1,25.1
2017-11-21,Nuwara Eliya,0.9,15.6
2017-11-22,Anuradhapura,1.8,25.8
2017-11-22,Badulla,9.6,22.2
2017-11-22,Dambulla,1.3,24.9
2017-11-22,Nuwara Eliya,1.9,15.6
2017-11-23,Anuradhapura,0.9,26.0
2017-11-23,Badulla,11.4,21.4
2017-11-23,Dambulla,7.6,24.3
2017-11-23,Nuwara Eliya,6.7,15.2
2017-11-24,Anuradhapura,0.0,26.1
2017-11-24,Badulla,9.6,21.6
2017-11-24,Dambulla,0.6,24.9
2017-11-24,Nuwara Eliya,2.5,14.2
2017-11-25,Anuradhapura,33.2,24.8
2017-11-25,Badulla,31.8,20.0
2017-11-25,Dambulla,44.5,23.3
2017-11-25,Nuwara Eliya,22.9,13.9
2017-11-26,Anuradhapura,23.6,23.8
2017-11-26,Badulla,63.7,20.5
2017-11-26,Dambulla,17.6,22.5
2017-11-26,Nuwara Eliya,31.5,14.8
2017-11-27,Anuradhapura,10.2,24.6
2017-11-27,Badulla,102.7,20.7
2017-11-27,Dambulla,10.2,23.1
2017-11-27,Nuwara Eliya,48.3,15.3
2017-11-28,Anuradhapura,7.2,24.7
2017-11-28,Badulla,70.9,20.7
2017-11-28,Dambulla,6.9,23.4
2017-11-28,Nuwara Eliya,29.7,15.3
2017-11-29,Anuradhapura,17.7,24.6
2017-11-29,Badulla,92.4,21.0
2017-11-29,Dambulla,32.9,23.3
2017-11-29,Nuwara Eliya,77.6,15.0
2017-11-30,Anuradhapura,10.2,25.2
2017-11-30,Badulla,12.0,22.7
2017-11-30,Dambulla,23.7,24.3
2017-11-30,Nuwara Eliya,19.9,15.6
2017-12-01,Anuradhapura,19.4,24.4
2017-12-01,Badulla,8.4,21.9
2017-12-01,Dambulla,4.0,24.1
2017-12-01,Nuwara Eliya,13.1,14.9
2017-12-02,Anuradhapura,8.2,24.6
2017-12-02,Badulla,3.3,21.5
2017-12-02,Dambulla,8.6,23.7
2017-12-02,Nuwara Eliya,7.5,15.0
2017-12-03,Anuradhapura,19.6,24.4
2017-12-03,Badulla,6.9,21.5
2017-12-03,Dambulla,9.0,23.7
2017-12-03,Nuwara Eliya,2.2,15.4
2017-12-04,Anuradhapura,1.0,25.1
2017-12-04,Badulla,9.2,21.5
2017-12-04,Dambulla,3.6,24.1
2017-12-04,Nuwara Eliya,12.7,15.5
2017-12-05,Anuradhapura,1.3,25.5
2017-12-05,Badulla,0.0,21.3
2017-12-05,Dambulla,1.0,23.8
2017-12-05,Nuwara Eliya,2.8,16.2
2017-12-06,Anuradhapura,4.0,25.1
2017-12-06,Badulla,3.0,21.3
2017-12-06,Dambulla,3.1,24.2
2017-12-06,Nuwara Eliya,0.0,15.9
2017-12-07,Anuradhapura,0.9,25.0
2017-12-07,Badulla,0.1,21.8
2017-12-07,Dambulla,0.1,24.5
2017-12-07,Nuwara Eliya,0.2,15.2
2017-12-08,Anuradhapura,0.0,24.5
2017-12-08,Badulla,0.1,21.6
2017-12-08,Dambulla,0.0,24.4
2017-12-08,Nuwara Eliya,0.4,14.9
2017-12-09,Anuradhapura,0.0,25.2
2017-12-09,Badulla,0.0,21.8
2017-12-09,Dambulla,0.3,24.8
2017-12-09,Nuwara Eliya,0.0,15.0
2017-12-10,Anuradhapura,0.0,26.0
2017-12-10,Badulla,0.5,22.0
2017-12-10,Dambulla,0.0,25.1
2017-12-10,Nuwara Eliya,3.4,15.8
2017-12-11,Anuradhapura,1.1,25.5
2017-12-11,Badulla,1.3,22.3
2017-12-11,Dambulla,6.6,24.7
2017-12-11,Nuwara Eliya,3.2,15.6
2017-12-12,Anuradhapura,0.8,26.0
2017-12-12,Badulla,7.0,22.0
2017-12-12,Dambulla,4.9,24.9
2017-12-12,Nuwara Eliya,2.0,15.4
2017-12-13,Anuradhapura,5.8,25.7
2017-12-13,Badulla,6.9,21.8
2017-12-13,Dambulla,4.4,24.6
2017-12-13,Nuwara Eliya,3.5,15.6
2017-12-14,Anuradhapura,14.0,25.0
2017-12-14,Badulla,10.2,21.6
2017-12-14,Dambulla,10.3,24.2
2017-12-14,Nuwara Eliya,4.5,15.3
2017-12-15,Anuradhapura,2.5,25.3
2017-12-15,Badulla,12.6,21.9
2017-12-15,Dambulla,1.0,24.5
2017-12-15,Nuwara Eliya,0.6,15.1
2017-12-16,Anuradhapura,0.3,25.9
2017-12-16,Badulla,14.2,21.5
2017-12-16,Dambulla,1.2,24.8
2017-12-16,Nuwara Eliya,3.2,14.9
2017-12-17,Anuradhapura,2.1,25.3
2017-12-17,Badulla,9.7,20.7
2017-12-17,Dambulla,2.7,24.1
2017-12-17,Nuwara Eliya,0.3,13.6
2017-12-18,Anuradhapura,0.0,25.2
2017-12-18,Badulla,3.4,20.8
2017-12-18,Dambulla,0.0,23.8
2017-12-18,Nuwara Eliya,0.0,13.4
2017-12-19,Anuradhapura,1.3,24.2
2017-12-19,Badulla,2.0,21.1
2017-12-19,Dambulla,2.0,23.3
2017-12-19,Nuwara Eliya,1.1,14.3
2017-12-20,Anuradhapura,3.4,24.6
2017-12-20,Badulla,14.0,20.7
2017-12-20,Dambulla,2.7,23.0
2017-12-20,Nuwara Eliya,5.7,14.8
2017-12-21,Anuradhapura,1.0,24.7
2017-12-21,Badulla,9.0,20.8
2017-12-21,Dambulla,1.2,23.6
2017-12-21,Nuwara Eliya,2.8,13.9
2017-12-22,Anuradhapura,0.0,24.6
2017-12-22,Badulla,4.1,20.4
2017-12-22,Dambulla,0.1,23.4
2017-12-22,Nuwara Eliya,1.1,13.7
2017-12-23,Anuradhapura,0.0,24.4
2017-12-23,Badulla,0.2,20.3
2017-12-23,Dambulla,0.0,23.4
2017-12-23,Nuwara Eliya,1.7,13.8
2017-12-24,Anuradhapura,0.2,24.5
2017-12-24,Badulla,0.3,20.9
2017-12-24,Dambulla,1.8,23.4
2017-12-24,Nuwara Eliya,6.6,14.5
2017-12-25,Anuradhapura,1.3,24.5
2017-12-25,Badulla,2.2,21.4
2017-12-25,Dambulla,3.1,24.0
2017-12-25,Nuwara Eliya,6.6,15.1
2017-12-26,Anuradhapura,19.8,24.4
2017-12-26,Badulla,12.6,21.3
2017-12-26,Dambulla,9.9,23.8
2017-12-26,Nuwara Eliya,5.7,15.5
2017-12-27,Anuradhapura,0.9,24.9
2017-12-27,Badulla,19.0,20.7
2017-12-27,Dambulla,1.8,23.9
2017-12-27,Nuwara Eliya,2.3,15.0
2017-12-28,Anuradhapura,0.0,23.8
2017-12-28,Badulla,5.6,20.4
2017-12-28,Dambulla,0.1,22.9
2017-12-28,Nuwara Eliya,0.0,14.1
2017-12-29,Anuradhapura,0.0,23.5
2017-12-29,Badulla,1.6,20.0
2017-12-29,Dambulla,0.0,22.8
2017-12-29,Nuwara Eliya,3.8,14.5
2017-12-30,Anuradhapura,0.0,24.3
2017-12-30,Badulla,1.2,20.7
2017-12-30,Dambulla,0.0,23.5
2017-12-30,Nuwara Eliya,2.1,14.9
2017-12-31,Anuradhapura,0.0,24.4
2017-12-31,Badulla,0.8,20.8
2017-12-31,Dambulla,0.0,23.5
2017-12-31,Nuwara Eliya,1.6,15.2
2018-01-01,Anuradhapura,0.0,24.9
2018-01-01,Badulla,0.9,21.1
2018-01-01,Dambulla,0.0,24.3
2018-01-01,Nuwara Eliya,1.4,14.8
2018-01-02,Anuradhapura,0.1,25.0
2018-01-02,Badulla,1.6,21.4
2018-01-02,Dambulla,0.0,24.7
2018-01-02,Nuwara Eliya,0.2,14.2
2018-01-03,Anuradhapura,0.0,24.7
2018-01-03,Badulla,0.2,20.7
2018-01-03,Dambulla,0.0,24.0
2018-01-03,Nuwara Eliya,0.4,14.1
2018-01-04,Anuradhapura,0.0,24.6
2018-01-04,Badulla,0.6,20.4
2018-01-04,Dambulla,0.0,23.7
2018-01-04,Nuwara Eliya,0.0,13.4
2018-01-05,Anuradhapura,0.0,23.5
2018-01-05,Badulla,0.6,19.3
2018-01-05,Dambulla,0.0,22.8
2018-01-05,Nuwara Eliya,0.0,12.9
2018-01-06,Anuradhapura,0.0,23.7
2018-01-06,Badulla,0.2,18.5
2018-01-06,Dambulla,0.0,22.0
2018-01-06,Nuwara Eliya,0.1,13.4
2018-01-07,Anuradhapura,0.0,22.7
2018-01-07,Badulla,0.0,18.7
2018-01-07,Dambulla,0.0,21.7
2018-01-07,Nuwara Eliya,0.0,11.8
2018-01-08,Anuradhapura,0.2,22.9
2018-01-08,Badulla,1.0,18.7
2018-01-08,Dambulla,0.2,22.1
2018-01-08,Nuwara Eliya,0.0,12.6
2018-01-09,Anuradhapura,0.3,23.3
2018-01-09,Badulla,0.9,20.9
2018-01-09,Dambulla,0.8,23.3
2018-01-09,Nuwara Eliya,3.0,14.5
2018-01-10,Anuradhapura,0.8,24.6
2018-01-10,Badulla,6.3,21.4
2018-01-10,Dambulla,1.7,23.8
2018-01-10,Nuwara Eliya,3.1,14.4
2018-01-11,Anuradhapura,0.9,24.9
2018-01-11,Badulla,12.6,21.1
2018-01-11,Dambulla,3.7,24.0
2018-01-11,Nuwara Eliya,1.8,14.4
2018-01-12,Anuradhapura,12.1,24.5
2018-01-12,Badulla,10.2,21.2
2018-01-12,Dambulla,6.0,23.8
2018-01-12,Nuwara Eliya,2.2,15.1
2018-01-13,Anuradhapura,3.3,24.6
2018-01-13,Badulla,13.1,21.3
2018-01-13,Dambulla,7.5,23.3
2018-01-13,Nuwara Eliya,3.5,14.7
2018-01-14,Anuradhapura,0.7,25.1
2018-01-14,Badulla,9.2,21.2
2018-01-14,Dambulla,2.7,23.2
2018-01-14,Nuwara Eliya,0.4,14.1
2018-01-15,Anuradhapura,0.4,24.7
2018-01-15,Badulla,2.0,20.8
2018-01-15,Dambulla,0.2,23.4
2018-01-15,Nuwara Eliya,0.0,13.3
2018-01-16,Anuradhapura,0.0,24.5
2018-01-16,Badulla,0.0,20.0
2018-01-16,Dambulla,0.0,23.3
2018-01-16,Nuwara Eliya,0.3,13.0
2018-01-17,Anuradhapura,0.0,23.6
2018-01-17,Badulla,0.0,19.7
2018-01-17,Dambulla,0.0,22.7
2018-01-17,Nuwara Eliya,0.0,13.1
2018-01-18,Anuradhapura,0.0,23.3
2018-01-18,Badulla,0.1,19.1
2018-01-18,Dambulla,0.0,22.5
2018-01-18,Nuwara Eliya,0.0,14.2
2018-01-19,Anuradhapura,0.0,23.8
2018-01-19,Badulla,0.5,19.5
2018-01-19,Dambulla,0.0,22.3
2018-01-19,Nuwara Eliya,0.1,14.8
2018-01-20,Anuradhapura,0.0,23.7
2018-01-20,Badulla,0.1,19.1
2018-01-20,Dambulla,0.4,22.1
2018-01-20,Nuwara Eliya,0.0,14.6
2018-01-21,Anuradhapura,0.0,23.5
2018-01-21,Badulla,1.4,19.5
2018-01-21,Dambulla,0.1,22.3
2018-01-21,Nuwara Eliya,0.0,15.4
2018-01-22,Anuradhapura,0.8,23.7
2018-01-22,Badulla,3.4,20.4
2018-01-22,Dambulla,0.1,23.1
2018-01-22,Nuwara Eliya,1.6,15.6
2018-01-23,Anuradhapura,0.0,24.8
2018-01-23,Badulla,4.5,20.9
2018-01-23,Dambulla,0.0,24.3
2018-01-23,Nuwara Eliya,0.0,15.7
2018-01-24,Anuradhapura,0.0,24.1
2018-01-24,Badulla,0.2,20.6
2018-01-24,Dambulla,0.0,23.5
2018-01-24,Nuwara Eliya,0.0,14.8
2018-01-25,Anuradhapura,0.0,24.2
2018-01-25,Badulla,0.0,20.8
2018-01-25,Dambulla,0.0,23.4
2018-01-25,Nuwara Eliya,0.7,14.4
2018-01-26,Anuradhapura,0.0,24.5
2018-01-26,Badulla,0.4,20.4
2018-01-26,Dambulla,0.1,23.7
2018-01-26,Nuwara Eliya,1.3,14.7
2018-01-27,Anuradhapura,0.0,24.4
2018-01-27,Badulla,1.6,20.3
2018-01-27,Dambulla,0.0,23.7
2018-01-27,Nuwara Eliya,0.0,14.9
2018-01-28,Anuradhapura,0.1,23.8
2018-01-28,Badulla,0.3,20.8
2018-01-28,Dambulla,0.0,23.6
2018-01-28,Nuwara Eliya,0.0,16.0
2018-01-29,Anuradhapura,0.8,24.8
2018-01-29,Badulla,7.3,21.0
2018-01-29,Dambulla,1.7,24.0
2018-01-29,Nuwara Eliya,2.9,15.1
2018-01-30,Anuradhapura,3.6,25.1
2018-01-30,Badulla,24.5,21.3
2018-01-30,Dambulla,5.0,23.6
2018-01-30,Nuwara Eliya,6.5,15.5
2018-01-31,Anuradhapura,0.0,24.9
2018-01-31,Badulla,21.7,20.6
2018-01-31,Dambulla,2.5,23.4
2018-01-31,Nuwara Eliya,4.7,15.1
2018-02-01,Anuradhapura,0.0,25.1
2018-02-01,Badulla,5.5,20.5
2018-02-01,Dambulla,0.0,23.8
2018-02-01,Nuwara Eliya,19.9,15.6
2018-02-02,Anuradhapura,0.0,24.3
2018-02-02,Badulla,0.0,20.1
2018-02-02,Dambulla,0.0,23.5
2018-02-02,Nuwara Eliya,2.1,15.7
2018-02-03,Anuradhapura,0.0,23.9
2018-02-03,Badulla,0.4,20.1
2018-02-03,Dambulla,0.0,23.4
2018-02-03,Nuwara Eliya,0.5,15.3
2018-02-04,Anuradhapura,0.2,24.6
2018-02-04,Badulla,8.9,19.7
2018-02-04,Dambulla,1.2,23.2
2018-02-04,Nuwara Eliya,3.7,14.7
2018-02-05,Anuradhapura,0.1,25.5
2018-02-05,Badulla,9.0,20.7
2018-02-05,Dambulla,1.6,24.2
2018-02-05,Nuwara Eliya,3.2,15.0
2018-02-06,Anuradhapura,1.4,25.6
2018-02-06,Badulla,5.6,21.5
2018-02-06,Dambulla,1.3,24.6
2018-02-06,Nuwara Eliya,3.1,16.0
2018-02-07,Anuradhapura,1.6,25.9
2018-02-07,Badulla,7.3,21.6
2018-02-07,Dambulla,2.7,24.7
2018-02-07,Nuwara Eliya,6.8,15.9
2018-02-08,Anuradhapura,3.9,25.9
2018-02-08,Badulla,2.6,21.7
2018-02-08,Dambulla,3.2,24.8
2018-02-08,Nuwara Eliya,1.5,15.1
2018-02-09,Anuradhapura,0.0,26.4
2018-02-09,Badulla,1.3,22.1
2018-02-09,Dambulla,0.3,25.5
2018-02-09,Nuwara Eliya,0.1,16.0
2018-02-10,Anuradhapura,0.0,26.0
2018-02-10,Badulla,2.5,22.3
2018-02-10,Dambulla,0.0,25.1
2018-02-10,Nuwara Eliya,0.0,15.6
2018-02-11,Anuradhapura,0.0,26.0
2018-02-11,Badulla,1.2,21.3
2018-02-11,Dambulla,0.0,25.0
2018-02-11,Nuwara Eliya,0.0,16.2
2018-02-12,Anuradhapura,1.8,25.5
2018-02-12,Badulla,7.7,21.3
2018-02-12,Dambulla,4.0,24.4
2018-02-12,Nuwara Eliya,3.9,15.2
2018-02-13,Anuradhapura,0.1,25.8
2018-02-13,Badulla,7.4,21.4
2018-02-13,Dambulla,0.0,24.7
2018-02-13,Nuwara Eliya,0.2,15.0
2018-02-14,Anuradhapura,2.2,25.0
2018-02-14,Badulla,6.2,20.9
2018-02-14,Dambulla,1.7,24.2
2018-02-14,Nuwara Eliya,0.6,15.2
2018-02-15,Anuradhapura,1.3,26.1
2018-02-15,Badulla,8.3,21.5
2018-02-15,Dambulla,3.8,24.3
2018-02-15,Nuwara Eliya,2.2,14.7
2018-02-16,Anuradhapura,0.0,26.0
2018-02-16,Badulla,7.6,21.1
2018-02-16,Dambulla,0.9,24.7
2018-02-16,Nuwara Eliya,1.8,14.5
2018-02-17,Anuradhapura,0.0,25.2
2018-02-17,Badulla,0.0,20.3
2018-02-17,Dambulla,0.0,24.1
2018-02-17,Nuwara Eliya,0.2,15.3
2018-02-18,Anuradhapura,0.0,24.5
2018-02-18,Badulla,0.0,19.8
2018-02-18,Dambulla,0.0,23.3
2018-02-18,Nuwara Eliya,0.2,16.5
2018-02-19,Anuradhapura,0.0,24.0
2018-02-19,Badulla,0.0,19.1
2018-02-19,Dambulla,0.0,23.0
2018-02-19,Nuwara Eliya,0.1,15.9
2018-02-20,Anuradhapura,0.0,24.6
2018-02-20,Badulla,0.0,18.6
2018-02-20,Dambulla,0.0,23.2
2018-02-20,Nuwara Eliya,0.0,15.7
2018-02-21,Anuradhapura,0.0,24.9
2018-02-21,Badulla,0.2,20.2
2018-02-21,Dambulla,0.0,24.0
2018-02-21,Nuwara Eliya,1.4,16.4
2018-02-22,Anuradhapura,0.0,25.5
2018-02-22,Badulla,1.1,21.7
2018-02-22,Dambulla,0.0,24.6
2018-02-22,Nuwara Eliya,4.8,16.1
2018-02-23,Anuradhapura,0.0,25.9
2018-02-23,Badulla,2.4,22.0
2018-02-23,Dambulla,0.6,25.2
2018-02-23,Nuwara Eliya,1.1,15.8
2018-02-24,Anuradhapura,0.2,26.4
2018-02-24,Badulla,9.5,21.5
2018-02-24,Dambulla,2.2,24.8
2018-02-24,Nuwara Eliya,1.8,15.2
2018-02-25,Anuradhapura,2.9,25.6
2018-02-25,Badulla,21.0,21.1
2018-02-25,Dambulla,3.2,24.3
2018-02-25,Nuwara Eliya,6.5,15.5
2018-02-26,Anuradhapura,2.6,25.5
2018-02-26,Badulla,64.0,21.2
2018-02-26,Dambulla,7.7,24.1
2018-02-26,Nuwara Eliya,10.6,15.2
2018-02-27,Anuradhapura,2.8,25.1
2018-02-27,Badulla,52.6,21.3
2018-02-27,Dambulla,5.1,23.6
2018-02-27,Nuwara Eliya,39.2,15.1
2018-02-28,Anuradhapura,5.7,25.4
2018-02-28,Badulla,23.7,22.0
2018-02-28,Dambulla,5.3,24.7
2018-02-28,Nuwara Eliya,12.4,15.0
2018-03-01,Anuradhapura,0.7,26.6
2018-03-01,Badulla,2.3,22.1
2018-03-01,Dambulla,1.3,25.3
2018-03-01,Nuwara Eliya,2.8,15.1
2018-03-02,Anuradhapura,2.1,26.8
2018-03-02,Badulla,14.9,22.0
2018-03-02,Dambulla,1.4,25.4
2018-03-02,Nuwara Eliya,6.5,15.2
2018-03-03,Anuradhapura,0.3,26.8
2018-03-03,Badulla,13.2,21.8
2018-03-03,Dambulla,7.9,25.2
2018-03-03,Nuwara Eliya,5.5,16.1
2018-03-04,Anuradhapura,0.0,27.1
2018-03-04,Badulla,3.6,22.7
2018-03-04,Dambulla,0.0,26.3
2018-03-04,Nuwara Eliya,0.6,16.2
2018-03-05,Anuradhapura,0.0,27.1
2018-03-05,Badulla,6.5,22.2
2018-03-05,Dambulla,0.0,26.2
2018-03-05,Nuwara Eliya,2.3,16.9
2018-03-06,Anuradhapura,0.0,26.3
2018-03-06,Badulla,1.4,22.4
2018-03-06,Dambulla,0.0,25.5
2018-03-06,Nuwara Eliya,0.8,16.1
2018-03-07,Anuradhapura,0.0,26.4
2018-03-07,Badulla,2.3,21.9
2018-03-07,Dambulla,0.0,25.4
2018-03-07,Nuwara Eliya,0.4,16.1
2018-03-08,Anuradhapura,0.5,27.1
2018-03-08,Badulla,9.3,22.0
2018-03-08,Dambulla,1.3,25.6
2018-03-08,Nuwara Eliya,2.1,15.6
2018-03-09,Anuradhapura,0.0,26.5
2018-03-09,Badulla,13.0,21.1
2018-03-09,Dambulla,1.3,24.4
2018-03-09,Nuwara Eliya,3.8,14.8
2018-03-10,Anuradhapura,1.3,26.6
2018-03-10,Badulla,21.5,21.2
2018-03-10,Dambulla,3.6,23.9
2018-03-10,Nuwara Eliya,9.9,14.8
2018-03-11,Anuradhapura,0.4,26.8
2018-03-11,Badulla,12.4,21.5
2018-03-11,Dambulla,1.8,24.2
2018-03-11,Nuwara Eliya,10.0,14.5
2018-03-12,Anuradhapura,6.2,25.0
2018-03-12,Badulla,14.9,21.5
2018-03-12,Dambulla,9.5,23.1
2018-03-12,Nuwara Eliya,17.1,15.0
2018-03-13,Anuradhapura,5.5,26.0
2018-03-13,Badulla,7.2,22.2
2018-03-13,Dambulla,3.0,25.3
2018-03-13,Nuwara Eliya,1.7,14.9
2018-03-14,Anuradhapura,6.1,27.2
2018-03-14,Badulla,0.4,22.7
2018-03-14,Dambulla,0.5,26.0
2018-03-14,Nuwara Eliya,1.2,16.0
2018-03-15,Anuradhapura,0.7,27.5
2018-03-15,Badulla,2.8,22.3
2018-03-15,Dambulla,1.0,26.5
2018-03-15,Nuwara Eliya,1.1,16.7
2018-03-16,Anuradhapura,0.7,27.3
2018-03-16,Badulla,2.3,22.6
2018-03-16,Dambulla,3.3,26.3
2018-03-16,Nuwara Eliya,2.7,16.5
2018-03-17,Anuradhapura,1.1,27.3
2018-03-17,Badulla,6.1,22.3
2018-03-17,Dambulla,4.9,26.0
2018-03-17,Nuwara Eliya,4.2,16.0
2018-03-18,Anuradhapura,0.2,27.5
2018-03-18,Badulla,4.4,23.1
2018-03-18,Dambulla,0.2,26.4
2018-03-18,Nuwara Eliya,0.6,16.9
2018-03-19,Anuradhapura,0.0,27.3
2018-03-19,Badulla,2.7,22.9
2018-03-19,Dambulla,0.0,26.3
2018-03-19,Nuwara Eliya,0.6,16.3
2018-03-20,Anuradhapura,0.0,27.1
2018-03-20,Badulla,1.2,23.4
2018-03-20,Dambulla,0.2,26.7
2018-03-20,Nuwara Eliya,0.4,16.9
2018-03-21,Anuradhapura,0.0,28.1
2018-03-21,Badulla,3.0,23.1
2018-03-21,Dambulla,0.1,27.7
2018-03-21,Nuwara Eliya,0.7,16.1
2018-03-22,Anuradhapura,0.4,28.7
2018-03-22,Badulla,0.0,22.9
2018-03-22,Dambulla,0.0,28.2
2018-03-22,Nuwara Eliya,0.0,15.8
2018-03-23,Anuradhapura,0.0,29.5
2018-03-23,Badulla,0.0,23.2
2018-03-23,Dambulla,0.0,28.4
2018-03-23,Nuwara Eliya,0.0,15.6
2018-03-24,Anuradhapura,0.0,28.4
2018-03-24,Badulla,0.0,23.6
2018-03-24,Dambulla,0.0,27.4
2018-03-24,Nuwara Eliya,0.0,15.2
2018-03-25,Anuradhapura,0.0,28.1
2018-03-25,Badulla,0.9,22.5
2018-03-25,Dambulla,0.2,26.8
2018-03-25,Nuwara Eliya,1.1,15.2
2018-03-26,Anuradhapura,23.6,26.9
2018-03-26,Badulla,9.4,21.7
2018-03-26,Dambulla,4.5,25.5
2018-03-26,Nuwara Eliya,4.1,15.5
2018-03-27,Anuradhapura,4.8,27.9
2018-03-27,Badulla,9.9,22.7
2018-03-27,Dambulla,3.2,27.0
2018-03-27,Nuwara Eliya,4.3,16.9
2018-03-28,Anuradhapura,2.2,27.5
2018-03-28,Badulla,5.8,22.6
2018-03-28,Dambulla,1.8,26.9
2018-03-28,Nuwara Eliya,2.2,16.8
2018-03-29,Anuradhapura,1.1,27.8
2018-03-29,Badulla,2.3,22.3
2018-03-29,Dambulla,1.5,27.1
2018-03-29,Nuwara Eliya,3.3,17.1
2018-03-30,Anuradhapura,0.8,28.9
2018-03-30,Badulla,1.9,22.9
2018-03-30,Dambulla,3.5,27.9
2018-03-30,Nuwara Eliya,5.9,16.8
2018-03-31,Anuradhapura,0.9,28.5
2018-03-31,Badulla,4.2,23.3
2018-03-31,Dambulla,0.9,28.1
2018-03-31,Nuwara Eliya,0.6,17.2
2018-04-01,Anuradhapura,6.7,28.4
2018-04-01,Badulla,1.3,22.9
2018-04-01,Dambulla,0.6,28.3
2018-04-01,Nuwara Eliya,1.2,17.2
2018-04-02,Anuradhapura,11.7,27.3
2018-04-02,Badulla,2.4,22.4
2018-04-02,Dambulla,7.6,26.4
2018-04-02,Nuwara Eliya,2.5,16.1
2018-04-03,Anuradhapura,0.1,28.9
2018-04-03,Badulla,1.6,23.1
2018-04-03,Dambulla,1.1,27.5
2018-04-03,Nuwara Eliya,0.0,16.5
2018-04-04,Anuradhapura,0.0,29.0
2018-04-04,Badulla,0.8,22.9
2018-04-04,Dambulla,0.0,27.5
2018-04-04,Nuwara Eliya,1.8,16.6
2018-04-05,Anuradhapura,1.8,28.8
2018-04-05,Badulla,0.4,23.0
2018-04-05,Dambulla,0.2,27.6
2018-04-05,Nuwara Eliya,2.3,17.0
2018-04-06,Anuradhapura,10.7,26.9
2018-04-06,Badulla,10.3,22.3
2018-04-06,Dambulla,18.7,26.0
2018-04-06,Nuwara Eliya,5.9,16.5
2018-04-07,Anuradhapura,3.5,27.0
2018-04-07,Badulla,10.8,22.0
2018-04-07,Dambulla,3.3,26.0
2018-04-07,Nuwara Eliya,2.6,16.6
2018-04-08,Anuradhapura,13.5,27.3
2018-04-08,Badulla,12.0,22.1
2018-04-08,Dambulla,14.0,25.8
2018-04-08,Nuwara Eliya,9.7,16.6
2018-04-09,Anuradhapura,5.2,26.8
2018-04-09,Badulla,9.4,22.4
2018-04-09,Dambulla,4.1,25.5
2018-04-09,Nuwara Eliya,11.3,16.3
2018-04-10,Anuradhapura,6.0,27.6
2018-04-10,Badulla,9.4,22.4
2018-04-10,Dambulla,2.6,26.2
2018-04-10,Nuwara Eliya,3.5,16.4
2018-04-11,Anuradhapura,2.6,27.7
2018-04-11,Badulla,11.0,22.4
2018-04-11,Dambulla,2.0,26.1
2018-04-11,Nuwara Eliya,3.6,16.3
2018-04-12,Anuradhapura,6.2,26.9
2018-04-12,Badulla,17.9,22.2
2018-04-12,Dambulla,3.9,25.3
2018-04-12,Nuwara Eliya,6.3,16.2
2018-04-13,Anuradhapura,6.5,26.9
2018-04-13,Badulla,8.5,22.5
2018-04-13,Dambulla,5.5,25.5
2018-04-13,Nuwara Eliya,4.5,16.5
2018-04-14,Anuradhapura,2.6,27.1
2018-04-14,Badulla,3.6,22.5
2018-04-14,Dambulla,3.2,25.9
2018-04-14,Nuwara Eliya,3.9,16.7
2018-04-15,Anuradhapura,4.1,27.3
2018-04-15,Badulla,6.1,23.0
2018-04-15,Dambulla,5.1,26.2
2018-04-15,Nuwara Eliya,5.8,16.7
2018-04-16,Anuradhapura,0.8,28.2
2018-04-16,Badulla,7.5,22.9
2018-04-16,Dambulla,1.1,26.8
2018-04-16,Nuwara Eliya,2.6,16.7
2018-04-17,Anuradhapura,1.4,28.4
2018-04-17,Badulla,2.3,23.3
2018-04-17,Dambulla,2.3,27.1
2018-04-17,Nuwara Eliya,0.4,16.5
2018-04-18,Anuradhapura,6.6,27.8
2018-04-18,Badulla,4.1,22.4
2018-04-18,Dambulla,4.9,26.4
2018-04-18,Nuwara Eliya,2.5,16.4
2018-04-19,Anuradhapura,0.0,28.5
2018-04-19,Badulla,0.8,23.2
2018-04-19,Dambulla,0.4,26.9
2018-04-19,Nuwara Eliya,0.7,17.6
2018-04-20,Anuradhapura,0.1,28.8
2018-04-20,Badulla,2.0,22.7
2018-04-20,Dambulla,0.5,27.7
2018-04-20,Nuwara Eliya,0.8,17.1
2018-04-21,Anuradhapura,0.1,29.1
2018-04-21,Badulla,0.3,23.4
2018-04-21,Dambulla,0.0,27.6
2018-04-21,Nuwara Eliya,0.6,16.8
2018-04-22,Anuradhapura,0.6,28.7
2018-04-22,Badulla,3.2,23.0
2018-04-22,Dambulla,1.6,27.8
2018-04-22,Nuwara Eliya,0.6,17.3
2018-04-23,Anuradhapura,0.1,29.1
2018-04-23,Badulla,0.2,23.8
2018-04-23,Dambulla,0.7,28.2
2018-04-23,Nuwara Eliya,0.0,17.5
2018-04-24,Anuradhapura,2.3,28.0
2018-04-24,Badulla,2.9,23.3
2018-04-24,Dambulla,4.7,26.9
2018-04-24,Nuwara Eliya,1.9,17.1
2018-04-25,Anuradhapura,6.5,28.2
2018-04-25,Badulla,10.0,23.1
2018-04-25,Dambulla,9.1,26.6
2018-04-25,Nuwara Eliya,2.6,17.2
2018-04-26,Anuradhapura,8.5,28.0
2018-04-26,Badulla,7.3,23.1
2018-04-26,Dambulla,7.1,26.3
2018-04-26,Nuwara Eliya,4.6,17.2
2018-04-27,Anuradhapura,1.9,28.3
2018-04-27,Badulla,1.8,23.6
2018-04-27,Dambulla,0.5,27.2
2018-04-27,Nuwara Eliya,2.6,17.6
2018-04-28,Anuradhapura,5.7,27.7
2018-04-28,Badulla,2.2,23.3
2018-04-28,Dambulla,6.7,26.4
2018-04-28,Nuwara Eliya,3.5,17.4
2018-04-29,Anuradhapura,2.1,27.9
2018-04-29,Badulla,1.7,23.4
2018-04-29,Dambulla,1.6,26.7
2018-04-29,Nuwara Eliya,2.3,17.5
2018-04-30,Anuradhapura,2.0,28.6
2018-04-30,Badulla,0.9,24.3
2018-04-30,Dambulla,0.8,27.5
2018-04-30,Nuwara Eliya,0.0,18.0
2018-05-01,Anuradhapura,5.2,28.8
2018-05-01,Badulla,0.0,24.8
2018-05-01,Dambulla,1.0,27.7
2018-05-01,Nuwara Eliya,0.0,17.8
2018-05-02,Anuradhapura,0.9,28.7
2018-05-02,Badulla,0.7,24.1
2018-05-02,Dambulla,2.4,27.5
2018-05-02,Nuwara Eliya,0.1,17.8
2018-05-03,Anuradhapura,9.9,28.1
2018-05-03,Badulla,1.9,24.2
2018-05-03,Dambulla,2.2,27.3
2018-05-03,Nuwara Eliya,0.0,17.9
2018-05-04,Anuradhapura,7.4,28.2
2018-05-04,Badulla,1.5,23.9
2018-05-04,Dambulla,3.5,27.0
2018-05-04,Nuwara Eliya,3.6,17.3
2018-05-05,Anuradhapura,14.4,26.3
2018-05-05,Badulla,13.6,23.1
2018-05-05,Dambulla,14.3,25.8
2018-05-05,Nuwara Eliya,8.0,16.6
2018-05-06,Anuradhapura,1.4,27.6
2018-05-06,Badulla,3.5,23.5
2018-05-06,Dambulla,2.1,26.9
2018-05-06,Nuwara Eliya,4.9,16.7
2018-05-07,Anuradhapura,2.5,27.3
2018-05-07,Badulla,7.7,22.9
2018-05-07,Dambulla,10.5,26.5
2018-05-07,Nuwara Eliya,0.7,16.6
2018-05-08,Anuradhapura,8.9,26.9
2018-05-08,Badulla,0.8,22.7
2018-05-08,Dambulla,14.1,25.8
2018-05-08,Nuwara Eliya,16.6,16.4
2018-05-09,Anuradhapura,9.1,27.0
2018-05-09,Badulla,18.1,22.7
2018-05-09,Dambulla,5.7,26.0
2018-05-09,Nuwara Eliya,1.6,16.5
2018-05-10,Anuradhapura,14.6,26.8
2018-05-10,Badulla,16.5,22.4
2018-05-10,Dambulla,6.9,26.0
2018-05-10,Nuwara Eliya,31.3,16.4
2018-05-11,Anuradhapura,1.5,27.5
2018-05-11,Badulla,3.9,23.3
2018-05-11,Dambulla,0.7,26.5
2018-05-11,Nuwara Eliya,4.5,16.8
2018-05-12,Anuradhapura,7.8,27.1
2018-05-12,Badulla,7.3,22.9
2018-05-12,Dambulla,6.6,25.8
2018-05-12,Nuwara Eliya,35.0,16.4
2018-05-13,Anuradhapura,1.8,27.0
2018-05-13,Badulla,3.4,23.0
2018-05-13,Dambulla,18.8,25.9
2018-05-13,Nuwara Eliya,5.8,16.1
2018-05-14,Anuradhapura,8.2,26.7
2018-05-14,Badulla,10.6,22.6
2018-05-14,Dambulla,15.7,25.6
2018-05-14,Nuwara Eliya,11.7,16.2
2018-05-15,Anuradhapura,6.2,26.8
2018-05-15,Badulla,5.1,22.9
2018-05-15,Dambulla,16.2,25.9
2018-05-15,Nuwara Eliya,1.2,16.6
2018-05-16,Anuradhapura,15.9,26.5
2018-05-16,Badulla,5.6,22.8
2018-05-16,Dambulla,12.5,25.6
2018-05-16,Nuwara Eliya,29.9,16.6
2018-05-17,Anuradhapura,4.5,25.7
2018-05-17,Badulla,12.7,23.1
2018-05-17,Dambulla,10.7,25.1
2018-05-17,Nuwara Eliya,17.7,16.4
2018-05-18,Anuradhapura,13.2,25.6
2018-05-18,Badulla,6.6,22.1
2018-05-18,Dambulla,10.8,24.9
2018-05-18,Nuwara Eliya,6.9,15.6
2018-05-19,Anuradhapura,4.6,26.3
2018-05-19,Badulla,1.6,23.0
2018-05-19,Dambulla,1.2,25.9
2018-05-19,Nuwara Eliya,0.2,16.4
2018-05-20,Anuradhapura,4.0,26.1
2018-05-20,Badulla,8.6,22.6
2018-05-20,Dambulla,0.5,25.2
2018-05-20,Nuwara Eliya,3.9,16.2
2018-05-21,Anuradhapura,5.8,25.4
2018-05-21,Badulla,18.4,22.5
2018-05-21,Dambulla,0.8,24.8
2018-05-21,Nuwara Eliya,5.6,16.0
2018-05-22,Anuradhapura,9.7,26.2
2018-05-22,Badulla,0.8,22.9
2018-05-22,Dambulla,2.2,26.0
2018-05-22,Nuwara Eliya,1.4,16.8
2018-05-23,Anuradhapura,13.0,26.0
2018-05-23,Badulla,1.5,22.8
2018-05-23,Dambulla,1.1,25.6
2018-05-23,Nuwara Eliya,1.7,16.4
2018-05-24,Anuradhapura,8.0,25.7
2018-05-24,Badulla,40.3,22.9
2018-05-24,Dambulla,1.3,25.2
2018-05-24,Nuwara Eliya,23.8,16.6
2018-05-25,Anuradhapura,17.1,25.0
2018-05-25,Badulla,32.2,22.5
2018-05-25,Dambulla,33.5,24.4
2018-05-25,Nuwara Eliya,42.6,16.0
2018-05-26,Anuradhapura,5.9,26.1
2018-05-26,Badulla,6.3,22.6
2018-05-26,Dambulla,2.1,25.5
2018-05-26,Nuwara Eliya,3.8,16.6
2018-05-27,Anuradhapura,2.7,26.7
2018-05-27,Badulla,4.3,23.9
2018-05-27,Dambulla,1.0,25.6
2018-05-27,Nuwara Eliya,3.3,16.9
2018-05-28,Anuradhapura,2.6,27.2
2018-05-28,Badulla,1.3,24.6
2018-05-28,Dambulla,1.6,25.5
2018-05-28,Nuwara Eliya,8.0,16.5
2018-05-29,Anuradhapura,0.0,28.1
2018-05-29,Badulla,0.0,24.3
2018-05-29,Dambulla,1.0,26.6
2018-05-29,Nuwara Eliya,2.3,16.1
2018-05-30,Anuradhapura,0.4,28.3
2018-05-30,Badulla,0.2,24.2
2018-05-30,Dambulla,0.1,27.0
2018-05-30,Nuwara Eliya,0.6,16.1
2018-05-31,Anuradhapura,0.2,28.3
2018-05-31,Badulla,4.7,24.1
2018-05-31,Dambulla,0.4,26.7
2018-05-31,Nuwara Eliya,0.4,16.4
2018-06-01,Anuradhapura,1.2,26.9
2018-06-01,Badulla,10.8,24.1
2018-06-01,Dambulla,0.2,26.0
2018-06-01,Nuwara Eliya,0.9,16.8
2018-06-02,Anuradhapura,8.4,26.5
2018-06-02,Badulla,3.3,24.0
2018-06-02,Dambulla,0.5,25.8
2018-06-02,Nuwara Eliya,1.3,17.1
2018-06-03,Anuradhapura,3.6,26.5
2018-06-03,Badulla,12.0,24.1
2018-06-03,Dambulla,0.5,25.4
2018-06-03,Nuwara Eliya,1.0,16.6
2018-06-04,Anuradhapura,0.8,26.8
2018-06-04,Badulla,6.5,24.4
2018-06-04,Dambulla,0.1,25.7
2018-06-04,Nuwara Eliya,0.2,16.7
2018-06-05,Anuradhapura,0.0,27.2
2018-06-05,Badulla,6.3,24.1
2018-06-05,Dambulla,0.3,26.4
2018-06-05,Nuwara Eliya,1.0,17.1
2018-06-06,Anuradhapura,1.9,27.0
2018-06-06,Badulla,7.5,23.9
2018-06-06,Dambulla,1.2,25.9
2018-06-06,Nuwara Eliya,1.3,16.9
2018-06-07,Anuradhapura,9.4,26.4
2018-06-07,Badulla,16.1,23.4
2018-06-07,Dambulla,4.1,25.2
2018-06-07,Nuwara Eliya,4.7,16.6
2018-06-08,Anuradhapura,2.2,27.2
2018-06-08,Badulla,0.9,24.4
2018-06-08,Dambulla,5.8,25.5
2018-06-08,Nuwara Eliya,10.3,16.0
2018-06-09,Anuradhapura,1.8,27.5
2018-06-09,Badulla,0.4,24.3
2018-06-09,Dambulla,5.7,25.7
2018-06-09,Nuwara Eliya,18.7,15.7
2018-06-10,Anuradhapura,2.2,27.6
2018-06-10,Badulla,0.0,24.5
2018-06-10,Dambulla,5.8,25.9
2018-06-10,Nuwara Eliya,9.5,15.7
2018-06-11,Anuradhapura,0.2,27.5
2018-06-11,Badulla,0.0,24.6
2018-06-11,Dambulla,0.4,26.2
2018-06-11,Nuwara Eliya,1.4,15.9
2018-06-12,Anuradhapura,0.3,27.6
2018-06-12,Badulla,0.0,23.9
2018-06-12,Dambulla,0.3,26.5
2018-06-12,Nuwara Eliya,1.2,15.5
2018-06-13,Anuradhapura,0.8,27.3
2018-06-13,Badulla,0.0,24.3
2018-06-13,Dambulla,1.2,26.0
2018-06-13,Nuwara Eliya,2.7,15.7
2018-06-14,Anuradhapura,1.6,27.3
2018-06-14,Badulla,18.8,24.1
2018-06-14,Dambulla,1.5,25.5
2018-06-14,Nuwara Eliya,2.6,16.1
2018-06-15,Anuradhapura,1.3,27.4
2018-06-15,Badulla,3.5,24.2
2018-06-15,Dambulla,2.7,25.5
2018-06-15,Nuwara Eliya,0.8,16.3
2018-06-16,Anuradhapura,3.9,26.6
2018-06-16,Badulla,8.0,24.1
2018-06-16,Dambulla,1.0,25.2
2018-06-16,Nuwara Eliya,2.1,16.1
2018-06-17,Anuradhapura,1.3,27.4
2018-06-17,Badulla,11.2,24.1
2018-06-17,Dambulla,1.7,25.5
2018-06-17,Nuwara Eliya,0.9,15.8
2018-06-18,Anuradhapura,1.1,27.3
2018-06-18,Badulla,2.9,24.4
2018-06-18,Dambulla,0.6,25.8
2018-06-18,Nuwara Eliya,0.2,15.6
2018-06-19,Anuradhapura,0.4,27.2
2018-06-19,Badulla,1.6,23.7
2018-06-19,Dambulla,0.8,25.8
2018-06-19,Nuwara Eliya,0.1,15.4
2018-06-20,Anuradhapura,0.5,26.8
2018-06-20,Badulla,0.0,23.5
2018-06-20,Dambulla,0.0,25.9
2018-06-20,Nuwara Eliya,0.0,15.3
2018-06-21,Anuradhapura,3.5,26.5
2018-06-21,Badulla,13.7,23.6
2018-06-21,Dambulla,3.6,25.1
2018-06-21,Nuwara Eliya,3.3,15.8
2018-06-22,Anuradhapura,2.3,26.5
2018-06-22,Badulla,15.9,24.1
2018-06-22,Dambulla,3.8,24.9
2018-06-22,Nuwara Eliya,3.0,15.5
2018-06-23,Anuradhapura,0.7,26.9
2018-06-23,Badulla,3.8,23.7
2018-06-23,Dambulla,2.8,25.1
2018-06-23,Nuwara Eliya,1.6,15.7
2018-06-24,Anuradhapura,0.3,27.3
2018-06-24,Badulla,7.3,23.8
2018-06-24,Dambulla,2.3,25.2
2018-06-24,Nuwara Eliya,1.8,15.6
2018-06-25,Anuradhapura,1.1,27.1
2018-06-25,Badulla,11.1,24.0
2018-06-25,Dambulla,3.7,25.2
2018-06-25,Nuwara Eliya,2.2,15.6
2018-06-26,Anuradhapura,0.1,27.6
2018-06-26,Badulla,1.0,24.1
2018-06-26,Dambulla,1.3,25.9
2018-06-26,Nuwara Eliya,3.3,15.5
2018-06-27,Anuradhapura,0.1,27.5
2018-06-27,Badulla,0.1,24.1
2018-06-27,Dambulla,1.8,25.5
2018-06-27,Nuwara Eliya,4.0,15.3
2018-06-28,Anuradhapura,0.3,27.7
2018-06-28,Badulla,0.0,24.6
2018-06-28,Dambulla,0.8,26.2
2018-06-28,Nuwara Eliya,2.3,15.6
2018-06-29,Anuradhapura,0.1,27.5
2018-06-29,Badulla,13.8,24.2
2018-06-29,Dambulla,3.5,25.7
2018-06-29,Nuwara Eliya,0.7,15.4
2018-06-30,Anuradhapura,0.7,27.3
2018-06-30,Badulla,1.7,23.0
2018-06-30,Dambulla,1.6,26.0
2018-06-30,Nuwara Eliya,1.1,15.8
2018-07-01,Anuradhapura,1.3,27.3
2018-07-01,Badulla,2.3,23.4
2018-07-01,Dambulla,1.9,26.3
2018-07-01,Nuwara Eliya,0.7,16.2
2018-07-02,Anuradhapura,3.7,26.8
2018-07-02,Badulla,1.2,23.4
2018-07-02,Dambulla,0.9,25.7
2018-07-02,Nuwara Eliya,6.6,15.6
2018-07-03,Anuradhapura,0.7,27.5
2018-07-03,Badulla,4.8,23.5
2018-07-03,Dambulla,0.0,26.6
2018-07-03,Nuwara Eliya,0.5,15.8
2018-07-04,Anuradhapura,0.0,27.9
2018-07-04,Badulla,0.0,24.1
2018-07-04,Dambulla,0.2,26.9
2018-07-04,Nuwara Eliya,0.0,15.9
2018-07-05,Anuradhapura,0.0,27.9
2018-07-05,Badulla,0.1,24.3
2018-07-05,Dambulla,0.0,27.0
2018-07-05,Nuwara Eliya,0.0,15.7
2018-07-06,Anuradhapura,0.0,28.0
2018-07-06,Badulla,1.3,24.1
2018-07-06,Dambulla,0.2,26.6
2018-07-06,Nuwara Eliya,0.4,15.6
2018-07-07,Anuradhapura,0.0,28.0
2018-07-07,Badulla,0.0,24.5
2018-07-07,Dambulla,0.1,26.8
2018-07-07,Nuwara Eliya,0.8,15.2
2018-07-08,Anuradhapura,0.3,28.0
2018-07-08,Badulla,0.0,24.5
2018-07-08,Dambulla,2.0,25.8
2018-07-08,Nuwara Eliya,6.0,15.2
2018-07-09,Anuradhapura,0.7,27.7
2018-07-09,Badulla,0.1,25.1
2018-07-09,Dambulla,4.5,24.9
2018-07-09,Nuwara Eliya,10.0,15.2
2018-07-10,Anuradhapura,1.1,27.2
2018-07-10,Badulla,1.7,24.4
2018-07-10,Dambulla,5.0,24.8
2018-07-10,Nuwara Eliya,9.1,15.1
2018-07-11,Anuradhapura,0.5,26.9
2018-07-11,Badulla,0.9,23.9
2018-07-11,Dambulla,3.0,24.5
2018-07-11,Nuwara Eliya,6.3,14.7
2018-07-12,Anuradhapura,0.0,27.6
2018-07-12,Badulla,0.0,24.1
2018-07-12,Dambulla,3.8,25.5
2018-07-12,Nuwara Eliya,6.8,15.0
2018-07-13,Anuradhapura,0.0,27.8
2018-07-13,Badulla,0.0,24.3
2018-07-13,Dambulla,3.6,25.7
2018-07-13,Nuwara Eliya,5.2,14.5
2018-07-14,Anuradhapura,0.1,27.9
2018-07-14,Badulla,0.3,24.6
2018-07-14,Dambulla,0.7,26.1
2018-07-14,Nuwara Eliya,12.6,14.6
2018-07-15,Anuradhapura,1.2,27.4
2018-07-15,Badulla,0.6,25.2
2018-07-15,Dambulla,2.6,25.7
2018-07-15,Nuwara Eliya,10.3,15.7
2018-07-16,Anuradhapura,0.1,27.9
2018-07-16,Badulla,0.0,24.6
2018-07-16,Dambulla,2.3,25.8
2018-07-16,Nuwara Eliya,6.3,15.2
2018-07-17,Anuradhapura,0.0,28.4
2018-07-17,Badulla,0.9,24.7
2018-07-17,Dambulla,0.9,26.4
2018-07-17,Nuwara Eliya,7.5,15.3
2018-07-18,Anuradhapura,0.2,28.4
2018-07-18,Badulla,0.0,25.9
2018-07-18,Dambulla,0.8,26.6
2018-07-18,Nuwara Eliya,1.9,15.3
2018-07-19,Anuradhapura,0.0,27.4
2018-07-19,Badulla,0.0,25.4
2018-07-19,Dambulla,1.4,25.5
2018-07-19,Nuwara Eliya,2.5,14.7
2018-07-20,Anuradhapura,0.0,28.0
2018-07-20,Badulla,0.0,25.4
2018-07-20,Dambulla,0.0,26.4
2018-07-20,Nuwara Eliya,0.3,14.7
2018-07-21,Anuradhapura,0.0,28.0
2018-07-21,Badulla,0.0,25.8
2018-07-21,Dambulla,0.6,26.4
2018-07-21,Nuwara Eliya,1.9,15.1
2018-07-22,Anuradhapura,0.0,28.5
2018-07-22,Badulla,0.0,26.0
2018-07-22,Dambulla,0.0,26.9
2018-07-22,Nuwara Eliya,0.4,15.6
2018-07-23,Anuradhapura,0.0,28.7
2018-07-23,Badulla,0.5,26.0
2018-07-23,Dambulla,0.0,27.1
2018-07-23,Nuwara Eliya,0.3,15.9
2018-07-24,Anuradhapura,0.0,28.4
2018-07-24,Badulla,1.3,25.2
2018-07-24,Dambulla,0.8,26.4
2018-07-24,Nuwara Eliya,4.9,15.6
2018-07-25,Anuradhapura,0.2,28.5
2018-07-25,Badulla,3.0,25.2
2018-07-25,Dambulla,0.5,26.4
2018-07-25,Nuwara Eliya,6.7,15.8
2018-07-26,Anuradhapura,0.4,28.5
2018-07-26,Badulla,2.7,24.9
2018-07-26,Dambulla,0.2,26.7
2018-07-26,Nuwara Eliya,1.7,16.0
2018-07-27,Anuradhapura,0.6,28.2
2018-07-27,Badulla,1.3,24.7
2018-07-27,Dambulla,0.7,26.8
2018-07-27,Nuwara Eliya,2.9,15.8
2018-07-28,Anuradhapura,0.0,28.2
2018-07-28,Badulla,0.1,25.0
2018-07-28,Dambulla,0.0,26.7
2018-07-28,Nuwara Eliya,0.2,16.0
2018-07-29,Anuradhapura,0.0,27.5
2018-07-29,Badulla,0.0,25.1
2018-07-29,Dambulla,0.2,26.3
2018-07-29,Nuwara Eliya,0.0,15.1
2018-07-30,Anuradhapura,1.6,27.5
2018-07-30,Badulla,1.5,25.6
2018-07-30,Dambulla,1.2,25.7
2018-07-30,Nuwara Eliya,1.2,16.0
2018-07-31,Anuradhapura,0.7,27.3
2018-07-31,Badulla,6.7,25.1
2018-07-31,Dambulla,1.1,25.4
2018-07-31,Nuwara Eliya,1.7,15.5
2018-08-01,Anuradhapura,0.2,27.6
2018-08-01,Badulla,0.0,24.9
2018-08-01,Dambulla,1.3,26.2
2018-08-01,Nuwara Eliya,0.4,15.0
2018-08-02,Anuradhapura,0.8,27.8
2018-08-02,Badulla,15.7,24.8
2018-08-02,Dambulla,1.2,26.4
2018-08-02,Nuwara Eliya,2.0,15.7
2018-08-03,Anuradhapura,0.1,27.9
2018-08-03,Badulla,0.7,25.0
2018-08-03,Dambulla,0.1,26.5
2018-08-03,Nuwara Eliya,0.1,15.5
2018-08-04,Anuradhapura,0.0,27.7
2018-08-04,Badulla,0.3,25.0
2018-08-04,Dambulla,0.0,26.6
2018-08-04,Nuwara Eliya,0.3,15.3
2018-08-05,Anuradhapura,0.0,27.9
2018-08-05,Badulla,0.0,24.6
2018-08-05,Dambulla,2.2,25.9
2018-08-05,Nuwara Eliya,1.3,14.9
2018-08-06,Anuradhapura,0.0,27.9
2018-08-06,Badulla,0.0,25.1
2018-08-06,Dambulla,1.0,26.1
2018-08-06,Nuwara Eliya,2.5,14.7
2018-08-07,Anuradhapura,0.1,27.5
2018-08-07,Badulla,0.0,25.1
2018-08-07,Dambulla,2.4,25.5
2018-08-07,Nuwara Eliya,2.1,14.5
2018-08-08,Anuradhapura,1.1,27.4
2018-08-08,Badulla,0.2,25.1
2018-08-08,Dambulla,4.0,24.8
2018-08-08,Nuwara Eliya,3.8,14.6
2018-08-09,Anuradhapura,5.0,27.0
2018-08-09,Badulla,0.5,24.8
2018-08-09,Dambulla,2.9,24.9
2018-08-09,Nuwara Eliya,1.8,14.2
2018-08-10,Anuradhapura,4.3,27.2
2018-08-10,Badulla,0.9,25.4
2018-08-10,Dambulla,3.3,25.4
2018-08-10,Nuwara Eliya,1.5,14.6
2018-08-11,Anuradhapura,1.5,27.3
2018-08-11,Badulla,0.0,25.2
2018-08-11,Dambulla,0.9,25.9
2018-08-11,Nuwara Eliya,5.0,14.8
2018-08-12,Anuradhapura,0.1,27.5
2018-08-12,Badulla,0.3,24.6
2018-08-12,Dambulla,1.0,25.6
2018-08-12,Nuwara Eliya,19.9,14.9
2018-08-13,Anuradhapura,0.0,27.7
2018-08-13,Badulla,0.0,25.4
2018-08-13,Dambulla,3.6,25.6
2018-08-13,Nuwara Eliya,7.7,14.8
2018-08-14,Anuradhapura,8.2,26.9
2018-08-14,Badulla,0.7,25.9
2018-08-14,Dambulla,6.1,24.9
2018-08-14,Nuwara Eliya,10.5,15.6
2018-08-15,Anuradhapura,3.3,26.2
2018-08-15,Badulla,1.3,24.5
2018-08-15,Dambulla,11.4,23.9
2018-08-15,Nuwara Eliya,20.3,15.1
2018-08-16,Anuradhapura,0.0,27.0
2018-08-16,Badulla,1.5,24.4
2018-08-16,Dambulla,4.0,25.4
2018-08-16,Nuwara Eliya,17.9,14.6
2018-08-17,Anuradhapura,3.0,27.1
2018-08-17,Badulla,3.6,23.2
2018-08-17,Dambulla,3.1,25.2
2018-08-17,Nuwara Eliya,18.9,14.6
2018-08-18,Anuradhapura,2.0,26.7
2018-08-18,Badulla,9.0,23.1
2018-08-18,Dambulla,3.6,25.1
2018-08-18,Nuwara Eliya,15.6,14.5
2018-08-19,Anuradhapura,0.4,27.4
2018-08-19,Badulla,1.2,24.6
2018-08-19,Dambulla,0.4,24.9
2018-08-19,Nuwara Eliya,3.8,14.6
2018-08-20,Anuradhapura,0.0,27.4
2018-08-20,Badulla,0.0,25.1
2018-08-20,Dambulla,0.4,25.6
2018-08-20,Nuwara Eliya,0.8,15.0
2018-08-21,Anuradhapura,0.0,27.6
2018-08-21,Badulla,0.0,25.4
2018-08-21,Dambulla,0.0,26.1
2018-08-21,Nuwara Eliya,0.1,14.8
2018-08-22,Anuradhapura,0.2,28.2
2018-08-22,Badulla,0.3,24.8
2018-08-22,Dambulla,0.0,26.2
2018-08-22,Nuwara Eliya,0.0,15.6
2018-08-23,Anuradhapura,6.0,28.0
2018-08-23,Badulla,0.1,25.3
2018-08-23,Dambulla,1.0,27.1
2018-08-23,Nuwara Eliya,5.1,16.0
2018-08-24,Anuradhapura,15.6,27.5
2018-08-24,Badulla,0.5,25.3
2018-08-24,Dambulla,0.3,27.2
2018-08-24,Nuwara Eliya,1.5,16.5
2018-08-25,Anuradhapura,1.8,27.7
2018-08-25,Badulla,1.1,24.7
2018-08-25,Dambulla,0.2,26.5
2018-08-25,Nuwara Eliya,0.2,16.1
2018-08-26,Anuradhapura,0.0,27.8
2018-08-26,Badulla,0.8,25.4
2018-08-26,Dambulla,0.0,26.4
2018-08-26,Nuwara Eliya,0.0,15.7
2018-08-27,Anuradhapura,0.3,27.8
2018-08-27,Badulla,0.3,25.4
2018-08-27,Dambulla,0.6,26.4
2018-08-27,Nuwara Eliya,0.9,15.2
2018-08-28,Anuradhapura,0.0,28.3
2018-08-28,Badulla,3.5,25.1
2018-08-28,Dambulla,0.1,27.0
2018-08-28,Nuwara Eliya,2.0,15.8
2018-08-29,Anuradhapura,0.7,27.9
2018-08-29,Badulla,0.6,25.6
2018-08-29,Dambulla,0.3,26.7
2018-08-29,Nuwara Eliya,0.0,15.6
2018-08-30,Anuradhapura,3.3,27.8
2018-08-30,Badulla,0.7,25.5
2018-08-30,Dambulla,0.7,26.9
2018-08-30,Nuwara Eliya,0.4,15.5
2018-08-31,Anuradhapura,0.8,27.4
2018-08-31,Badulla,0.2,25.7
2018-08-31,Dambulla,2.1,26.2
2018-08-31,Nuwara Eliya,0.2,15.1
2018-09-01,Anuradhapura,0.3,27.3
2018-09-01,Badulla,1.3,25.3
2018-09-01,Dambulla,0.0,26.5
2018-09-01,Nuwara Eliya,0.0,15.3
2018-09-02,Anuradhapura,0.1,27.6
2018-09-02,Badulla,0.2,25.8
2018-09-02,Dambulla,0.0,26.9
2018-09-02,Nuwara Eliya,0.1,15.1
2018-09-03,Anuradhapura,0.0,27.6
2018-09-03,Badulla,1.2,25.4
2018-09-03,Dambulla,0.0,27.0
2018-09-03,Nuwara Eliya,0.8,15.4
2018-09-04,Anuradhapura,0.0,27.7
2018-09-04,Badulla,0.0,26.2
2018-09-04,Dambulla,0.0,27.1
2018-09-04,Nuwara Eliya,0.1,16.5
2018-09-05,Anuradhapura,0.0,27.4
2018-09-05,Badulla,0.0,26.0
2018-09-05,Dambulla,0.0,26.7
2018-09-05,Nuwara Eliya,0.0,15.1
2018-09-06,Anuradhapura,0.0,27.5
2018-09-06,Badulla,0.0,25.7
2018-09-06,Dambulla,0.0,26.4
2018-09-06,Nuwara Eliya,0.0,14.8
2018-09-07,Anuradhapura,0.0,27.8
2018-09-07,Badulla,0.0,25.1
2018-09-07,Dambulla,0.0,26.6
2018-09-07,Nuwara Eliya,0.0,14.7
2018-09-08,Anuradhapura,0.0,28.3
2018-09-08,Badulla,0.0,25.8
2018-09-08,Dambulla,0.0,27.1
2018-09-08,Nuwara Eliya,0.0,16.0
2018-09-09,Anuradhapura,1.2,28.7
2018-09-09,Badulla,0.4,25.8
2018-09-09,Dambulla,1.1,27.7
2018-09-09,Nuwara Eliya,0.1,17.0
2018-09-10,Anuradhapura,3.4,28.1
2018-09-10,Badulla,6.6,24.7
2018-09-10,Dambulla,4.6,26.8
2018-09-10,Nuwara Eliya,4.3,16.5
2018-09-11,Anuradhapura,0.7,28.8
2018-09-11,Badulla,1.3,25.0
2018-09-11,Dambulla,0.0,27.9
2018-09-11,Nuwara Eliya,2.6,16.1
2018-09-12,Anuradhapura,0.0,29.5
2018-09-12,Badulla,1.8,25.1
2018-09-12,Dambulla,0.0,28.3
2018-09-12,Nuwara Eliya,3.1,16.2
2018-09-13,Anuradhapura,0.3,28.8
2018-09-13,Badulla,3.2,25.2
2018-09-13,Dambulla,0.1,27.7
2018-09-13,Nuwara Eliya,4.2,17.0
2018-09-14,Anuradhapura,0.1,28.9
2018-09-14,Badulla,1.9,25.8
2018-09-14,Dambulla,0.6,27.9
2018-09-14,Nuwara Eliya,1.7,17.1
2018-09-15,Anuradhapura,0.0,28.8
2018-09-15,Badulla,0.2,25.8
2018-09-15,Dambulla,0.0,27.5
2018-09-15,Nuwara Eliya,0.1,16.3
2018-09-16,Anuradhapura,0.0,28.2
2018-09-16,Badulla,0.0,26.1
2018-09-16,Dambulla,0.0,27.2
2018-09-16,Nuwara Eliya,0.0,15.2
2018-09-17,Anuradhapura,0.1,28.4
2018-09-17,Badulla,0.0,25.8
2018-09-17,Dambulla,0.4,26.9
2018-09-17,Nuwara Eliya,0.6,15.1
2018-09-18,Anuradhapura,0.0,28.5
2018-09-18,Badulla,0.0,25.8
2018-09-18,Dambulla,0.9,26.9
2018-09-18,Nuwara Eliya,3.1,15.3
2018-09-19,Anuradhapura,0.3,28.3
2018-09-19,Badulla,0.1,25.5
2018-09-19,Dambulla,3.4,25.8
2018-09-19,Nuwara Eliya,4.3,15.1
2018-09-20,Anuradhapura,1.0,28.0
2018-09-20,Badulla,0.0,26.2
2018-09-20,Dambulla,2.8,25.7
2018-09-20,Nuwara Eliya,2.3,15.6
2018-09-21,Anuradhapura,2.1,27.0
2018-09-21,Badulla,19.7,25.5
2018-09-21,Dambulla,2.6,25.5
2018-09-21,Nuwara Eliya,3.9,15.9
2018-09-22,Anuradhapura,0.2,28.8
2018-09-22,Badulla,1.9,24.5
2018-09-22,Dambulla,1.1,26.7
2018-09-22,Nuwara Eliya,2.8,15.8
2018-09-23,Anuradhapura,8.8,27.5
2018-09-23,Badulla,14.1,23.6
2018-09-23,Dambulla,6.4,26.4
2018-09-23,Nuwara Eliya,9.4,15.7
2018-09-24,Anuradhapura,20.9,25.5
2018-09-24,Badulla,11.2,22.8
2018-09-24,Dambulla,3.4,24.8
2018-09-24,Nuwara Eliya,17.8,15.3
2018-09-25,Anuradhapura,10.8,26.5
2018-09-25,Badulla,3.9,22.8
2018-09-25,Dambulla,5.3,26.0
2018-09-25,Nuwara Eliya,24.1,15.3
2018-09-26,Anuradhapura,91.6,26.3
2018-09-26,Badulla,40.6,22.5
2018-09-26,Dambulla,10.6,25.6
2018-09-26,Nuwara Eliya,27.5,15.5
2018-09-27,Anuradhapura,43.5,26.3
2018-09-27,Badulla,16.6,22.6
2018-09-27,Dambulla,19.5,25.7
2018-09-27,Nuwara Eliya,28.2,15.9
2018-09-28,Anuradhapura,21.4,25.8
2018-09-28,Badulla,28.1,22.6
2018-09-28,Dambulla,124.0,25.1
2018-09-28,Nuwara Eliya,67.0,16.0
2018-09-29,Anuradhapura,11.7,25.8
2018-09-29,Badulla,21.6,22.4
2018-09-29,Dambulla,66.5,24.8
2018-09-29,Nuwara Eliya,6.8,16.4
2018-09-30,Anuradhapura,9.3,26.1
2018-09-30,Badulla,14.4,22.8
2018-09-30,Dambulla,7.1,25.4
2018-09-30,Nuwara Eliya,2.8,16.1
2018-10-01,Anuradhapura,12.4,26.3
2018-10-01,Badulla,19.6,22.6
2018-10-01,Dambulla,18.3,25.3
2018-10-01,Nuwara Eliya,7.7,16.2
2018-10-02,Anuradhapura,16.9,25.8
2018-10-02,Badulla,13.4,21.7
2018-10-02,Dambulla,14.7,24.8
2018-10-02,Nuwara Eliya,33.7,16.1
2018-10-03,Anuradhapura,16.8,25.9
2018-10-03,Badulla,19.4,22.2
2018-10-03,Dambulla,24.1,25.0
2018-10-03,Nuwara Eliya,54.1,16.3
2018-10-04,Anuradhapura,30.0,25.6
2018-10-04,Badulla,28.7,22.6
2018-10-04,Dambulla,43.4,24.8
2018-10-04,Nuwara Eliya,24.2,16.7
2018-10-05,Anuradhapura,16.9,26.0
2018-10-05,Badulla,8.4,23.0
2018-10-05,Dambulla,15.4,25.3
2018-10-05,Nuwara Eliya,14.0,16.7
2018-10-06,Anuradhapura,21.2,26.0
2018-10-06,Badulla,24.7,22.4
2018-10-06,Dambulla,77.2,25.2
2018-10-06,Nuwara Eliya,122.7,16.6
2018-10-07,Anuradhapura,38.1,26.0
2018-10-07,Badulla,54.0,22.3
2018-10-07,Dambulla,22.9,24.8
2018-10-07,Nuwara Eliya,51.4,16.2
2018-10-08,Anuradhapura,8.6,25.7
2018-10-08,Badulla,4.4,22.5
2018-10-08,Dambulla,9.8,24.7
2018-10-08,Nuwara Eliya,3.2,16.4
2018-10-09,Anuradhapura,12.1,25.3
2018-10-09,Badulla,13.3,22.3
2018-10-09,Dambulla,7.1,24.3
2018-10-09,Nuwara Eliya,11.2,15.3
2018-10-10,Anuradhapura,5.0,26.0
2018-10-10,Badulla,0.0,23.0
2018-10-10,Dambulla,1.4,25.1
2018-10-10,Nuwara Eliya,1.6,15.9
2018-10-11,Anuradhapura,3.4,26.8
2018-10-11,Badulla,0.0,23.4
2018-10-11,Dambulla,0.3,25.8
2018-10-11,Nuwara Eliya,3.8,15.8
2018-10-12,Anuradhapura,3.3,26.5
2018-10-12,Badulla,0.2,23.5
2018-10-12,Dambulla,0.9,25.6
2018-10-12,Nuwara Eliya,4.9,16.0
2018-10-13,Anuradhapura,3.5,25.5
2018-10-13,Badulla,20.4,22.6
2018-10-13,Dambulla,2.1,24.7
2018-10-13,Nuwara Eliya,6.9,15.4
2018-10-14,Anuradhapura,7.7,25.7
2018-10-14,Badulla,1.6,22.1
2018-10-14,Dambulla,6.0,24.8
2018-10-14,Nuwara Eliya,4.0,15.4
2018-10-15,Anuradhapura,1.1,26.2
2018-10-15,Badulla,0.5,22.5
2018-10-15,Dambulla,1.3,25.5
2018-10-15,Nuwara Eliya,6.6,15.7
2018-10-16,Anuradhapura,16.2,25.6
2018-10-16,Badulla,9.4,22.4
2018-10-16,Dambulla,5.3,25.1
2018-10-16,Nuwara Eliya,6.5,15.8
2018-10-17,Anuradhapura,6.7,25.0
2018-10-17,Badulla,4.1,21.2
2018-10-17,Dambulla,9.0,23.9
2018-10-17,Nuwara Eliya,45.3,14.5
2018-10-18,Anuradhapura,6.6,25.8
2018-10-18,Badulla,5.7,22.0
2018-10-18,Dambulla,4.8,25.1
2018-10-18,Nuwara Eliya,1.8,15.5
2018-10-19,Anuradhapura,4.0,25.6
2018-10-19,Badulla,5.4,21.9
2018-10-19,Dambulla,7.8,24.8
2018-10-19,Nuwara Eliya,10.6,15.9
2018-10-20,Anuradhapura,24.7,24.9
2018-10-20,Badulla,13.3,21.8
2018-10-20,Dambulla,25.2,24.1
2018-10-20,Nuwara Eliya,69.9,15.4
2018-10-21,Anuradhapura,25.5,25.0
2018-10-21,Badulla,23.4,22.1
2018-10-21,Dambulla,26.3,24.1
2018-10-21,Nuwara Eliya,16.6,15.7
2018-10-22,Anuradhapura,14.4,25.4
2018-10-22,Badulla,7.0,21.8
2018-10-22,Dambulla,14.4,24.6
2018-10-22,Nuwara Eliya,38.4,15.6
2018-10-23,Anuradhapura,16.4,25.2
2018-10-23,Badulla,11.1,22.3
2018-10-23,Dambulla,37.5,24.6
2018-10-23,Nuwara Eliya,16.9,16.0
2018-10-24,Anuradhapura,13.3,25.9
2018-10-24,Badulla,13.5,22.3
2018-10-24,Dambulla,14.2,24.9
2018-10-24,Nuwara Eliya,7.4,15.9
2018-10-25,Anuradhapura,11.4,25.2
2018-10-25,Badulla,27.3,21.3
2018-10-25,Dambulla,5.6,24.2
2018-10-25,Nuwara Eliya,16.0,15.4
2018-10-26,Anuradhapura,12.3,25.0
2018-10-26,Badulla,13.6,21.6
2018-10-26,Dambulla,10.0,24.2
2018-10-26,Nuwara Eliya,4.8,15.3
2018-10-27,Anuradhapura,11.0,24.9
2018-10-27,Badulla,22.8,21.9
2018-10-27,Dambulla,10.8,24.1
2018-10-27,Nuwara Eliya,37.6,15.7
2018-10-28,Anuradhapura,22.5,24.5
2018-10-28,Badulla,7.5,21.5
2018-10-28,Dambulla,14.0,23.5
2018-10-28,Nuwara Eliya,6.1,15.8
2018-10-29,Anuradhapura,19.6,25.1
2018-10-29,Badulla,18.6,22.0
2018-10-29,Dambulla,20.8,24.2
2018-10-29,Nuwara Eliya,6.0,15.9
2018-10-30,Anuradhapura,8.2,25.4
2018-10-30,Badulla,0.2,22.8
2018-10-30,Dambulla,9.4,25.1
2018-10-30,Nuwara Eliya,0.9,16.3
2018-10-31,Anuradhapura,29.3,24.9
2018-10-31,Badulla,49.9,21.9
2018-10-31,Dambulla,13.3,24.0
2018-10-31,Nuwara Eliya,47.4,15.9
2018-11-01,Anuradhapura,14.7,24.5
2018-11-01,Badulla,5.8,21.9
2018-11-01,Dambulla,6.8,24.3
2018-11-01,Nuwara Eliya,9.9,16.0
2018-11-02,Anuradhapura,16.5,25.4
2018-11-02,Badulla,11.1,21.9
2018-11-02,Dambulla,5.7,24.7
2018-11-02,Nuwara Eliya,5.6,15.9
2018-11-03,Anuradhapura,8.2,25.5
2018-11-03,Badulla,5.2,21.9
2018-11-03,Dambulla,17.6,24.5
2018-11-03,Nuwara Eliya,11.0,15.2
2018-11-04,Anuradhapura,0.7,26.5
2018-11-04,Badulla,1.7,22.4
2018-11-04,Dambulla,1.1,25.3
2018-11-04,Nuwara Eliya,0.5,15.0
2018-11-05,Anuradhapura,17.8,25.1
2018-11-05,Badulla,85.9,20.9
2018-11-05,Dambulla,43.7,23.9
2018-11-05,Nuwara Eliya,31.6,15.1
2018-11-06,Anuradhapura,116.6,23.8
2018-11-06,Badulla,90.6,21.3
2018-11-06,Dambulla,120.0,23.2
2018-11-06,Nuwara Eliya,78.5,15.5
2018-11-07,Anuradhapura,33.6,24.1
2018-11-07,Badulla,21.5,21.7
2018-11-07,Dambulla,19.0,23.4
2018-11-07,Nuwara Eliya,20.7,15.9
2018-11-08,Anuradhapura,26.8,24.1
2018-11-08,Badulla,35.8,21.9
2018-11-08,Dambulla,38.7,23.4
2018-11-08,Nuwara Eliya,41.0,15.7
2018-11-09,Anuradhapura,10.4,24.6
2018-11-09,Badulla,21.7,21.3
2018-11-09,Dambulla,5.9,23.7
2018-11-09,Nuwara Eliya,12.4,15.0
2018-11-10,Anuradhapura,0.0,25.5
2018-11-10,Badulla,7.7,21.6
2018-11-10,Dambulla,0.7,24.6
2018-11-10,Nuwara Eliya,0.1,14.9
2018-11-11,Anuradhapura,1.7,24.9
2018-11-11,Badulla,0.0,21.1
2018-11-11,Dambulla,0.2,24.3
2018-11-11,Nuwara Eliya,0.0,14.1
2018-11-12,Anuradhapura,0.9,24.9
2018-11-12,Badulla,0.0,22.0
2018-11-12,Dambulla,1.6,24.6
2018-11-12,Nuwara Eliya,0.0,14.6
2018-11-13,Anuradhapura,0.4,25.0
2018-11-13,Badulla,0.0,21.1
2018-11-13,Dambulla,0.5,24.4
2018-11-13,Nuwara Eliya,0.0,14.3
2018-11-14,Anuradhapura,0.8,25.4
2018-11-14,Badulla,0.0,21.4
2018-11-14,Dambulla,0.5,24.6
2018-11-14,Nuwara Eliya,0.0,15.0
2018-11-15,Anuradhapura,0.0,25.6
2018-11-15,Badulla,0.2,22.3
2018-11-15,Dambulla,0.0,25.2
2018-11-15,Nuwara Eliya,0.4,15.3
2018-11-16,Anuradhapura,2.2,25.9
2018-11-16,Badulla,0.2,22.7
2018-11-16,Dambulla,1.6,25.1
2018-11-16,Nuwara Eliya,1.7,15.7
2018-11-17,Anuradhapura,7.5,25.3
2018-11-17,Badulla,23.8,21.7
2018-11-17,Dambulla,15.3,24.5
2018-11-17,Nuwara Eliya,48.9,15.6
2018-11-18,Anuradhapura,8.4,25.4
2018-11-18,Badulla,17.6,21.8
2018-11-18,Dambulla,7.3,24.5
2018-11-18,Nuwara Eliya,28.5,16.0
2018-11-19,Anuradhapura,13.6,25.1
2018-11-19,Badulla,18.6,21.5
2018-11-19,Dambulla,7.7,24.2
2018-11-19,Nuwara Eliya,21.4,16.0
2018-11-20,Anuradhapura,10.9,24.7
2018-11-20,Badulla,8.6,21.6
2018-11-20,Dambulla,9.1,24.2
2018-11-20,Nuwara Eliya,2.6,15.4
2018-11-21,Anuradhapura,5.0,24.8
2018-11-21,Badulla,7.3,22.1
2018-11-21,Dambulla,4.0,24.7
2018-11-21,Nuwara Eliya,6.8,15.7
2018-11-22,Anuradhapura,8.6,25.3
2018-11-22,Badulla,8.1,22.3
2018-11-22,Dambulla,7.4,24.7
2018-11-22,Nuwara Eliya,6.4,16.4
2018-11-23,Anuradhapura,16.1,25.2
2018-11-23,Badulla,3.9,22.1
2018-11-23,Dambulla,14.4,24.3
2018-11-23,Nuwara Eliya,3.1,15.9
2018-11-24,Anuradhapura,20.8,25.2
2018-11-24,Badulla,13.3,21.8
2018-11-24,Dambulla,19.3,24.3
2018-11-24,Nuwara Eliya,27.9,15.6
2018-11-25,Anuradhapura,1.6,25.3
2018-11-25,Badulla,8.3,21.8
2018-11-25,Dambulla,2.9,24.3
2018-11-25,Nuwara Eliya,2.4,16.1
2018-11-26,Anuradhapura,0.6,25.4
2018-11-26,Badulla,10.2,21.8
2018-11-26,Dambulla,2.7,24.2
2018-11-26,Nuwara Eliya,4.0,15.6
2018-11-27,Anuradhapura,3.0,25.2
2018-11-27,Badulla,16.7,21.5
2018-11-27,Dambulla,6.3,23.8
2018-11-27,Nuwara Eliya,4.4,15.2
2018-11-28,Anuradhapura,9.3,24.9
2018-11-28,Badulla,16.5,22.0
2018-11-28,Dambulla,12.9,23.9
2018-11-28,Nuwara Eliya,7.5,15.5
2018-11-29,Anuradhapura,13.4,24.9
2018-11-29,Badulla,10.8,21.6
2018-11-29,Dambulla,6.1,24.3
2018-11-29,Nuwara Eliya,3.2,15.0
2018-11-30,Anuradhapura,2.5,25.1
2018-11-30,Badulla,20.4,21.1
2018-11-30,Dambulla,7.3,24.0
2018-11-30,Nuwara Eliya,12.3,14.5
2018-12-01,Anuradhapura,0.0,25.5
2018-12-01,Badulla,1.6,21.0
2018-12-01,Dambulla,0.0,24.3
2018-12-01,Nuwara Eliya,0.0,14.1
2018-12-02,Anuradhapura,0.0,25.3
2018-12-02,Badulla,0.2,21.3
2018-12-02,Dambulla,0.0,24.1
2018-12-02,Nuwara Eliya,0.8,15.8
2018-12-03,Anuradhapura,11.3,24.7
2018-12-03,Badulla,31.4,21.5
2018-12-03,Dambulla,29.0,23.9
2018-12-03,Nuwara Eliya,7.7,15.6
2018-12-04,Anuradhapura,0.6,26.2
2018-12-04,Badulla,4.3,21.8
2018-12-04,Dambulla,1.5,25.3
2018-12-04,Nuwara Eliya,1.8,15.5
2018-12-05,Anuradhapura,6.4,25.3
2018-12-05,Badulla,16.0,21.5
2018-12-05,Dambulla,6.0,24.1
2018-12-05,Nuwara Eliya,5.7,14.8
2018-12-06,Anuradhapura,2.0,25.3
2018-12-06,Badulla,8.3,21.6
2018-12-06,Dambulla,11.1,23.6
2018-12-06,Nuwara Eliya,0.8,15.0
2018-12-07,Anuradhapura,3.1,25.5
2018-12-07,Badulla,20.1,21.4
2018-12-07,Dambulla,3.5,24.2
2018-12-07,Nuwara Eliya,6.6,14.9
2018-12-08,Anuradhapura,0.3,25.8
2018-12-08,Badulla,15.3,21.3
2018-12-08,Dambulla,4.2,24.5
2018-12-08,Nuwara Eliya,3.1,14.9
2018-12-09,Anuradhapura,0.0,25.5
2018-12-09,Badulla,16.1,21.1
2018-12-09,Dambulla,0.3,24.5
2018-12-09,Nuwara Eliya,2.5,14.8
2018-12-10,Anuradhapura,0.0,24.9
2018-12-10,Badulla,3.1,21.1
2018-12-10,Dambulla,0.1,24.0
2018-12-10,Nuwara Eliya,1.3,15.2
2018-12-11,Anuradhapura,0.0,24.6
2018-12-11,Badulla,0.1,21.0
2018-12-11,Dambulla,0.0,23.8
2018-12-11,Nuwara Eliya,0.0,16.0
2018-12-12,Anuradhapura,0.0,24.3
2018-12-12,Badulla,0.0,21.2
2018-12-12,Dambulla,0.0,23.6
2018-12-12,Nuwara Eliya,0.0,14.6
2018-12-13,Anuradhapura,0.0,24.1
2018-12-13,Badulla,0.6,20.9
2018-12-13,Dambulla,0.0,23.1
2018-12-13,Nuwara Eliya,0.4,13.8
2018-12-14,Anuradhapura,1.9,24.7
2018-12-14,Badulla,1.6,21.1
2018-12-14,Dambulla,1.4,23.7
2018-12-14,Nuwara Eliya,1.3,14.6
2018-12-15,Anuradhapura,1.6,24.5
2018-12-15,Badulla,1.2,21.5
2018-12-15,Dambulla,2.2,23.4
2018-12-15,Nuwara Eliya,0.0,14.8
2018-12-16,Anuradhapura,0.1,24.4
2018-12-16,Badulla,0.0,21.9
2018-12-16,Dambulla,0.2,23.6
2018-12-16,Nuwara Eliya,0.0,14.6
2018-12-17,Anuradhapura,0.0,24.6
2018-12-17,Badulla,0.0,20.6
2018-12-17,Dambulla,0.0,24.1
2018-12-17,Nuwara Eliya,0.0,14.8
2018-12-18,Anuradhapura,0.0,25.1
2018-12-18,Badulla,0.0,21.3
2018-12-18,Dambulla,0.0,24.2
2018-12-18,Nuwara Eliya,0.0,15.5
2018-12-19,Anuradhapura,0.0,24.7
2018-12-19,Badulla,0.9,21.1
2018-12-19,Dambulla,0.0,23.7
2018-12-19,Nuwara Eliya,0.0,16.2
2018-12-20,Anuradhapura,2.8,24.7
2018-12-20,Badulla,14.0,21.1
2018-12-20,Dambulla,3.3,23.7
2018-12-20,Nuwara Eliya,4.2,15.8
2018-12-21,Anuradhapura,34.3,24.1
2018-12-21,Badulla,26.2,20.7
2018-12-21,Dambulla,31.1,23.4
2018-12-21,Nuwara Eliya,23.8,15.0
2018-12-22,Anuradhapura,8.7,24.8
2018-12-22,Badulla,21.7,21.4
2018-12-22,Dambulla,2.1,24.2
2018-12-22,Nuwara Eliya,14.4,15.5
2018-12-23,Anuradhapura,1.8,25.7
2018-12-23,Badulla,9.7,21.5
2018-12-23,Dambulla,1.3,24.7
2018-12-23,Nuwara Eliya,3.1,15.4
2018-12-24,Anuradhapura,9.9,24.9
2018-12-24,Badulla,10.2,21.1
2018-12-24,Dambulla,4.7,24.0
2018-12-24,Nuwara Eliya,2.4,15.2
2018-12-25,Anuradhapura,2.5,25.1
2018-12-25,Badulla,4.5,21.5
2018-12-25,Dambulla,1.4,24.4
2018-12-25,Nuwara Eliya,1.9,15.8
2018-12-26,Anuradhapura,7.2,24.8
2018-12-26,Badulla,6.6,21.7
2018-12-26,Dambulla,6.0,24.3
2018-12-26,Nuwara Eliya,13.7,15.5
2018-12-27,Anuradhapura,0.7,25.3
2018-12-27,Badulla,8.1,20.7
2018-12-27,Dambulla,1.0,24.2
2018-12-27,Nuwara Eliya,8.0,14.8
2018-12-28,Anuradhapura,0.2,25.0
2018-12-28,Badulla,0.5,21.0
2018-12-28,Dambulla,0.2,24.1
2018-12-28,Nuwara Eliya,0.0,13.7
2018-12-29,Anuradhapura,0.4,24.7
2018-12-29,Badulla,3.8,20.0
2018-12-29,Dambulla,0.1,23.7
2018-12-29,Nuwara Eliya,0.2,12.8
2018-12-30,Anuradhapura,0.4,24.4
2018-12-30,Badulla,3.2,19.8
2018-12-30,Dambulla,0.2,23.4
2018-12-30,Nuwara Eliya,0.1,12.8
2018-12-31,Anuradhapura,1.7,23.7
2018-12-31,Badulla,16.9,20.3
2018-12-31,Dambulla,2.7,22.8
2018-12-31,Nuwara Eliya,4.9,14.1
2019-01-01,Anuradhapura,0.6,23.8
2019-01-01,Badulla,16.0,20.1
2019-01-01,Dambulla,0.5,23.0
2019-01-01,Nuwara Eliya,3.8,14.6
2019-01-02,Anuradhapura,0.0,23.4
2019-01-02,Badulla,1.6,19.8
2019-01-02,Dambulla,0.0,22.5
2019-01-02,Nuwara Eliya,3.3,14.6
2019-01-03,Anuradhapura,0.0,23.6
2019-01-03,Badulla,0.0,19.9
2019-01-03,Dambulla,0.0,22.7
2019-01-03,Nuwara Eliya,3.9,14.8
2019-01-04,Anuradhapura,0.0,23.5
2019-01-04,Badulla,0.4,19.7
2019-01-04,Dambulla,0.0,22.6
2019-01-04,Nuwara Eliya,0.1,13.8
2019-01-05,Anuradhapura,0.6,24.0
2019-01-05,Badulla,9.4,19.8
2019-01-05,Dambulla,2.3,23.0
2019-01-05,Nuwara Eliya,0.8,13.4
2019-01-06,Anuradhapura,0.0,23.7
2019-01-06,Badulla,3.5,19.6
2019-01-06,Dambulla,0.1,22.9
2019-01-06,Nuwara Eliya,0.0,13.7
2019-01-07,Anuradhapura,0.0,23.9
2019-01-07,Badulla,3.3,19.9
2019-01-07,Dambulla,0.0,23.0
2019-01-07,Nuwara Eliya,0.4,14.7
2019-01-08,Anuradhapura,0.0,24.7
2019-01-08,Badulla,13.1,20.6
2019-01-08,Dambulla,0.5,23.9
2019-01-08,Nuwara Eliya,2.2,14.8
2019-01-09,Anuradhapura,0.0,24.3
2019-01-09,Badulla,2.9,20.8
2019-01-09,Dambulla,0.2,23.6
2019-01-09,Nuwara Eliya,1.0,14.8
2019-01-10,Anuradhapura,0.0,24.3
2019-01-10,Badulla,8.1,20.8
2019-01-10,Dambulla,0.0,23.6
2019-01-10,Nuwara Eliya,2.2,15.3
2019-01-11,Anuradhapura,0.0,24.2
2019-01-11,Badulla,5.2,20.8
2019-01-11,Dambulla,0.2,23.3
2019-01-11,Nuwara Eliya,2.5,15.0
2019-01-12,Anuradhapura,0.8,24.2
2019-01-12,Badulla,23.2,20.7
2019-01-12,Dambulla,5.0,23.1
2019-01-12,Nuwara Eliya,6.1,14.8
2019-01-13,Anuradhapura,4.0,24.6
2019-01-13,Badulla,15.1,21.2
2019-01-13,Dambulla,4.8,23.3
2019-01-13,Nuwara Eliya,2.4,15.2
2019-01-14,Anuradhapura,0.1,25.0
2019-01-14,Badulla,26.7,20.9
2019-01-14,Dambulla,1.3,23.5
2019-01-14,Nuwara Eliya,5.3,15.2
2019-01-15,Anuradhapura,0.6,24.7
2019-01-15,Badulla,24.5,21.0
2019-01-15,Dambulla,1.9,23.9
2019-01-15,Nuwara Eliya,3.6,15.2
2019-01-16,Anuradhapura,0.0,24.7
2019-01-16,Badulla,84.8,20.5
2019-01-16,Dambulla,1.7,23.9
2019-01-16,Nuwara Eliya,37.6,14.5
2019-01-17,Anuradhapura,0.0,23.8
2019-01-17,Badulla,3.0,20.5
2019-01-17,Dambulla,0.1,22.9
2019-01-17,Nuwara Eliya,0.0,13.9
2019-01-18,Anuradhapura,0.0,23.2
2019-01-18,Badulla,0.4,18.9
2019-01-18,Dambulla,0.0,22.2
2019-01-18,Nuwara Eliya,0.0,14.0
2019-01-19,Anuradhapura,0.0,23.6
2019-01-19,Badulla,1.2,18.8
2019-01-19,Dambulla,0.0,22.6
2019-01-19,Nuwara Eliya,0.2,13.7
2019-01-20,Anuradhapura,0.0,23.8
2019-01-20,Badulla,5.2,20.3
2019-01-20,Dambulla,1.3,22.9
2019-01-20,Nuwara Eliya,0.4,14.2
2019-01-21,Anuradhapura,0.0,24.4
2019-01-21,Badulla,6.3,20.7
2019-01-21,Dambulla,0.3,23.5
2019-01-21,Nuwara Eliya,1.3,15.1
2019-01-22,Anuradhapura,0.4,24.6
2019-01-22,Badulla,3.5,21.2
2019-01-22,Dambulla,0.6,23.8
2019-01-22,Nuwara Eliya,2.5,15.1
2019-01-23,Anuradhapura,0.0,24.6
2019-01-23,Badulla,1.1,21.3
2019-01-23,Dambulla,0.0,23.9
2019-01-23,Nuwara Eliya,0.1,15.0
2019-01-24,Anuradhapura,0.1,25.0
2019-01-24,Badulla,1.4,21.4
2019-01-24,Dambulla,0.7,23.9
2019-01-24,Nuwara Eliya,1.1,15.3
2019-01-25,Anuradhapura,2.0,25.5
2019-01-25,Badulla,2.0,22.0
2019-01-25,Dambulla,1.1,24.5
2019-01-25,Nuwara Eliya,0.6,15.6
2019-01-26,Anuradhapura,0.7,25.8
2019-01-26,Badulla,4.7,21.4
2019-01-26,Dambulla,0.4,24.5
2019-01-26,Nuwara Eliya,3.7,15.3
2019-01-27,Anuradhapura,0.2,25.7
2019-01-27,Badulla,1.7,21.5
2019-01-27,Dambulla,0.0,24.7
2019-01-27,Nuwara Eliya,1.8,15.0
2019-01-28,Anuradhapura,0.0,25.0
2019-01-28,Badulla,0.1,21.0
2019-01-28,Dambulla,0.0,24.1
2019-01-28,Nuwara Eliya,0.0,14.7
2019-01-29,Anuradhapura,0.0,25.0
2019-01-29,Badulla,0.9,20.9
2019-01-29,Dambulla,0.2,23.8
2019-01-29,Nuwara Eliya,0.4,14.0
2019-01-30,Anuradhapura,0.0,25.1
2019-01-30,Badulla,11.1,20.5
2019-01-30,Dambulla,0.8,23.9
2019-01-30,Nuwara Eliya,0.3,13.3
2019-01-31,Anuradhapura,1.2,25.0
2019-01-31,Badulla,10.4,20.8
2019-01-31,Dambulla,2.3,23.8
2019-01-31,Nuwara Eliya,1.8,14.2
2019-02-01,Anuradhapura,1.1,25.2
2019-02-01,Badulla,9.4,21.0
2019-02-01,Dambulla,1.5,24.0
2019-02-01,Nuwara Eliya,1.8,14.7
2019-02-02,Anuradhapura,1.0,25.6
2019-02-02,Badulla,61.5,20.8
2019-02-02,Dambulla,1.3,23.9
2019-02-02,Nuwara Eliya,3.0,14.8
2019-02-03,Anuradhapura,1.1,25.4
2019-02-03,Badulla,10.5,21.5
2019-02-03,Dambulla,1.7,24.1
2019-02-03,Nuwara Eliya,3.1,15.1
2019-02-04,Anuradhapura,13.3,24.9
2019-02-04,Badulla,14.9,21.4
2019-02-04,Dambulla,8.1,23.8
2019-02-04,Nuwara Eliya,6.1,15.1
2019-02-05,Anuradhapura,11.3,24.8
2019-02-05,Badulla,20.2,21.2
2019-02-05,Dambulla,11.7,23.6
2019-02-05,Nuwara Eliya,6.1,15.3
2019-02-06,Anuradhapura,0.6,25.6
2019-02-06,Badulla,16.2,21.5
2019-02-06,Dambulla,2.3,24.2
2019-02-06,Nuwara Eliya,3.7,15.6
2019-02-07,Anuradhapura,0.0,25.8
2019-02-07,Badulla,2.7,21.4
2019-02-07,Dambulla,0.0,24.7
2019-02-07,Nuwara Eliya,1.8,15.5
2019-02-08,Anuradhapura,5.5,26.2
2019-02-08,Badulla,8.6,22.3
2019-02-08,Dambulla,5.7,25.2
2019-02-08,Nuwara Eliya,5.5,16.1
2019-02-09,Anuradhapura,23.0,25.5
2019-02-09,Badulla,9.8,21.5
2019-02-09,Dambulla,6.8,24.5
2019-02-09,Nuwara Eliya,56.2,15.9
2019-02-10,Anuradhapura,10.9,25.7
2019-02-10,Badulla,5.3,22.0
2019-02-10,Dambulla,4.6,24.3
2019-02-10,Nuwara Eliya,8.1,15.8
2019-02-11,Anuradhapura,0.0,25.9
2019-02-11,Badulla,6.9,21.3
2019-02-11,Dambulla,0.8,24.8
2019-02-11,Nuwara Eliya,1.9,14.0
2019-02-12,Anuradhapura,0.1,26.0
2019-02-12,Badulla,6.7,21.8
2019-02-12,Dambulla,5.1,24.5
2019-02-12,Nuwara Eliya,2.5,14.3
2019-02-13,Anuradhapura,0.1,26.0
2019-02-13,Badulla,14.0,21.7
2019-02-13,Dambulla,2.0,24.6
2019-02-13,Nuwara Eliya,3.7,15.0
2019-02-14,Anuradhapura,1.3,25.6
2019-02-14,Badulla,7.1,21.9
2019-02-14,Dambulla,2.8,24.4
2019-02-14,Nuwara Eliya,2.0,15.3
2019-02-15,Anuradhapura,1.8,26.0
2019-02-15,Badulla,12.1,22.1
2019-02-15,Dambulla,1.8,24.8
2019-02-15,Nuwara Eliya,14.2,15.7
2019-02-16,Anuradhapura,6.2,26.1
2019-02-16,Badulla,12.8,21.7
2019-02-16,Dambulla,6.9,24.7
2019-02-16,Nuwara Eliya,37.5,16.1
2019-02-17,Anuradhapura,0.2,26.9
2019-02-17,Badulla,4.1,22.6
2019-02-17,Dambulla,0.7,25.6
2019-02-17,Nuwara Eliya,14.1,16.1
2019-02-18,Anuradhapura,2.0,27.3
2019-02-18,Badulla,3.3,22.9
2019-02-18,Dambulla,1.1,26.2
2019-02-18,Nuwara Eliya,0.2,16.5
2019-02-19,Anuradhapura,0.0,27.2
2019-02-19,Badulla,1.7,22.6
2019-02-19,Dambulla,0.1,25.8
2019-02-19,Nuwara Eliya,0.0,15.9
2019-02-20,Anuradhapura,0.0,26.5
2019-02-20,Badulla,0.7,22.0
2019-02-20,Dambulla,0.1,25.2
2019-02-20,Nuwara Eliya,0.0,13.7
2019-02-21,Anuradhapura,0.3,26.4
2019-02-21,Badulla,9.4,21.7
2019-02-21,Dambulla,1.7,24.7
2019-02-21,Nuwara Eliya,0.5,14.7
2019-02-22,Anuradhapura,0.0,26.2
2019-02-22,Badulla,3.7,21.5
2019-02-22,Dambulla,0.1,24.5
2019-02-22,Nuwara Eliya,0.6,15.0
2019-02-23,Anuradhapura,0.0,25.5
2019-02-23,Badulla,0.0,20.8
2019-02-23,Dambulla,0.0,23.8
2019-02-23,Nuwara Eliya,0.0,15.6
2019-02-24,Anuradhapura,0.0,25.5
2019-02-24,Badulla,0.2,21.5
2019-02-24,Dambulla,0.0,24.0
2019-02-24,Nuwara Eliya,0.0,16.7
2019-02-25,Anuradhapura,0.0,26.7
2019-02-25,Badulla,4.5,22.1
2019-02-25,Dambulla,0.3,25.3
2019-02-25,Nuwara Eliya,3.0,16.2
2019-02-26,Anuradhapura,1.0,27.3
2019-02-26,Badulla,7.2,22.5
2019-02-26,Dambulla,1.2,25.7
2019-02-26,Nuwara Eliya,2.7,16.1
2019-02-27,Anuradhapura,0.7,27.1
2019-02-27,Badulla,2.3,22.2
2019-02-27,Dambulla,2.8,25.7
2019-02-27,Nuwara Eliya,3.5,15.7
2019-02-28,Anuradhapura,1.0,27.1
2019-02-28,Badulla,1.3,21.9
2019-02-28,Dambulla,1.3,25.9
2019-02-28,Nuwara Eliya,9.0,15.9
2019-03-01,Anuradhapura,0.0,27.3
2019-03-01,Badulla,0.2,22.5
2019-03-01,Dambulla,0.0,25.6
2019-03-01,Nuwara Eliya,0.0,15.8
2019-03-02,Anuradhapura,0.0,27.3
2019-03-02,Badulla,0.7,22.4
2019-03-02,Dambulla,0.0,25.8
2019-03-02,Nuwara Eliya,0.0,15.5
2019-03-03,Anuradhapura,0.0,27.5
2019-03-03,Badulla,14.2,22.3
2019-03-03,Dambulla,0.8,25.8
2019-03-03,Nuwara Eliya,17.0,16.3
2019-03-04,Anuradhapura,1.1,27.4
2019-03-04,Badulla,13.5,22.6
2019-03-04,Dambulla,0.8,26.1
2019-03-04,Nuwara Eliya,7.0,16.3
2019-03-05,Anuradhapura,0.4,28.1
2019-03-05,Badulla,5.5,22.8
2019-03-05,Dambulla,1.2,26.7
2019-03-05,Nuwara Eliya,3.3,16.6
2019-03-06,Anuradhapura,0.0,28.5
2019-03-06,Badulla,2.2,23.4
2019-03-06,Dambulla,0.9,27.3
2019-03-06,Nuwara Eliya,5.8,16.5
2019-03-07,Anuradhapura,0.1,29.3
2019-03-07,Badulla,0.1,23.0
2019-03-07,Dambulla,0.0,27.8
2019-03-07,Nuwara Eliya,0.0,17.5
2019-03-08,Anuradhapura,0.1,29.0
2019-03-08,Badulla,0.2,23.3
2019-03-08,Dambulla,0.2,27.9
2019-03-08,Nuwara Eliya,0.0,17.6
2019-03-09,Anuradhapura,0.3,28.5
2019-03-09,Badulla,3.3,22.9
2019-03-09,Dambulla,0.3,27.4
2019-03-09,Nuwara Eliya,0.0,16.6
2019-03-10,Anuradhapura,0.3,28.3
2019-03-10,Badulla,0.0,22.7
2019-03-10,Dambulla,0.0,26.4
2019-03-10,Nuwara Eliya,0.0,14.3
2019-03-11,Anuradhapura,0.0,27.6
2019-03-11,Badulla,0.0,21.9
2019-03-11,Dambulla,0.0,26.0
2019-03-11,Nuwara Eliya,0.0,14.0
2019-03-12,Anuradhapura,0.0,27.3
2019-03-12,Badulla,0.0,21.6
2019-03-12,Dambulla,0.0,25.6
2019-03-12,Nuwara Eliya,1.4,15.7
2019-03-13,Anuradhapura,0.0,27.5
2019-03-13,Badulla,0.3,22.1
2019-03-13,Dambulla,0.0,25.9
2019-03-13,Nuwara Eliya,0.2,16.4
2019-03-14,Anuradhapura,0.0,28.1
2019-03-14,Badulla,0.0,22.7
2019-03-14,Dambulla,0.0,26.2
2019-03-14,Nuwara Eliya,0.3,16.6
2019-03-15,Anuradhapura,0.0,27.5
2019-03-15,Badulla,0.1,21.8
2019-03-15,Dambulla,0.0,26.0
2019-03-15,Nuwara Eliya,1.1,16.6
2019-03-16,Anuradhapura,0.1,28.1
2019-03-16,Badulla,4.5,21.9
2019-03-16,Dambulla,0.4,26.4
2019-03-16,Nuwara Eliya,6.2,16.1
2019-03-17,Anuradhapura,0.6,27.9
2019-03-17,Badulla,9.6,22.5
2019-03-17,Dambulla,0.9,26.6
2019-03-17,Nuwara Eliya,7.3,15.4
2019-03-18,Anuradhapura,2.6,28.1
2019-03-18,Badulla,13.8,22.1
2019-03-18,Dambulla,3.4,25.8
2019-03-18,Nuwara Eliya,8.4,15.4
2019-03-19,Anuradhapura,0.0,28.3
2019-03-19,Badulla,1.2,23.0
2019-03-19,Dambulla,0.0,26.8
2019-03-19,Nuwara Eliya,0.0,16.1
2019-03-20,Anuradhapura,0.0,28.0
2019-03-20,Badulla,0.0,22.0
2019-03-20,Dambulla,0.0,26.5
2019-03-20,Nuwara Eliya,1.6,16.2
2019-03-21,Anuradhapura,2.0,27.6
2019-03-21,Badulla,10.2,21.4
2019-03-21,Dambulla,7.0,25.9
2019-03-21,Nuwara Eliya,10.3,16.2
2019-03-22,Anuradhapura,1.4,28.4
2019-03-22,Badulla,12.7,22.1
2019-03-22,Dambulla,0.6,27.1
2019-03-22,Nuwara Eliya,9.6,16.7
2019-03-23,Anuradhapura,2.0,28.5
2019-03-23,Badulla,2.8,22.4
2019-03-23,Dambulla,1.9,26.9
2019-03-23,Nuwara Eliya,2.2,16.6
2019-03-24,Anuradhapura,0.0,28.4
2019-03-24,Badulla,0.0,22.6
2019-03-24,Dambulla,0.0,27.0
2019-03-24,Nuwara Eliya,0.0,15.8
2019-03-25,Anuradhapura,0.0,28.1
2019-03-25,Badulla,0.0,22.0
2019-03-25,Dambulla,0.0,26.4
2019-03-25,Nuwara Eliya,0.0,14.4
2019-03-26,Anuradhapura,0.0,27.9
2019-03-26,Badulla,0.0,21.7
2019-03-26,Dambulla,0.0,26.2
2019-03-26,Nuwara Eliya,0.4,14.6
2019-03-27,Anuradhapura,0.0,28.4
2019-03-27,Badulla,0.0,22.3
2019-03-27,Dambulla,0.0,26.9
2019-03-27,Nuwara Eliya,0.0,16.9
2019-03-28,Anuradhapura,0.0,28.5
2019-03-28,Badulla,0.0,22.6
2019-03-28,Dambulla,0.0,27.3
2019-03-28,Nuwara Eliya,1.6,15.6
2019-03-29,Anuradhapura,0.0,28.8
2019-03-29,Badulla,0.0,22.9
2019-03-29,Dambulla,0.0,27.6
2019-03-29,Nuwara Eliya,2.2,16.5
2019-03-30,Anuradhapura,0.0,29.2
2019-03-30,Badulla,0.0,22.9
2019-03-30,Dambulla,0.2,28.2
2019-03-30,Nuwara Eliya,1.7,16.9
2019-03-31,Anuradhapura,0.0,29.4
2019-03-31,Badulla,0.0,23.4
2019-03-31,Dambulla,0.0,28.8
2019-03-31,Nuwara Eliya,3.7,17.0
2019-04-01,Anuradhapura,0.0,29.6
2019-04-01,Badulla,0.0,23.6
2019-04-01,Dambulla,0.0,28.9
2019-04-01,Nuwara Eliya,6.7,16.6
2019-04-02,Anuradhapura,0.0,29.4
2019-04-02,Badulla,0.1,23.8
2019-04-02,Dambulla,0.0,28.1
2019-04-02,Nuwara Eliya,6.1,16.4
2019-04-03,Anuradhapura,0.0,29.2
2019-04-03,Badulla,0.1,23.6
2019-04-03,Dambulla,0.0,27.8
2019-04-03,Nuwara Eliya,0.6,16.4
2019-04-04,Anuradhapura,0.0,29.2
2019-04-04,Badulla,0.0,23.5
2019-04-04,Dambulla,0.0,28.0
2019-04-04,Nuwara Eliya,0.4,16.3
2019-04-05,Anuradhapura,0.0,29.3
2019-04-05,Badulla,1.1,23.7
2019-04-05,Dambulla,0.2,28.5
2019-04-05,Nuwara Eliya,1.7,16.9
2019-04-06,Anuradhapura,0.0,29.6
2019-04-06,Badulla,0.0,24.4
2019-04-06,Dambulla,0.3,28.5
2019-04-06,Nuwara Eliya,0.8,16.7
2019-04-07,Anuradhapura,1.4,29.5
2019-04-07,Badulla,0.6,24.1
2019-04-07,Dambulla,1.7,28.5
2019-04-07,Nuwara Eliya,2.1,17.0
2019-04-08,Anuradhapura,0.8,29.3
2019-04-08,Badulla,2.6,23.9
2019-04-08,Dambulla,2.2,28.2
2019-04-08,Nuwara Eliya,4.8,17.1
2019-04-09,Anuradhapura,0.4,29.6
2019-04-09,Badulla,42.7,23.7
2019-04-09,Dambulla,1.5,27.8
2019-04-09,Nuwara Eliya,14.7,16.9
2019-04-10,Anuradhapura,1.0,29.7
2019-04-10,Badulla,1.1,24.4
2019-04-10,Dambulla,4.3,27.9
2019-04-10,Nuwara Eliya,2.5,17.0
2019-04-11,Anuradhapura,0.3,29.5
2019-04-11,Badulla,1.0,24.5
2019-04-11,Dambulla,0.3,28.2
2019-04-11,Nuwara Eliya,1.0,17.2
2019-04-12,Anuradhapura,0.5,30.4
2019-04-12,Badulla,0.0,24.7
2019-04-12,Dambulla,0.4,28.9
2019-04-12,Nuwara Eliya,1.0,17.5
2019-04-13,Anuradhapura,0.2,30.0
2019-04-13,Badulla,1.5,24.5
2019-04-13,Dambulla,0.8,28.6
2019-04-13,Nuwara Eliya,3.1,17.8
2019-04-14,Anuradhapura,0.3,29.9
2019-04-14,Badulla,0.7,24.3
2019-04-14,Dambulla,0.6,28.3
2019-04-14,Nuwara Eliya,0.8,17.7
2019-04-15,Anuradhapura,1.2,29.6
2019-04-15,Badulla,1.5,24.7
2019-04-15,Dambulla,3.6,28.3
2019-04-15,Nuwara Eliya,1.0,17.9
2019-04-16,Anuradhapura,14.9,27.9
2019-04-16,Badulla,21.9,23.8
2019-04-16,Dambulla,62.1,27.1
2019-04-16,Nuwara Eliya,7.2,17.2
2019-04-17,Anuradhapura,23.6,27.2
2019-04-17,Badulla,13.8,23.5
2019-04-17,Dambulla,17.2,26.2
2019-04-17,Nuwara Eliya,7.7,17.0
2019-04-18,Anuradhapura,8.6,27.9
2019-04-18,Badulla,4.1,24.0
2019-04-18,Dambulla,8.6,26.6
2019-04-18,Nuwara Eliya,9.8,17.4
2019-04-19,Anuradhapura,21.2,27.5
2019-04-19,Badulla,3.8,23.2
2019-04-19,Dambulla,12.2,26.3
2019-04-19,Nuwara Eliya,2.6,16.9
2019-04-20,Anuradhapura,21.0,27.5
2019-04-20,Badulla,8.9,23.5
2019-04-20,Dambulla,8.9,26.4
2019-04-20,Nuwara Eliya,12.4,16.9
2019-04-21,Anuradhapura,0.6,27.5
2019-04-21,Badulla,2.4,23.6
2019-04-21,Dambulla,0.7,26.8
2019-04-21,Nuwara Eliya,7.8,17.2
2019-04-22,Anuradhapura,0.2,28.8
2019-04-22,Badulla,2.9,24.0
2019-04-22,Dambulla,1.5,27.5
2019-04-22,Nuwara Eliya,3.6,16.9
2019-04-23,Anuradhapura,1.6,28.4
2019-04-23,Badulla,2.4,23.9
2019-04-23,Dambulla,2.1,27.2
2019-04-23,Nuwara Eliya,3.3,17.0
2019-04-24,Anuradhapura,0.1,28.6
2019-04-24,Badulla,0.8,24.0
2019-04-24,Dambulla,0.0,27.7
2019-04-24,Nuwara Eliya,0.1,16.8
2019-04-25,Anuradhapura,2.9,28.0
2019-04-25,Badulla,5.0,24.0
2019-04-25,Dambulla,2.7,27.1
2019-04-25,Nuwara Eliya,0.5,17.4
2019-04-26,Anuradhapura,0.4,28.2
2019-04-26,Badulla,1.2,23.7
2019-04-26,Dambulla,0.6,27.0
2019-04-26,Nuwara Eliya,1.5,17.2
2019-04-27,Anuradhapura,0.5,28.2
2019-04-27,Badulla,0.6,23.5
2019-04-27,Dambulla,0.7,27.1
2019-04-27,Nuwara Eliya,0.3,17.0
2019-04-28,Anuradhapura,2.0,28.0
2019-04-28,Badulla,0.8,24.3
2019-04-28,Dambulla,2.2,26.9
2019-04-28,Nuwara Eliya,5.4,17.5
2019-04-29,Anuradhapura,4.4,27.3
2019-04-29,Badulla,9.1,23.4
2019-04-29,Dambulla,0.7,26.2
2019-04-29,Nuwara Eliya,5.9,16.4
2019-04-30,Anuradhapura,0.2,27.2
2019-04-30,Badulla,2.6,24.1
2019-04-30,Dambulla,0.6,26.0
2019-04-30,Nuwara Eliya,2.4,16.7
2019-05-01,Anuradhapura,0.1,28.7
2019-05-01,Badulla,0.0,25.6
2019-05-01,Dambulla,0.0,27.2
2019-05-01,Nuwara Eliya,0.5,16.9
2019-05-02,Anuradhapura,0.7,28.7
2019-05-02,Badulla,1.7,25.3
2019-05-02,Dambulla,0.0,27.5
2019-05-02,Nuwara Eliya,0.2,17.8
2019-05-03,Anuradhapura,0.4,28.2
2019-05-03,Badulla,0.7,25.3
2019-05-03,Dambulla,0.1,26.9
2019-05-03,Nuwara Eliya,2.3,17.5
2019-05-04,Anuradhapura,0.0,28.9
2019-05-04,Badulla,0.8,24.8
2019-05-04,Dambulla,0.0,28.0
2019-05-04,Nuwara Eliya,3.0,17.2
2019-05-05,Anuradhapura,0.4,28.8
2019-05-05,Badulla,0.0,24.4
2019-05-05,Dambulla,0.1,28.0
2019-05-05,Nuwara Eliya,0.0,17.4
2019-05-06,Anuradhapura,0.0,28.8
2019-05-06,Badulla,0.0,25.0
2019-05-06,Dambulla,0.0,27.8
2019-05-06,Nuwara Eliya,0.0,18.6
2019-05-07,Anuradhapura,0.0,28.5
2019-05-07,Badulla,0.0,24.9
2019-05-07,Dambulla,0.0,28.0
2019-05-07,Nuwara Eliya,1.2,16.8
2019-05-08,Anuradhapura,0.0,28.8
2019-05-08,Badulla,0.0,24.6
2019-05-08,Dambulla,0.0,28.0
2019-05-08,Nuwara Eliya,0.1,16.3
2019-05-09,Anuradhapura,0.0,29.1
2019-05-09,Badulla,0.0,24.8
2019-05-09,Dambulla,0.0,28.3
2019-05-09,Nuwara Eliya,0.0,17.6
2019-05-10,Anuradhapura,0.1,29.6
2019-05-10,Badulla,0.1,26.4
2019-05-10,Dambulla,0.0,28.8
2019-05-10,Nuwara Eliya,0.0,19.2
2019-05-11,Anuradhapura,0.4,29.1
2019-05-11,Badulla,0.0,25.6
2019-05-11,Dambulla,0.2,28.5
2019-05-11,Nuwara Eliya,0.2,17.8
2019-05-12,Anuradhapura,0.3,28.9
2019-05-12,Badulla,0.4,25.6
2019-05-12,Dambulla,0.6,27.9
2019-05-12,Nuwara Eliya,1.8,17.0
2019-05-13,Anuradhapura,0.1,28.9
2019-05-13,Badulla,0.6,25.1
2019-05-13,Dambulla,0.1,28.1
2019-05-13,Nuwara Eliya,1.1,16.6
2019-05-14,Anuradhapura,0.3,29.4
2019-05-14,Badulla,0.4,25.2
2019-05-14,Dambulla,0.1,27.9
2019-05-14,Nuwara Eliya,0.3,16.9
2019-05-15,Anuradhapura,0.1,29.3
2019-05-15,Badulla,0.0,25.7
2019-05-15,Dambulla,0.0,28.7
2019-05-15,Nuwara Eliya,0.2,17.0
2019-05-16,Anuradhapura,0.1,29.1
2019-05-16,Badulla,0.2,25.8
2019-05-16,Dambulla,0.3,28.0
2019-05-16,Nuwara Eliya,2.2,17.1
2019-05-17,Anuradhapura,0.1,28.9
2019-05-17,Badulla,1.0,25.4
2019-05-17,Dambulla,0.3,28.1
2019-05-17,Nuwara Eliya,1.3,17.1
2019-05-18,Anuradhapura,0.2,29.0
2019-05-18,Badulla,1.1,25.6
2019-05-18,Dambulla,0.2,28.3
2019-05-18,Nuwara Eliya,3.3,17.0
2019-05-19,Anuradhapura,0.8,29.1
2019-05-19,Badulla,1.0,25.3
2019-05-19,Dambulla,1.0,28.2
2019-05-19,Nuwara Eliya,1.5,16.9
2019-05-20,Anuradhapura,0.9,29.3
2019-05-20,Badulla,0.4,25.8
2019-05-20,Dambulla,0.5,28.2
2019-05-20,Nuwara Eliya,0.0,17.6
2019-05-21,Anuradhapura,3.5,28.7
2019-05-21,Badulla,2.1,24.8
2019-05-21,Dambulla,2.9,28.0
2019-05-21,Nuwara Eliya,21.9,16.5
2019-05-22,Anuradhapura,0.3,29.2
2019-05-22,Badulla,3.7,24.7
2019-05-22,Dambulla,0.1,28.3
2019-05-22,Nuwara Eliya,15.5,16.2
2019-05-23,Anuradhapura,4.3,28.1
2019-05-23,Badulla,0.9,25.0
2019-05-23,Dambulla,7.0,27.5
2019-05-23,Nuwara Eliya,19.2,16.5
2019-05-24,Anuradhapura,0.5,28.3
2019-05-24,Badulla,0.6,24.7
2019-05-24,Dambulla,1.0,27.4
2019-05-24,Nuwara Eliya,2.3,16.8
2019-05-25,Anuradhapura,0.9,28.5
2019-05-25,Badulla,0.3,25.4
2019-05-25,Dambulla,0.8,27.4
2019-05-25,Nuwara Eliya,2.5,16.9
2019-05-26,Anuradhapura,0.0,29.0
2019-05-26,Badulla,0.4,25.4
2019-05-26,Dambulla,0.4,28.1
2019-05-26,Nuwara Eliya,1.0,17.4
2019-05-27,Anuradhapura,0.0,29.3
2019-05-27,Badulla,0.6,25.6
2019-05-27,Dambulla,0.1,28.4
2019-05-27,Nuwara Eliya,1.0,17.7
2019-05-28,Anuradhapura,0.3,29.6
2019-05-28,Badulla,0.8,26.7
2019-05-28,Dambulla,0.2,28.9
2019-05-28,Nuwara Eliya,2.2,17.7
2019-05-29,Anuradhapura,1.7,29.7
2019-05-29,Badulla,1.0,26.5
2019-05-29,Dambulla,0.5,28.6
2019-05-29,Nuwara Eliya,2.7,17.7
2019-05-30,Anuradhapura,0.2,30.1
2019-05-30,Badulla,0.4,26.2
2019-05-30,Dambulla,0.0,28.8
2019-05-30,Nuwara Eliya,0.1,18.1
2019-05-31,Anuradhapura,0.5,29.3
2019-05-31,Badulla,0.8,26.1
2019-05-31,Dambulla,0.2,28.0
2019-05-31,Nuwara Eliya,2.4,17.1
2019-06-01,Anuradhapura,0.0,29.4
2019-06-01,Badulla,0.0,26.5
2019-06-01,Dambulla,0.0,28.7
2019-06-01,Nuwara Eliya,0.0,16.8
2019-06-02,Anuradhapura,0.4,29.2
2019-06-02,Badulla,0.3,26.1
2019-06-02,Dambulla,0.0,27.9
2019-06-02,Nuwara Eliya,0.0,16.3
2019-06-03,Anuradhapura,1.0,29.0
2019-06-03,Badulla,1.0,26.0
2019-06-03,Dambulla,1.8,27.6
2019-06-03,Nuwara Eliya,0.3,16.6
2019-06-04,Anuradhapura,0.6,28.2
2019-06-04,Badulla,14.4,26.0
2019-06-04,Dambulla,0.4,27.0
2019-06-04,Nuwara Eliya,2.2,16.9
2019-06-05,Anuradhapura,1.5,28.7
2019-06-05,Badulla,3.8,25.6
2019-06-05,Dambulla,1.0,27.8
2019-06-05,Nuwara Eliya,8.8,17.4
2019-06-06,Anuradhapura,1.5,28.6
2019-06-06,Badulla,2.3,25.4
2019-06-06,Dambulla,1.6,27.3
2019-06-06,Nuwara Eliya,7.9,17.1
2019-06-07,Anuradhapura,1.2,28.3
2019-06-07,Badulla,11.4,25.7
2019-06-07,Dambulla,1.0,27.1
2019-06-07,Nuwara Eliya,4.6,17.2
2019-06-08,Anuradhapura,0.9,28.6
2019-06-08,Badulla,4.1,26.0
2019-06-08,Dambulla,0.7,27.5
2019-06-08,Nuwara Eliya,1.2,17.5
2019-06-09,Anuradhapura,1.2,28.7
2019-06-09,Badulla,0.3,26.4
2019-06-09,Dambulla,1.0,27.6
2019-06-09,Nuwara Eliya,1.2,17.4
2019-06-10,Anuradhapura,0.1,27.7
2019-06-10,Badulla,0.0,25.9
2019-06-10,Dambulla,0.0,26.7
2019-06-10,Nuwara Eliya,1.9,16.4
2019-06-11,Anuradhapura,0.9,28.1
2019-06-11,Badulla,0.0,26.1
2019-06-11,Dambulla,0.3,27.5
2019-06-11,Nuwara Eliya,0.4,17.1
2019-06-12,Anuradhapura,0.8,28.6
2019-06-12,Badulla,0.0,25.6
2019-06-12,Dambulla,0.3,27.2
2019-06-12,Nuwara Eliya,1.6,16.4
2019-06-13,Anuradhapura,1.2,28.8
2019-06-13,Badulla,0.0,27.3
2019-06-13,Dambulla,1.2,27.6
2019-06-13,Nuwara Eliya,0.6,17.0
2019-06-14,Anuradhapura,0.4,29.1
2019-06-14,Badulla,0.3,27.3
2019-06-14,Dambulla,1.7,27.9
2019-06-14,Nuwara Eliya,0.0,17.3
2019-06-15,Anuradhapura,0.1,29.3
2019-06-15,Badulla,0.8,26.7
2019-06-15,Dambulla,0.5,28.3
2019-06-15,Nuwara Eliya,1.1,17.5
2019-06-16,Anuradhapura,0.6,29.2
2019-06-16,Badulla,8.9,26.2
2019-06-16,Dambulla,1.4,27.6
2019-06-16,Nuwara Eliya,1.5,17.2
2019-06-17,Anuradhapura,0.1,29.5
2019-06-17,Badulla,0.0,26.6
2019-06-17,Dambulla,0.6,27.9
2019-06-17,Nuwara Eliya,0.0,16.9
2019-06-18,Anuradhapura,0.1,29.5
2019-06-18,Badulla,0.5,26.9
2019-06-18,Dambulla,0.9,27.7
2019-06-18,Nuwara Eliya,0.8,17.1
2019-06-19,Anuradhapura,0.0,29.4
2019-06-19,Badulla,0.0,26.8
2019-06-19,Dambulla,1.6,27.3
2019-06-19,Nuwara Eliya,1.6,16.9
2019-06-20,Anuradhapura,0.6,29.3
2019-06-20,Badulla,0.1,27.1
2019-06-20,Dambulla,1.2,26.7
2019-06-20,Nuwara Eliya,2.4,16.8
2019-06-21,Anuradhapura,0.1,29.1
2019-06-21,Badulla,0.9,27.1
2019-06-21,Dambulla,1.1,26.9
2019-06-21,Nuwara Eliya,2.5,16.7
2019-06-22,Anuradhapura,0.1,29.2
2019-06-22,Badulla,0.4,26.4
2019-06-22,Dambulla,0.9,27.3
2019-06-22,Nuwara Eliya,8.7,16.1
2019-06-23,Anuradhapura,0.1,29.1
2019-06-23,Badulla,0.0,27.2
2019-06-23,Dambulla,0.2,27.0
2019-06-23,Nuwara Eliya,1.3,16.3
2019-06-24,Anuradhapura,1.4,29.1
2019-06-24,Badulla,0.5,26.7
2019-06-24,Dambulla,2.4,27.1
2019-06-24,Nuwara Eliya,1.5,16.8
2019-06-25,Anuradhapura,1.2,28.5
2019-06-25,Badulla,0.2,27.1
2019-06-25,Dambulla,1.6,26.5
2019-06-25,Nuwara Eliya,1.6,16.8
2019-06-26,Anuradhapura,0.0,28.7
2019-06-26,Badulla,0.0,26.5
2019-06-26,Dambulla,0.2,27.3
2019-06-26,Nuwara Eliya,0.5,16.3
2019-06-27,Anuradhapura,0.0,29.2
2019-06-27,Badulla,0.0,26.5
2019-06-27,Dambulla,0.0,27.7
2019-06-27,Nuwara Eliya,0.0,16.2
2019-06-28,Anuradhapura,0.0,29.2
2019-06-28,Badulla,0.0,25.7
2019-06-28,Dambulla,0.0,27.7
2019-06-28,Nuwara Eliya,0.0,15.7
2019-06-29,Anuradhapura,0.0,29.3
2019-06-29,Badulla,0.0,26.2
2019-06-29,Dambulla,0.0,27.9
2019-06-29,Nuwara Eliya,0.0,15.8
2019-06-30,Anuradhapura,0.0,29.3
2019-06-30,Badulla,0.0,26.5
2019-06-30,Dambulla,0.0,28.0
2019-06-30,Nuwara Eliya,0.0,16.1
2019-07-01,Anuradhapura,0.0,29.0
2019-07-01,Badulla,0.0,26.5
2019-07-01,Dambulla,0.0,27.9
2019-07-01,Nuwara Eliya,0.0,16.3
2019-07-02,Anuradhapura,0.5,28.7
2019-07-02,Badulla,0.0,27.0
2019-07-02,Dambulla,1.4,27.1
2019-07-02,Nuwara Eliya,0.4,16.9
2019-07-03,Anuradhapura,0.2,29.1
2019-07-03,Badulla,0.6,26.5
2019-07-03,Dambulla,0.4,27.6
2019-07-03,Nuwara Eliya,0.3,17.6
2019-07-04,Anuradhapura,0.8,28.9
2019-07-04,Badulla,0.3,27.0
2019-07-04,Dambulla,0.8,27.7
2019-07-04,Nuwara Eliya,0.3,17.2
2019-07-05,Anuradhapura,0.6,28.8
2019-07-05,Badulla,0.3,27.2
2019-07-05,Dambulla,0.4,27.7
2019-07-05,Nuwara Eliya,0.3,16.8
2019-07-06,Anuradhapura,0.0,29.2
2019-07-06,Badulla,0.0,26.7
2019-07-06,Dambulla,0.0,28.0
2019-07-06,Nuwara Eliya,0.0,16.7
2019-07-07,Anuradhapura,0.0,29.4
2019-07-07,Badulla,0.0,26.9
2019-07-07,Dambulla,0.0,28.3
2019-07-07,Nuwara Eliya,0.0,16.7
2019-07-08,Anuradhapura,0.0,29.6
2019-07-08,Badulla,0.0,27.4
2019-07-08,Dambulla,0.2,28.7
2019-07-08,Nuwara Eliya,0.0,17.5
2019-07-09,Anuradhapura,2.2,28.4
2019-07-09,Badulla,2.2,26.1
2019-07-09,Dambulla,1.6,27.2
2019-07-09,Nuwara Eliya,4.1,17.1
2019-07-10,Anuradhapura,3.6,28.2
2019-07-10,Badulla,4.9,25.4
2019-07-10,Dambulla,1.8,27.0
2019-07-10,Nuwara Eliya,4.3,16.6
2019-07-11,Anuradhapura,1.3,29.5
2019-07-11,Badulla,0.5,26.4
2019-07-11,Dambulla,0.2,28.3
2019-07-11,Nuwara Eliya,0.0,17.5
2019-07-12,Anuradhapura,1.4,28.9
2019-07-12,Badulla,0.0,26.5
2019-07-12,Dambulla,1.1,28.2
2019-07-12,Nuwara Eliya,2.0,17.7
2019-07-13,Anuradhapura,2.8,28.4
2019-07-13,Badulla,2.2,25.4
2019-07-13,Dambulla,1.1,27.6
2019-07-13,Nuwara Eliya,6.8,16.6
2019-07-14,Anuradhapura,0.8,28.2
2019-07-14,Badulla,0.5,24.2
2019-07-14,Dambulla,0.6,27.0
2019-07-14,Nuwara Eliya,2.0,16.1
2019-07-15,Anuradhapura,0.8,28.2
2019-07-15,Badulla,0.7,24.8
2019-07-15,Dambulla,0.5,26.9
2019-07-15,Nuwara Eliya,0.4,16.3
2019-07-16,Anuradhapura,0.0,29.0
2019-07-16,Badulla,0.5,25.2
2019-07-16,Dambulla,0.6,27.3
2019-07-16,Nuwara Eliya,0.6,16.4
2019-07-17,Anuradhapura,0.0,29.1
2019-07-17,Badulla,2.6,25.6
2019-07-17,Dambulla,0.5,26.8
2019-07-17,Nuwara Eliya,1.1,16.4
2019-07-18,Anuradhapura,10.9,27.7
2019-07-18,Badulla,0.4,25.6
2019-07-18,Dambulla,3.7,25.6
2019-07-18,Nuwara Eliya,3.8,16.4
2019-07-19,Anuradhapura,0.3,28.2
2019-07-19,Badulla,0.4,25.2
2019-07-19,Dambulla,1.1,26.7
2019-07-19,Nuwara Eliya,10.0,15.4
2019-07-20,Anuradhapura,0.1,28.6
2019-07-20,Badulla,0.0,25.8
2019-07-20,Dambulla,0.4,27.0
2019-07-20,Nuwara Eliya,4.8,15.3
2019-07-21,Anuradhapura,0.4,27.9
2019-07-21,Badulla,0.0,25.7
2019-07-21,Dambulla,1.8,26.1
2019-07-21,Nuwara Eliya,4.2,15.3
2019-07-22,Anuradhapura,0.8,27.2
2019-07-22,Badulla,0.4,24.7
2019-07-22,Dambulla,1.5,25.6
2019-07-22,Nuwara Eliya,5.9,15.0
2019-07-23,Anuradhapura,0.0,28.6
2019-07-23,Badulla,0.0,25.5
2019-07-23,Dambulla,0.2,27.3
2019-07-23,Nuwara Eliya,0.4,15.0
2019-07-24,Anuradhapura,0.0,28.6
2019-07-24,Badulla,0.7,25.6
2019-07-24,Dambulla,0.0,27.3
2019-07-24,Nuwara Eliya,1.1,15.4
2019-07-25,Anuradhapura,1.1,27.9
2019-07-25,Badulla,5.6,25.5
2019-07-25,Dambulla,0.5,26.6
2019-07-25,Nuwara Eliya,1.7,16.1
2019-07-26,Anuradhapura,1.3,28.2
2019-07-26,Badulla,0.1,25.6
2019-07-26,Dambulla,0.8,26.7
2019-07-26,Nuwara Eliya,0.0,15.8
2019-07-27,Anuradhapura,0.0,28.2
2019-07-27,Badulla,0.0,25.5
2019-07-27,Dambulla,0.0,27.3
2019-07-27,Nuwara Eliya,0.0,15.8
2019-07-28,Anuradhapura,0.0,28.6
2019-07-28,Badulla,0.0,25.5
2019-07-28,Dambulla,0.0,27.5
2019-07-28,Nuwara Eliya,0.0,16.0
2019-07-29,Anuradhapura,0.1,28.6
2019-07-29,Badulla,0.0,26.2
2019-07-29,Dambulla,0.2,27.5
2019-07-29,Nuwara Eliya,0.0,16.3
2019-07-30,Anuradhapura,0.0,28.9
2019-07-30,Badulla,0.0,25.9
2019-07-30,Dambulla,0.0,27.9
2019-07-30,Nuwara Eliya,0.0,16.6
2019-07-31,Anuradhapura,0.0,29.1
2019-07-31,Badulla,0.6,25.6
2019-07-31,Dambulla,0.2,27.8
2019-07-31,Nuwara Eliya,0.6,16.3
2019-08-01,Anuradhapura,0.2,28.9
2019-08-01,Badulla,1.1,25.8
2019-08-01,Dambulla,0.0,27.5
2019-08-01,Nuwara Eliya,1.3,16.5
2019-08-02,Anuradhapura,0.1,28.8
2019-08-02,Badulla,0.0,26.2
2019-08-02,Dambulla,0.1,27.2
2019-08-02,Nuwara Eliya,0.4,16.5
2019-08-03,Anuradhapura,0.0,29.1
2019-08-03,Badulla,0.2,26.4
2019-08-03,Dambulla,0.0,28.1
2019-08-03,Nuwara Eliya,0.5,16.8
2019-08-04,Anuradhapura,0.5,28.7
2019-08-04,Badulla,0.0,26.2
2019-08-04,Dambulla,0.3,27.2
2019-08-04,Nuwara Eliya,0.2,16.6
2019-08-05,Anuradhapura,1.2,28.3
2019-08-05,Badulla,0.4,26.7
2019-08-05,Dambulla,1.4,26.6
2019-08-05,Nuwara Eliya,2.1,16.4
2019-08-06,Anuradhapura,2.1,28.0
2019-08-06,Badulla,0.1,26.8
2019-08-06,Dambulla,3.4,26.6
2019-08-06,Nuwara Eliya,2.8,16.2
2019-08-07,Anuradhapura,2.8,28.1
2019-08-07,Badulla,0.0,26.7
2019-08-07,Dambulla,1.6,26.9
2019-08-07,Nuwara Eliya,1.2,16.2
2019-08-08,Anuradhapura,11.6,25.9
2019-08-08,Badulla,0.1,26.1
2019-08-08,Dambulla,6.9,24.7
2019-08-08,Nuwara Eliya,8.7,15.7
2019-08-09,Anuradhapura,1.4,26.8
2019-08-09,Badulla,0.0,25.9
2019-08-09,Dambulla,0.9,25.0
2019-08-09,Nuwara Eliya,2.4,15.3
2019-08-10,Anuradhapura,4.2,27.0
2019-08-10,Badulla,0.4,26.8
2019-08-10,Dambulla,7.8,25.5
2019-08-10,Nuwara Eliya,5.7,16.0
2019-08-11,Anuradhapura,0.5,28.4
2019-08-11,Badulla,0.0,26.9
2019-08-11,Dambulla,2.6,26.3
2019-08-11,Nuwara Eliya,6.0,15.6
2019-08-12,Anuradhapura,5.2,27.7
2019-08-12,Badulla,0.0,26.2
2019-08-12,Dambulla,2.6,25.7
2019-08-12,Nuwara Eliya,4.3,15.9
2019-08-13,Anuradhapura,6.7,27.3
2019-08-13,Badulla,19.6,24.9
2019-08-13,Dambulla,4.8,25.8
2019-08-13,Nuwara Eliya,8.5,15.9
2019-08-14,Anuradhapura,0.1,27.9
2019-08-14,Badulla,0.3,24.8
2019-08-14,Dambulla,2.2,25.5
2019-08-14,Nuwara Eliya,5.1,15.3
2019-08-15,Anuradhapura,0.8,28.6
2019-08-15,Badulla,0.0,25.5
2019-08-15,Dambulla,0.8,26.7
2019-08-15,Nuwara Eliya,2.5,15.0
2019-08-16,Anuradhapura,2.6,28.2
2019-08-16,Badulla,5.8,25.5
2019-08-16,Dambulla,2.6,26.4
2019-08-16,Nuwara Eliya,7.4,16.3
2019-08-17,Anuradhapura,16.6,26.4
2019-08-17,Badulla,1.5,25.0
2019-08-17,Dambulla,4.0,25.4
2019-08-17,Nuwara Eliya,1.3,16.0
2019-08-18,Anuradhapura,1.3,27.8
2019-08-18,Badulla,9.6,24.2
2019-08-18,Dambulla,0.8,26.8
2019-08-18,Nuwara Eliya,3.0,16.2
2019-08-19,Anuradhapura,0.0,28.2
2019-08-19,Badulla,0.8,24.7
2019-08-19,Dambulla,0.1,26.8
2019-08-19,Nuwara Eliya,3.2,16.3
2019-08-20,Anuradhapura,1.0,28.0
2019-08-20,Badulla,2.5,24.5
2019-08-20,Dambulla,1.3,26.5
2019-08-20,Nuwara Eliya,1.3,16.0
2019-08-21,Anuradhapura,2.3,27.5
2019-08-21,Badulla,0.0,25.5
2019-08-21,Dambulla,2.6,25.7
2019-08-21,Nuwara Eliya,2.4,15.7
2019-08-22,Anuradhapura,21.4,25.8
2019-08-22,Badulla,1.4,24.8
2019-08-22,Dambulla,5.4,24.6
2019-08-22,Nuwara Eliya,7.9,15.2
2019-08-23,Anuradhapura,3.9,25.5
2019-08-23,Badulla,8.8,22.8
2019-08-23,Dambulla,10.7,23.7
2019-08-23,Nuwara Eliya,16.9,14.9
2019-08-24,Anuradhapura,0.3,26.9
2019-08-24,Badulla,5.9,24.7
2019-08-24,Dambulla,0.0,25.9
2019-08-24,Nuwara Eliya,15.7,15.7
2019-08-25,Anuradhapura,1.2,27.0
2019-08-25,Badulla,0.0,24.4
2019-08-25,Dambulla,0.7,25.3
2019-08-25,Nuwara Eliya,0.5,15.5
2019-08-26,Anuradhapura,2.8,26.5
2019-08-26,Badulla,6.9,23.7
2019-08-26,Dambulla,0.8,25.1
2019-08-26,Nuwara Eliya,3.6,15.2
2019-08-27,Anuradhapura,0.3,26.8
2019-08-27,Badulla,0.1,24.8
2019-08-27,Dambulla,0.5,25.4
2019-08-27,Nuwara Eliya,1.2,15.5
2019-08-28,Anuradhapura,1.3,27.3
2019-08-28,Badulla,1.6,25.2
2019-08-28,Dambulla,1.2,25.9
2019-08-28,Nuwara Eliya,0.9,15.8
2019-08-29,Anuradhapura,3.4,27.0
2019-08-29,Badulla,6.0,25.6
2019-08-29,Dambulla,3.7,25.8
2019-08-29,Nuwara Eliya,3.5,16.1
2019-08-30,Anuradhapura,0.5,27.3
2019-08-30,Badulla,3.4,24.7
2019-08-30,Dambulla,1.4,25.1
2019-08-30,Nuwara Eliya,4.6,15.1
2019-08-31,Anuradhapura,2.0,27.2
2019-08-31,Badulla,0.2,26.3
2019-08-31,Dambulla,2.8,25.3
2019-08-31,Nuwara Eliya,2.1,16.0
2019-09-01,Anuradhapura,1.9,27.0
2019-09-01,Badulla,15.8,24.9
2019-09-01,Dambulla,2.3,25.5
2019-09-01,Nuwara Eliya,3.0,15.8
2019-09-02,Anuradhapura,1.5,27.2
2019-09-02,Badulla,0.0,25.3
2019-09-02,Dambulla,0.9,26.0
2019-09-02,Nuwara Eliya,0.0,15.8
2019-09-03,Anuradhapura,0.8,27.8
2019-09-03,Badulla,0.2,25.8
2019-09-03,Dambulla,1.0,26.4
2019-09-03,Nuwara Eliya,0.3,16.2
2019-09-04,Anuradhapura,0.7,27.7
2019-09-04,Badulla,0.0,26.4
2019-09-04,Dambulla,1.3,26.5
2019-09-04,Nuwara Eliya,0.2,15.9
2019-09-05,Anuradhapura,0.4,27.7
2019-09-05,Badulla,1.2,25.9
2019-09-05,Dambulla,0.7,26.5
2019-09-05,Nuwara Eliya,1.7,15.8
2019-09-06,Anuradhapura,1.0,27.8
2019-09-06,Badulla,0.3,25.9
2019-09-06,Dambulla,1.3,26.3
2019-09-06,Nuwara Eliya,0.9,16.1
2019-09-07,Anuradhapura,0.2,28.4
2019-09-07,Badulla,1.9,26.3
2019-09-07,Dambulla,0.8,27.0
2019-09-07,Nuwara Eliya,0.3,15.8
2019-09-08,Anuradhapura,0.0,29.1
2019-09-08,Badulla,0.5,26.6
2019-09-08,Dambulla,0.0,27.9
2019-09-08,Nuwara Eliya,0.0,15.9
2019-09-09,Anuradhapura,0.0,29.3
2019-09-09,Badulla,0.8,26.3
2019-09-09,Dambulla,0.0,28.2
2019-09-09,Nuwara Eliya,7.3,16.6
2019-09-10,Anuradhapura,0.7,28.9
2019-09-10,Badulla,1.5,25.7
2019-09-10,Dambulla,0.1,27.6
2019-09-10,Nuwara Eliya,8.1,16.4
2019-09-11,Anuradhapura,3.6,27.7
2019-09-11,Badulla,13.1,24.5
2019-09-11,Dambulla,1.4,26.4
2019-09-11,Nuwara Eliya,7.7,16.1
2019-09-12,Anuradhapura,9.1,26.6
2019-09-12,Badulla,15.3,24.1
2019-09-12,Dambulla,2.5,25.8
2019-09-12,Nuwara Eliya,1.9,16.0
2019-09-13,Anuradhapura,1.5,27.5
2019-09-13,Badulla,4.1,23.9
2019-09-13,Dambulla,2.6,26.4
2019-09-13,Nuwara Eliya,3.2,16.1
2019-09-14,Anuradhapura,2.2,27.6
2019-09-14,Badulla,1.5,24.1
2019-09-14,Dambulla,1.1,26.5
2019-09-14,Nuwara Eliya,4.2,16.2
2019-09-15,Anuradhapura,4.4,26.6
2019-09-15,Badulla,1.1,23.4
2019-09-15,Dambulla,4.6,25.6
2019-09-15,Nuwara Eliya,3.0,16.1
2019-09-16,Anuradhapura,9.1,25.7
2019-09-16,Badulla,9.0,23.9
2019-09-16,Dambulla,1.5,24.7
2019-09-16,Nuwara Eliya,1.3,15.7
2019-09-17,Anuradhapura,1.8,27.3
2019-09-17,Badulla,1.4,25.0
2019-09-17,Dambulla,1.4,25.8
2019-09-17,Nuwara Eliya,2.6,16.1
2019-09-18,Anuradhapura,1.1,27.4
2019-09-18,Badulla,2.4,24.4
2019-09-18,Dambulla,0.9,26.3
2019-09-18,Nuwara Eliya,1.3,16.2
2019-09-19,Anuradhapura,6.8,26.6
2019-09-19,Badulla,3.1,23.6
2019-09-19,Dambulla,3.3,26.1
2019-09-19,Nuwara Eliya,2.9,16.5
2019-09-20,Anuradhapura,1.0,27.4
2019-09-20,Badulla,4.2,23.9
2019-09-20,Dambulla,1.4,26.3
2019-09-20,Nuwara Eliya,4.0,16.2
2019-09-21,Anuradhapura,0.0,28.0
2019-09-21,Badulla,2.0,24.1
2019-09-21,Dambulla,0.0,26.9
2019-09-21,Nuwara Eliya,2.7,16.4
2019-09-22,Anuradhapura,1.5,27.6
2019-09-22,Badulla,35.7,23.4
2019-09-22,Dambulla,4.0,26.4
2019-09-22,Nuwara Eliya,46.4,16.1
2019-09-23,Anuradhapura,12.5,26.1
2019-09-23,Badulla,5.5,23.3
2019-09-23,Dambulla,6.8,25.4
2019-09-23,Nuwara Eliya,4.8,16.0
2019-09-24,Anuradhapura,0.8,25.7
2019-09-24,Badulla,2.3,23.2
2019-09-24,Dambulla,1.0,24.9
2019-09-24,Nuwara Eliya,1.2,15.3
2019-09-25,Anuradhapura,3.6,26.1
2019-09-25,Badulla,8.3,22.5
2019-09-25,Dambulla,3.6,25.4
2019-09-25,Nuwara Eliya,6.5,15.3
2019-09-26,Anuradhapura,1.5,26.4
2019-09-26,Badulla,51.6,22.7
2019-09-26,Dambulla,7.7,25.5
2019-09-26,Nuwara Eliya,12.5,15.6
2019-09-27,Anuradhapura,36.7,26.2
2019-09-27,Badulla,6.9,22.0
2019-09-27,Dambulla,5.0,25.5
2019-09-27,Nuwara Eliya,2.6,15.2
2019-09-28,Anuradhapura,2.6,26.1
2019-09-28,Badulla,2.9,22.1
2019-09-28,Dambulla,3.4,25.2
2019-09-28,Nuwara Eliya,2.6,14.7
2019-09-29,Anuradhapura,17.8,25.7
2019-09-29,Badulla,4.3,22.2
2019-09-29,Dambulla,12.3,25.0
2019-09-29,Nuwara Eliya,3.5,15.3
2019-09-30,Anuradhapura,29.5,25.7
2019-09-30,Badulla,27.0,22.1
2019-09-30,Dambulla,31.6,24.9
2019-09-30,Nuwara Eliya,7.0,15.4
2019-10-01,Anuradhapura,23.9,25.7
2019-10-01,Badulla,23.9,22.3
2019-10-01,Dambulla,9.2,24.7
2019-10-01,Nuwara Eliya,9.2,15.8
2019-10-02,Anuradhapura,0.0,27.1
2019-10-02,Badulla,1.0,23.0
2019-10-02,Dambulla,0.2,26.0
2019-10-02,Nuwara Eliya,1.8,15.7
2019-10-03,Anuradhapura,31.2,26.4
2019-10-03,Badulla,2.8,22.7
2019-10-03,Dambulla,11.7,25.5
2019-10-03,Nuwara Eliya,4.1,16.2
2019-10-04,Anuradhapura,2.2,26.1
2019-10-04,Badulla,17.2,22.5
2019-10-04,Dambulla,6.6,25.1
2019-10-04,Nuwara Eliya,23.8,15.9
2019-10-05,Anuradhapura,10.7,26.0
2019-10-05,Badulla,29.5,22.2
2019-10-05,Dambulla,27.5,24.7
2019-10-05,Nuwara Eliya,7.6,15.6
2019-10-06,Anuradhapura,23.8,25.2
2019-10-06,Badulla,17.3,21.7
2019-10-06,Dambulla,17.9,24.1
2019-10-06,Nuwara Eliya,21.7,15.5
2019-10-07,Anuradhapura,5.3,25.7
2019-10-07,Badulla,4.7,22.1
2019-10-07,Dambulla,17.2,24.6
2019-10-07,Nuwara Eliya,5.3,15.7
2019-10-08,Anuradhapura,2.4,26.1
2019-10-08,Badulla,7.2,22.3
2019-10-08,Dambulla,3.6,25.0
2019-10-08,Nuwara Eliya,12.2,15.7
2019-10-09,Anuradhapura,46.5,26.2
2019-10-09,Badulla,11.6,22.5
2019-10-09,Dambulla,14.5,25.1
2019-10-09,Nuwara Eliya,10.3,16.2
2019-10-10,Anuradhapura,14.7,26.2
2019-10-10,Badulla,25.2,22.3
2019-10-10,Dambulla,9.0,25.2
2019-10-10,Nuwara Eliya,10.0,16.0
2019-10-11,Anuradhapura,7.9,25.7
2019-10-11,Badulla,31.5,22.2
2019-10-11,Dambulla,17.9,24.5
2019-10-11,Nuwara Eliya,11.3,15.7
2019-10-12,Anuradhapura,9.1,25.8
2019-10-12,Badulla,10.8,22.2
2019-10-12,Dambulla,18.7,25.0
2019-10-12,Nuwara Eliya,19.9,16.3
2019-10-13,Anuradhapura,9.7,26.1
2019-10-13,Badulla,36.7,22.3
2019-10-13,Dambulla,10.0,25.1
2019-10-13,Nuwara Eliya,7.6,16.0
2019-10-14,Anuradhapura,2.5,26.9
2019-10-14,Badulla,12.5,22.2
2019-10-14,Dambulla,5.2,25.5
2019-10-14,Nuwara Eliya,7.2,15.9
2019-10-15,Anuradhapura,20.4,25.9
2019-10-15,Badulla,31.7,22.1
2019-10-15,Dambulla,13.3,25.0
2019-10-15,Nuwara Eliya,15.7,15.9
2019-10-16,Anuradhapura,29.3,25.2
2019-10-16,Badulla,14.6,21.6
2019-10-16,Dambulla,15.6,24.3
2019-10-16,Nuwara Eliya,7.8,15.4
2019-10-17,Anuradhapura,20.7,25.6
2019-10-17,Badulla,17.9,22.3
2019-10-17,Dambulla,10.6,24.9
2019-10-17,Nuwara Eliya,9.4,16.0
2019-10-18,Anuradhapura,7.1,26.2
2019-10-18,Badulla,22.6,22.3
2019-10-18,Dambulla,9.7,25.0
2019-10-18,Nuwara Eliya,8.7,16.1
2019-10-19,Anuradhapura,12.9,25.9
2019-10-19,Badulla,14.8,22.0
2019-10-19,Dambulla,8.0,24.6
2019-10-19,Nuwara Eliya,6.4,15.6
2019-10-20,Anuradhapura,21.3,25.6
2019-10-20,Badulla,47.0,21.9
2019-10-20,Dambulla,16.3,24.6
2019-10-20,Nuwara Eliya,21.4,16.4
2019-10-21,Anuradhapura,25.3,24.5
2019-10-21,Badulla,26.4,22.2
2019-10-21,Dambulla,13.8,23.9
2019-10-21,Nuwara Eliya,12.2,16.1
2019-10-22,Anuradhapura,5.1,25.6
2019-10-22,Badulla,4.0,22.3
2019-10-22,Dambulla,2.7,24.6
2019-10-22,Nuwara Eliya,3.5,15.7
2019-10-23,Anuradhapura,12.8,26.1
2019-10-23,Badulla,1.2,22.6
2019-10-23,Dambulla,3.3,25.2
2019-10-23,Nuwara Eliya,2.6,15.7
2019-10-24,Anuradhapura,5.2,24.7
2019-10-24,Badulla,7.3,21.9
2019-10-24,Dambulla,9.6,23.5
2019-10-24,Nuwara Eliya,9.5,15.3
2019-10-25,Anuradhapura,0.0,25.8
2019-10-25,Badulla,0.4,21.8
2019-10-25,Dambulla,0.0,24.7
2019-10-25,Nuwara Eliya,3.4,14.9
2019-10-26,Anuradhapura,4.0,25.0
2019-10-26,Badulla,3.5,21.0
2019-10-26,Dambulla,3.8,24.2
2019-10-26,Nuwara Eliya,7.0,14.8
2019-10-27,Anuradhapura,10.3,24.9
2019-10-27,Badulla,15.7,21.7
2019-10-27,Dambulla,10.0,24.1
2019-10-27,Nuwara Eliya,11.9,15.2
2019-10-28,Anuradhapura,15.3,24.0
2019-10-28,Badulla,66.9,20.8
2019-10-28,Dambulla,20.7,22.9
2019-10-28,Nuwara Eliya,50.2,14.6
2019-10-29,Anuradhapura,24.5,24.7
2019-10-29,Badulla,37.3,22.1
2019-10-29,Dambulla,13.2,23.8
2019-10-29,Nuwara Eliya,21.2,15.6
2019-10-30,Anuradhapura,4.1,25.0
2019-10-30,Badulla,5.5,22.7
2019-10-30,Dambulla,5.3,24.1
2019-10-30,Nuwara Eliya,7.6,15.2
2019-10-31,Anuradhapura,1.9,24.8
2019-10-31,Badulla,3.5,22.2
2019-10-31,Dambulla,2.5,24.4
2019-10-31,Nuwara Eliya,8.4,15.2
2019-11-01,Anuradhapura,9.3,25.6
2019-11-01,Badulla,7.5,22.4
2019-11-01,Dambulla,7.5,25.1
2019-11-01,Nuwara Eliya,2.9,15.0
2019-11-02,Anuradhapura,7.5,25.8
2019-11-02,Badulla,0.4,22.1
2019-11-02,Dambulla,1.7,24.7
2019-11-02,Nuwara Eliya,0.0,15.4
2019-11-03,Anuradhapura,5.9,25.2
2019-11-03,Badulla,2.4,22.0
2019-11-03,Dambulla,1.7,24.4
2019-11-03,Nuwara Eliya,3.7,15.0
2019-11-04,Anuradhapura,7.6,25.3
2019-11-04,Badulla,4.6,22.1
2019-11-04,Dambulla,3.0,24.7
2019-11-04,Nuwara Eliya,11.9,15.5
2019-11-05,Anuradhapura,0.0,26.6
2019-11-05,Badulla,3.9,22.2
2019-11-05,Dambulla,1.4,25.7
2019-11-05,Nuwara Eliya,1.9,15.6
2019-11-06,Anuradhapura,0.0,26.3
2019-11-06,Badulla,0.0,22.7
2019-11-06,Dambulla,0.0,25.6
2019-11-06,Nuwara Eliya,0.0,15.6
2019-11-07,Anuradhapura,2.3,26.7
2019-11-07,Badulla,0.7,22.0
2019-11-07,Dambulla,1.5,25.7
2019-11-07,Nuwara Eliya,0.5,15.5
2019-11-08,Anuradhapura,4.6,26.4
2019-11-08,Badulla,2.3,22.3
2019-11-08,Dambulla,2.8,25.5
2019-11-08,Nuwara Eliya,1.0,15.7
2019-11-09,Anuradhapura,2.3,26.0
2019-11-09,Badulla,8.6,22.3
2019-11-09,Dambulla,2.8,25.0
2019-11-09,Nuwara Eliya,27.0,15.7
2019-11-10,Anuradhapura,4.0,26.6
2019-11-10,Badulla,1.8,23.2
2019-11-10,Dambulla,0.4,25.4
2019-11-10,Nuwara Eliya,4.8,16.1
2019-11-11,Anuradhapura,2.6,26.0
2019-11-11,Badulla,2.2,23.3
2019-11-11,Dambulla,0.8,25.7
2019-11-11,Nuwara Eliya,0.0,15.6
2019-11-12,Anuradhapura,2.7,25.8
2019-11-12,Badulla,2.5,22.4
2019-11-12,Dambulla,2.3,24.9
2019-11-12,Nuwara Eliya,1.1,15.6
2019-11-13,Anuradhapura,1.3,26.2
2019-11-13,Badulla,3.0,21.9
2019-11-13,Dambulla,1.7,24.9
2019-11-13,Nuwara Eliya,4.9,15.0
2019-11-14,Anuradhapura,0.2,26.6
2019-11-14,Badulla,2.1,22.2
2019-11-14,Dambulla,0.0,25.8
2019-11-14,Nuwara Eliya,2.7,15.8
2019-11-15,Anuradhapura,5.7,25.9
2019-11-15,Badulla,13.8,22.4
2019-11-15,Dambulla,8.9,25.1
2019-11-15,Nuwara Eliya,7.4,15.7
2019-11-16,Anuradhapura,6.0,25.9
2019-11-16,Badulla,29.0,22.4
2019-11-16,Dambulla,9.8,25.0
2019-11-16,Nuwara Eliya,7.7,16.1
2019-11-17,Anuradhapura,1.2,26.1
2019-11-17,Badulla,7.6,22.2
2019-11-17,Dambulla,1.6,25.1
2019-11-17,Nuwara Eliya,3.5,16.1
2019-11-18,Anuradhapura,5.0,26.3
2019-11-18,Badulla,13.1,21.9
2019-11-18,Dambulla,5.2,25.1
2019-11-18,Nuwara Eliya,3.3,15.8
2019-11-19,Anuradhapura,8.8,26.1
2019-11-19,Badulla,21.1,22.0
2019-11-19,Dambulla,5.7,25.1
2019-11-19,Nuwara Eliya,9.5,15.6
2019-11-20,Anuradhapura,0.8,26.2
2019-11-20,Badulla,4.3,21.8
2019-11-20,Dambulla,1.5,25.0
2019-11-20,Nuwara Eliya,2.1,15.4
2019-11-21,Anuradhapura,0.5,26.5
2019-11-21,Badulla,8.1,21.9
2019-11-21,Dambulla,2.7,25.2
2019-11-21,Nuwara Eliya,1.8,14.2
2019-11-22,Anuradhapura,1.6,25.5
2019-11-22,Badulla,32.8,21.4
2019-11-22,Dambulla,5.3,23.8
2019-11-22,Nuwara Eliya,19.0,14.8
2019-11-23,Anuradhapura,4.3,25.2
2019-11-23,Badulla,24.2,21.7
2019-11-23,Dambulla,9.3,23.9
2019-11-23,Nuwara Eliya,7.0,15.4
2019-11-24,Anuradhapura,2.1,25.7
2019-11-24,Badulla,15.2,21.9
2019-11-24,Dambulla,2.2,24.2
2019-11-24,Nuwara Eliya,6.6,15.5
2019-11-25,Anuradhapura,10.5,25.1
2019-11-25,Badulla,23.8,21.9
2019-11-25,Dambulla,11.0,24.1
2019-11-25,Nuwara Eliya,23.3,15.5
2019-11-26,Anuradhapura,0.8,26.0
2019-11-26,Badulla,15.8,21.9
2019-11-26,Dambulla,2.9,24.6
2019-11-26,Nuwara Eliya,5.8,15.0
2019-11-27,Anuradhapura,4.9,25.6
2019-11-27,Badulla,16.2,21.7
2019-11-27,Dambulla,6.3,24.6
2019-11-27,Nuwara Eliya,7.3,14.9
2019-11-28,Anuradhapura,5.7,25.4
2019-11-28,Badulla,28.7,21.8
2019-11-28,Dambulla,4.2,24.1
2019-11-28,Nuwara Eliya,8.9,15.4
2019-11-29,Anuradhapura,12.6,25.1
2019-11-29,Badulla,31.6,22.1
2019-11-29,Dambulla,6.6,24.1
2019-11-29,Nuwara Eliya,11.8,15.8
2019-11-30,Anuradhapura,37.9,24.8
2019-11-30,Badulla,31.4,22.0
2019-11-30,Dambulla,78.2,24.4
2019-11-30,Nuwara Eliya,10.6,16.0
2019-12-01,Anuradhapura,14.0,25.8
2019-12-01,Badulla,27.7,22.0
2019-12-01,Dambulla,9.2,24.9
2019-12-01,Nuwara Eliya,34.2,16.3
2019-12-02,Anuradhapura,6.7,24.9
2019-12-02,Badulla,9.0,21.8
2019-12-02,Dambulla,5.3,24.0
2019-12-02,Nuwara Eliya,6.5,15.7
2019-12-03,Anuradhapura,11.8,25.0
2019-12-03,Badulla,26.2,21.8
2019-12-03,Dambulla,3.3,24.0
2019-12-03,Nuwara Eliya,7.7,15.5
2019-12-04,Anuradhapura,13.2,24.9
2019-12-04,Badulla,47.3,21.8
2019-12-04,Dambulla,14.4,23.9
2019-12-04,Nuwara Eliya,21.2,15.5
2019-12-05,Anuradhapura,5.5,25.0
2019-12-05,Badulla,24.4,21.9
2019-12-05,Dambulla,4.7,23.8
2019-12-05,Nuwara Eliya,5.0,15.1
2019-12-06,Anuradhapura,5.5,24.9
2019-12-06,Badulla,31.9,21.3
2019-12-06,Dambulla,5.3,24.1
2019-12-06,Nuwara Eliya,9.2,14.9
2019-12-07,Anuradhapura,4.1,25.2
2019-12-07,Badulla,17.3,21.2
2019-12-07,Dambulla,4.3,24.1
2019-12-07,Nuwara Eliya,6.1,14.6
2019-12-08,Anuradhapura,0.0,25.8
2019-12-08,Badulla,10.6,21.1
2019-12-08,Dambulla,0.8,24.3
2019-12-08,Nuwara Eliya,4.6,14.6
2019-12-09,Anuradhapura,2.4,24.7
2019-12-09,Badulla,12.0,21.0
2019-12-09,Dambulla,25.5,23.0
2019-12-09,Nuwara Eliya,5.4,14.7
2019-12-10,Anuradhapura,6.8,24.6
2019-12-10,Badulla,29.7,21.5
2019-12-10,Dambulla,6.4,23.4
2019-12-10,Nuwara Eliya,12.6,15.8
2019-12-11,Anuradhapura,7.0,24.9
2019-12-11,Badulla,265.0,20.9
2019-12-11,Dambulla,7.8,23.6
2019-12-11,Nuwara Eliya,93.1,14.6
2019-12-12,Anuradhapura,3.6,24.7
2019-12-12,Badulla,2.1,21.5
2019-12-12,Dambulla,2.2,23.8
2019-12-12,Nuwara Eliya,1.5,14.8
2019-12-13,Anuradhapura,5.1,25.4
2019-12-13,Badulla,3.8,21.7
2019-12-13,Dambulla,1.3,24.5
2019-12-13,Nuwara Eliya,2.9,15.1
2019-12-14,Anuradhapura,2.1,25.2
2019-12-14,Badulla,6.1,21.6
2019-12-14,Dambulla,3.8,24.1
2019-12-14,Nuwara Eliya,1.0,14.4
2019-12-15,Anuradhapura,0.1,25.5
2019-12-15,Badulla,3.0,21.6
2019-12-15,Dambulla,0.1,24.4
2019-12-15,Nuwara Eliya,0.0,14.0
2019-12-16,Anuradhapura,0.7,25.6
2019-12-16,Badulla,3.9,21.2
2019-12-16,Dambulla,0.9,24.5
2019-12-16,Nuwara Eliya,0.1,14.0
2019-12-17,Anuradhapura,13.6,24.7
2019-12-17,Badulla,40.9,21.0
2019-12-17,Dambulla,8.8,23.7
2019-12-17,Nuwara Eliya,13.9,14.9
2019-12-18,Anuradhapura,4.9,25.0
2019-12-18,Badulla,18.2,21.6
2019-12-18,Dambulla,9.1,23.8
2019-12-18,Nuwara Eliya,11.1,15.2
2019-12-19,Anuradhapura,11.6,25.2
2019-12-19,Badulla,44.6,21.6
2019-12-19,Dambulla,15.0,23.7
2019-12-19,Nuwara Eliya,20.8,15.4
2019-12-20,Anuradhapura,7.0,24.9
2019-12-20,Badulla,26.9,21.8
2019-12-20,Dambulla,8.8,23.9
2019-12-20,Nuwara Eliya,13.1,15.6
2019-12-21,Anuradhapura,6.1,25.0
2019-12-21,Badulla,13.9,21.7
2019-12-21,Dambulla,2.7,24.0
2019-12-21,Nuwara Eliya,6.5,15.5
2019-12-22,Anuradhapura,7.4,25.0
2019-12-22,Badulla,14.6,22.2
2019-12-22,Dambulla,10.7,24.1
2019-12-22,Nuwara Eliya,5.6,15.9
2019-12-23,Anuradhapura,12.4,24.3
2019-12-23,Badulla,12.5,21.5
2019-12-23,Dambulla,30.3,23.9
2019-12-23,Nuwara Eliya,4.2,15.8
2019-12-24,Anuradhapura,1.2,25.9
2019-12-24,Badulla,2.6,22.2
2019-12-24,Dambulla,1.1,25.1
2019-12-24,Nuwara Eliya,1.3,15.8
2019-12-25,Anuradhapura,1.7,25.6
2019-12-25,Badulla,4.1,21.7
2019-12-25,Dambulla,3.1,24.8
2019-12-25,Nuwara Eliya,0.1,15.7
2019-12-26,Anuradhapura,0.2,25.6
2019-12-26,Badulla,3.3,22.1
2019-12-26,Dambulla,1.3,24.7
2019-12-26,Nuwara Eliya,0.4,15.5
2019-12-27,Anuradhapura,0.0,25.0
2019-12-27,Badulla,2.7,21.1
2019-12-27,Dambulla,0.0,24.0
2019-12-27,Nuwara Eliya,2.4,15.8
2019-12-28,Anuradhapura,0.4,25.1
2019-12-28,Badulla,2.0,21.3
2019-12-28,Dambulla,0.4,24.2
2019-12-28,Nuwara Eliya,0.4,15.2
2019-12-29,Anuradhapura,0.0,25.1
2019-12-29,Badulla,0.0,20.7
2019-12-29,Dambulla,0.0,23.8
2019-12-29,Nuwara Eliya,0.0,14.1
2019-12-30,Anuradhapura,0.2,25.2
2019-12-30,Badulla,0.0,21.4
2019-12-30,Dambulla,0.0,24.2
2019-12-30,Nuwara Eliya,0.5,14.2
2019-12-31,Anuradhapura,1.7,25.0
2019-12-31,Badulla,0.7,22.2
2019-12-31,Dambulla,2.2,24.2
2019-12-31,Nuwara Eliya,1.7,15.3
2020-01-01,Anuradhapura,1.3,25.9
2020-01-01,Badulla,1.6,22.5
2020-01-01,Dambulla,0.5,25.3
2020-01-01,Nuwara Eliya,1.0,15.6
2020-01-02,Anuradhapura,1.7,26.0
2020-01-02,Badulla,10.2,22.3
2020-01-02,Dambulla,3.8,25.1
2020-01-02,Nuwara Eliya,4.1,15.5
2020-01-03,Anuradhapura,0.6,26.3
2020-01-03,Badulla,3.1,22.7
2020-01-03,Dambulla,0.3,25.4
2020-01-03,Nuwara Eliya,0.3,15.7
2020-01-04,Anuradhapura,0.6,26.3
2020-01-04,Badulla,1.8,21.8
2020-01-04,Dambulla,0.5,25.4
2020-01-04,Nuwara Eliya,1.5,15.6
2020-01-05,Anuradhapura,0.0,26.2
2020-01-05,Badulla,0.5,22.2
2020-01-05,Dambulla,0.0,25.3
2020-01-05,Nuwara Eliya,0.0,14.7
2020-01-06,Anuradhapura,0.2,26.1
2020-01-06,Badulla,5.9,21.6
2020-01-06,Dambulla,1.4,24.9
2020-01-06,Nuwara Eliya,0.9,14.2
2020-01-07,Anuradhapura,1.5,25.3
2020-01-07,Badulla,9.0,21.6
2020-01-07,Dambulla,5.7,24.1
2020-01-07,Nuwara Eliya,2.4,14.4
2020-01-08,Anuradhapura,0.0,25.3
2020-01-08,Badulla,10.9,21.5
2020-01-08,Dambulla,1.3,24.2
2020-01-08,Nuwara Eliya,0.3,15.2
2020-01-09,Anuradhapura,0.0,25.0
2020-01-09,Badulla,0.0,21.0
2020-01-09,Dambulla,0.0,23.8
2020-01-09,Nuwara Eliya,1.4,14.9
2020-01-10,Anuradhapura,0.0,24.6
2020-01-10,Badulla,0.0,20.4
2020-01-10,Dambulla,0.0,23.4
2020-01-10,Nuwara Eliya,0.0,14.7
2020-01-11,Anuradhapura,1.2,24.5
2020-01-11,Badulla,9.6,20.4
2020-01-11,Dambulla,2.3,23.4
2020-01-11,Nuwara Eliya,0.9,14.8
2020-01-12,Anuradhapura,0.0,25.3
2020-01-12,Badulla,17.8,20.9
2020-01-12,Dambulla,1.8,24.0
2020-01-12,Nuwara Eliya,3.2,14.8
2020-01-13,Anuradhapura,0.0,24.0
2020-01-13,Badulla,0.4,19.9
2020-01-13,Dambulla,0.1,23.2
2020-01-13,Nuwara Eliya,0.6,14.4
2020-01-14,Anuradhapura,0.0,23.5
2020-01-14,Badulla,0.0,18.8
2020-01-14,Dambulla,0.0,22.3
2020-01-14,Nuwara Eliya,1.3,14.3
2020-01-15,Anuradhapura,0.0,23.6
2020-01-15,Badulla,0.0,19.3
2020-01-15,Dambulla,0.0,22.5
2020-01-15,Nuwara Eliya,1.2,14.9
2020-01-16,Anuradhapura,0.6,24.2
2020-01-16,Badulla,1.1,20.9
2020-01-16,Dambulla,0.9,23.4
2020-01-16,Nuwara Eliya,1.9,15.1
2020-01-17,Anuradhapura,1.4,25.2
2020-01-17,Badulla,2.8,21.6
2020-01-17,Dambulla,1.3,24.5
2020-01-17,Nuwara Eliya,3.0,15.6
2020-01-18,Anuradhapura,0.2,25.8
2020-01-18,Badulla,2.2,22.0
2020-01-18,Dambulla,0.3,25.1
2020-01-18,Nuwara Eliya,0.0,14.9
2020-01-19,Anuradhapura,1.8,25.4
2020-01-19,Badulla,11.3,22.0
2020-01-19,Dambulla,2.2,24.6
2020-01-19,Nuwara Eliya,1.9,15.9
2020-01-20,Anuradhapura,0.0,26.2
2020-01-20,Badulla,8.7,22.2
2020-01-20,Dambulla,0.6,25.1
2020-01-20,Nuwara Eliya,2.3,15.7
2020-01-21,Anuradhapura,0.3,25.7
2020-01-21,Badulla,9.2,22.3
2020-01-21,Dambulla,3.0,24.8
2020-01-21,Nuwara Eliya,0.7,15.5
2020-01-22,Anuradhapura,5.3,25.3
2020-01-22,Badulla,21.2,21.6
2020-01-22,Dambulla,7.0,24.2
2020-01-22,Nuwara Eliya,9.6,15.6
2020-01-23,Anuradhapura,2.8,25.9
2020-01-23,Badulla,12.0,22.2
2020-01-23,Dambulla,4.8,24.5
2020-01-23,Nuwara Eliya,3.7,15.7
2020-01-24,Anuradhapura,0.8,26.0
2020-01-24,Badulla,8.8,22.4
2020-01-24,Dambulla,0.6,25.0
2020-01-24,Nuwara Eliya,0.4,15.1
2020-01-25,Anuradhapura,0.0,25.1
2020-01-25,Badulla,7.2,21.2
2020-01-25,Dambulla,0.3,24.4
2020-01-25,Nuwara Eliya,2.3,14.5
2020-01-26,Anuradhapura,0.0,24.9
2020-01-26,Badulla,0.2,20.4
2020-01-26,Dambulla,0.0,23.9
2020-01-26,Nuwara Eliya,0.0,15.4
2020-01-27,Anuradhapura,0.0,24.4
2020-01-27,Badulla,0.0,20.1
2020-01-27,Dambulla,0.0,23.4
2020-01-27,Nuwara Eliya,0.1,15.3
2020-01-28,Anuradhapura,0.0,24.7
2020-01-28,Badulla,0.0,20.6
2020-01-28,Dambulla,0.0,23.7
2020-01-28,Nuwara Eliya,0.2,16.8
2020-01-29,Anuradhapura,0.0,25.0
2020-01-29,Badulla,0.0,20.5
2020-01-29,Dambulla,0.0,23.9
2020-01-29,Nuwara Eliya,0.0,17.6
2020-01-30,Anuradhapura,0.0,25.0
2020-01-30,Badulla,0.0,20.4
2020-01-30,Dambulla,0.0,24.0
2020-01-30,Nuwara Eliya,0.0,15.5
2020-01-31,Anuradhapura,0.0,25.1
2020-01-31,Badulla,0.0,20.4
2020-01-31,Dambulla,0.0,24.1
2020-01-31,Nuwara Eliya,0.0,14.9
2020-02-01,Anuradhapura,0.0,25.4
2020-02-01,Badulla,0.1,20.6
2020-02-01,Dambulla,0.0,24.4
2020-02-01,Nuwara Eliya,0.0,13.7
2020-02-02,Anuradhapura,0.0,25.5
2020-02-02,Badulla,2.2,21.6
2020-02-02,Dambulla,0.2,24.5
2020-02-02,Nuwara Eliya,1.9,14.6
2020-02-03,Anuradhapura,0.0,25.5
2020-02-03,Badulla,1.5,21.5
2020-02-03,Dambulla,0.4,24.3
2020-02-03,Nuwara Eliya,2.4,14.9
2020-02-04,Anuradhapura,0.0,25.8
2020-02-04,Badulla,2.7,21.6
2020-02-04,Dambulla,0.0,24.6
2020-02-04,Nuwara Eliya,0.6,14.8
2020-02-05,Anuradhapura,0.0,25.7
2020-02-05,Badulla,9.5,21.2
2020-02-05,Dambulla,0.3,24.6
2020-02-05,Nuwara Eliya,4.3,14.9
2020-02-06,Anuradhapura,0.0,25.7
2020-02-06,Badulla,1.7,21.5
2020-02-06,Dambulla,0.0,24.8
2020-02-06,Nuwara Eliya,0.0,15.8
2020-02-07,Anuradhapura,0.0,25.4
2020-02-07,Badulla,1.0,21.2
2020-02-07,Dambulla,0.0,24.5
2020-02-07,Nuwara Eliya,0.0,16.1
2020-02-08,Anuradhapura,0.0,25.5
2020-02-08,Badulla,0.0,21.1
2020-02-08,Dambulla,0.0,24.6
2020-02-08,Nuwara Eliya,0.1,16.2
2020-02-09,Anuradhapura,0.0,25.4
2020-02-09,Badulla,0.0,20.8
2020-02-09,Dambulla,0.0,24.6
2020-02-09,Nuwara Eliya,0.0,14.7
2020-02-10,Anuradhapura,0.0,25.5
2020-02-10,Badulla,2.6,20.5
2020-02-10,Dambulla,0.0,24.1
2020-02-10,Nuwara Eliya,0.0,14.2
2020-02-11,Anuradhapura,0.1,25.9
2020-02-11,Badulla,6.2,21.7
2020-02-11,Dambulla,0.9,25.1
2020-02-11,Nuwara Eliya,0.1,14.5
2020-02-12,Anuradhapura,0.9,26.3
2020-02-12,Badulla,30.5,21.5
2020-02-12,Dambulla,7.7,24.7
2020-02-12,Nuwara Eliya,11.5,15.6
2020-02-13,Anuradhapura,0.0,26.5
2020-02-13,Badulla,14.9,21.4
2020-02-13,Dambulla,1.4,25.1
2020-02-13,Nuwara Eliya,5.3,15.1
2020-02-14,Anuradhapura,0.5,25.9
2020-02-14,Badulla,18.3,21.5
2020-02-14,Dambulla,3.9,24.7
2020-02-14,Nuwara Eliya,12.4,15.6
2020-02-15,Anuradhapura,0.0,26.3
2020-02-15,Badulla,0.1,22.5
2020-02-15,Dambulla,0.0,25.4
2020-02-15,Nuwara Eliya,2.4,16.4
2020-02-16,Anuradhapura,0.0,26.2
2020-02-16,Badulla,1.6,22.3
2020-02-16,Dambulla,0.0,25.3
2020-02-16,Nuwara Eliya,1.1,16.5
2020-02-17,Anuradhapura,0.0,25.8
2020-02-17,Badulla,3.5,22.0
2020-02-17,Dambulla,0.0,24.8
2020-02-17,Nuwara Eliya,0.0,15.7
2020-02-18,Anuradhapura,0.0,25.0
2020-02-18,Badulla,0.4,19.9
2020-02-18,Dambulla,0.0,23.7
2020-02-18,Nuwara Eliya,0.0,15.7
2020-02-19,Anuradhapura,0.0,25.1
2020-02-19,Badulla,0.0,19.9
2020-02-19,Dambulla,0.0,24.1
2020-02-19,Nuwara Eliya,0.6,16.1
2020-02-20,Anuradhapura,0.0,26.1
2020-02-20,Badulla,4.8,21.6
2020-02-20,Dambulla,0.1,24.9
2020-02-20,Nuwara Eliya,0.7,15.3
2020-02-21,Anuradhapura,6.9,26.1
2020-02-21,Badulla,15.9,22.4
2020-02-21,Dambulla,6.4,24.9
2020-02-21,Nuwara Eliya,10.3,15.8
2020-02-22,Anuradhapura,0.2,26.7
2020-02-22,Badulla,20.8,22.0
2020-02-22,Dambulla,9.3,24.9
2020-02-22,Nuwara Eliya,9.8,15.2
2020-02-23,Anuradhapura,1.1,26.1
2020-02-23,Badulla,10.0,21.7
2020-02-23,Dambulla,3.1,24.3
2020-02-23,Nuwara Eliya,4.6,14.6
2020-02-24,Anuradhapura,0.0,26.6
2020-02-24,Badulla,5.2,22.1
2020-02-24,Dambulla,0.8,25.2
2020-02-24,Nuwara Eliya,0.0,15.2
2020-02-25,Anuradhapura,0.0,26.7
2020-02-25,Badulla,2.7,22.4
2020-02-25,Dambulla,0.5,25.4
2020-02-25,Nuwara Eliya,0.9,15.9
2020-02-26,Anuradhapura,0.0,27.1
2020-02-26,Badulla,3.1,22.2
2020-02-26,Dambulla,0.0,25.6
2020-02-26,Nuwara Eliya,1.3,15.7
2020-02-27,Anuradhapura,0.0,26.7
2020-02-27,Badulla,1.6,22.2
2020-02-27,Dambulla,0.2,25.5
2020-02-27,Nuwara Eliya,2.0,15.9
2020-02-28,Anuradhapura,0.0,26.6
2020-02-28,Badulla,0.7,22.0
2020-02-28,Dambulla,0.0,25.3
2020-02-28,Nuwara Eliya,0.2,15.6
2020-02-29,Anuradhapura,0.0,26.4
2020-02-29,Badulla,0.7,21.1
2020-02-29,Dambulla,0.0,25.3
2020-02-29,Nuwara Eliya,4.8,15.3
2020-03-01,Anuradhapura,0.0,26.6
2020-03-01,Badulla,0.2,22.2
2020-03-01,Dambulla,0.0,25.6
2020-03-01,Nuwara Eliya,0.2,16.0
2020-03-02,Anuradhapura,0.0,26.6
2020-03-02,Badulla,3.4,22.2
2020-03-02,Dambulla,0.0,25.8
2020-03-02,Nuwara Eliya,0.0,16.8
2020-03-03,Anuradhapura,0.0,26.9
2020-03-03,Badulla,0.0,22.6
2020-03-03,Dambulla,0.0,26.0
2020-03-03,Nuwara Eliya,0.0,16.8
2020-03-04,Anuradhapura,0.0,27.1
2020-03-04,Badulla,0.0,22.7
2020-03-04,Dambulla,0.0,26.1
2020-03-04,Nuwara Eliya,1.7,16.3
2020-03-05,Anuradhapura,0.0,27.5
2020-03-05,Badulla,0.0,22.5
2020-03-05,Dambulla,0.0,26.5
2020-03-05,Nuwara Eliya,1.2,17.4
2020-03-06,Anuradhapura,3.4,27.1
2020-03-06,Badulla,5.9,22.7
2020-03-06,Dambulla,3.3,26.4
2020-03-06,Nuwara Eliya,9.4,16.6
2020-03-07,Anuradhapura,25.5,25.6
2020-03-07,Badulla,3.3,23.2
2020-03-07,Dambulla,4.5,25.6
2020-03-07,Nuwara Eliya,0.3,16.6
2020-03-08,Anuradhapura,0.0,27.3
2020-03-08,Badulla,0.0,22.8
2020-03-08,Dambulla,0.0,26.6
2020-03-08,Nuwara Eliya,2.7,17.7
2020-03-09,Anuradhapura,0.0,27.3
2020-03-09,Badulla,0.0,22.6
2020-03-09,Dambulla,0.0,26.5
2020-03-09,Nuwara Eliya,1.0,17.5
2020-03-10,Anuradhapura,0.0,27.2
2020-03-10,Badulla,0.0,22.4
2020-03-10,Dambulla,0.0,26.3
2020-03-10,Nuwara Eliya,0.1,17.2
2020-03-11,Anuradhapura,0.0,27.6
2020-03-11,Badulla,0.0,23.2
2020-03-11,Dambulla,0.0,26.8
2020-03-11,Nuwara Eliya,0.2,18.2
2020-03-12,Anuradhapura,0.0,27.6
2020-03-12,Badulla,0.0,22.5
2020-03-12,Dambulla,0.0,26.7
2020-03-12,Nuwara Eliya,0.6,18.3
2020-03-13,Anuradhapura,0.0,27.2
2020-03-13,Badulla,0.0,22.7
2020-03-13,Dambulla,0.0,26.5
2020-03-13,Nuwara Eliya,0.4,17.2
2020-03-14,Anuradhapura,0.0,27.4
2020-03-14,Badulla,0.2,22.7
2020-03-14,Dambulla,0.0,26.7
2020-03-14,Nuwara Eliya,1.7,18.5
2020-03-15,Anuradhapura,0.0,27.7
2020-03-15,Badulla,0.9,23.1
2020-03-15,Dambulla,0.0,26.6
2020-03-15,Nuwara Eliya,2.0,17.0
2020-03-16,Anuradhapura,0.2,27.7
2020-03-16,Badulla,8.2,22.6
2020-03-16,Dambulla,0.8,26.6
2020-03-16,Nuwara Eliya,3.4,16.8
2020-03-17,Anuradhapura,0.1,27.9
2020-03-17,Badulla,4.8,23.2
2020-03-17,Dambulla,0.6,26.6
2020-03-17,Nuwara Eliya,7.5,15.7
2020-03-18,Anuradhapura,0.1,28.3
2020-03-18,Badulla,1.5,23.1
2020-03-18,Dambulla,0.4,26.8
2020-03-18,Nuwara Eliya,0.1,16.3
2020-03-19,Anuradhapura,0.0,28.8
2020-03-19,Badulla,5.3,22.9
2020-03-19,Dambulla,0.1,27.1
2020-03-19,Nuwara Eliya,1.7,16.8
2020-03-20,Anuradhapura,0.0,28.9
2020-03-20,Badulla,0.0,23.7
2020-03-20,Dambulla,0.0,27.8
2020-03-20,Nuwara Eliya,4.1,17.5
2020-03-21,Anuradhapura,0.0,28.3
2020-03-21,Badulla,0.0,23.0
2020-03-21,Dambulla,0.0,27.0
2020-03-21,Nuwara Eliya,3.2,17.2
2020-03-22,Anuradhapura,0.0,28.5
2020-03-22,Badulla,0.4,23.2
2020-03-22,Dambulla,0.3,27.2
2020-03-22,Nuwara Eliya,1.2,17.6
2020-03-23,Anuradhapura,0.0,28.8
2020-03-23,Badulla,0.0,23.5
2020-03-23,Dambulla,0.0,27.4
2020-03-23,Nuwara Eliya,1.2,16.7
2020-03-24,Anuradhapura,0.0,28.1
2020-03-24,Badulla,0.0,22.8
2020-03-24,Dambulla,0.0,27.0
2020-03-24,Nuwara Eliya,0.0,16.8
2020-03-25,Anuradhapura,0.0,28.1
2020-03-25,Badulla,1.5,23.1
2020-03-25,Dambulla,0.2,27.1
2020-03-25,Nuwara Eliya,1.3,16.4
2020-03-26,Anuradhapura,0.0,27.8
2020-03-26,Badulla,0.0,22.9
2020-03-26,Dambulla,0.0,26.5
2020-03-26,Nuwara Eliya,0.0,15.9
2020-03-27,Anuradhapura,0.0,28.0
2020-03-27,Badulla,1.4,22.7
2020-03-27,Dambulla,0.0,27.0
2020-03-27,Nuwara Eliya,1.5,17.0
2020-03-28,Anuradhapura,0.0,28.3
2020-03-28,Badulla,1.1,23.2
2020-03-28,Dambulla,0.0,27.1
2020-03-28,Nuwara Eliya,0.7,17.5
2020-03-29,Anuradhapura,1.7,28.8
2020-03-29,Badulla,0.6,24.5
2020-03-29,Dambulla,2.4,28.1
2020-03-29,Nuwara Eliya,3.9,16.9
2020-03-30,Anuradhapura,0.4,29.0
2020-03-30,Badulla,1.7,24.0
2020-03-30,Dambulla,1.1,28.0
2020-03-30,Nuwara Eliya,1.3,17.4
2020-03-31,Anuradhapura,0.0,28.1
2020-03-31,Badulla,0.3,23.6
2020-03-31,Dambulla,0.0,27.0
2020-03-31,Nuwara Eliya,3.2,17.9
2020-04-01,Anuradhapura,0.0,28.2
2020-04-01,Badulla,0.2,23.0
2020-04-01,Dambulla,0.0,26.8
2020-04-01,Nuwara Eliya,0.0,17.7
2020-04-02,Anuradhapura,0.0,28.3
2020-04-02,Badulla,0.0,23.2
2020-04-02,Dambulla,0.0,26.7
2020-04-02,Nuwara Eliya,0.2,17.7
2020-04-03,Anuradhapura,0.0,28.9
2020-04-03,Badulla,0.3,23.6
2020-04-03,Dambulla,0.0,27.2
2020-04-03,Nuwara Eliya,4.1,17.5
2020-04-04,Anuradhapura,19.6,27.1
2020-04-04,Badulla,13.1,22.9
2020-04-04,Dambulla,18.2,26.0
2020-04-04,Nuwara Eliya,17.4,17.3
2020-04-05,Anuradhapura,1.7,27.9
2020-04-05,Badulla,2.3,23.5
2020-04-05,Dambulla,1.9,27.2
2020-04-05,Nuwara Eliya,3.5,17.5
2020-04-06,Anuradhapura,0.7,28.7
2020-04-06,Badulla,1.1,24.1
2020-04-06,Dambulla,1.3,27.5
2020-04-06,Nuwara Eliya,2.1,17.3
2020-04-07,Anuradhapura,1.1,28.7
2020-04-07,Badulla,0.0,24.1
2020-04-07,Dambulla,2.9,27.7
2020-04-07,Nuwara Eliya,0.1,17.6
2020-04-08,Anuradhapura,3.1,28.7
2020-04-08,Badulla,1.3,23.9
2020-04-08,Dambulla,7.8,27.7
2020-04-08,Nuwara Eliya,0.4,17.2
2020-04-09,Anuradhapura,0.7,28.6
2020-04-09,Badulla,0.0,24.5
2020-04-09,Dambulla,3.1,28.0
2020-04-09,Nuwara Eliya,0.0,17.0
2020-04-10,Anuradhapura,0.1,28.8
2020-04-10,Badulla,6.7,23.4
2020-04-10,Dambulla,0.3,27.1
2020-04-10,Nuwara Eliya,7.9,17.4
2020-04-11,Anuradhapura,0.1,28.6
2020-04-11,Badulla,8.5,23.4
2020-04-11,Dambulla,0.1,27.4
2020-04-11,Nuwara Eliya,8.1,16.1
2020-04-12,Anuradhapura,0.9,28.6
2020-04-12,Badulla,6.1,23.2
2020-04-12,Dambulla,0.5,27.4
2020-04-12,Nuwara Eliya,5.3,16.8
2020-04-13,Anuradhapura,0.2,29.1
2020-04-13,Badulla,6.6,23.9
2020-04-13,Dambulla,0.1,27.6
2020-04-13,Nuwara Eliya,3.2,16.9
2020-04-14,Anuradhapura,3.4,28.7
2020-04-14,Badulla,14.1,23.2
2020-04-14,Dambulla,5.4,26.6
2020-04-14,Nuwara Eliya,12.5,16.9
2020-04-15,Anuradhapura,4.7,27.6
2020-04-15,Badulla,13.9,22.7
2020-04-15,Dambulla,5.1,26.3
2020-04-15,Nuwara Eliya,15.3,16.7
2020-04-16,Anuradhapura,3.9,27.6
2020-04-16,Badulla,6.8,23.4
2020-04-16,Dambulla,7.6,26.6
2020-04-16,Nuwara Eliya,25.7,17.1
2020-04-17,Anuradhapura,1.3,28.2
2020-04-17,Badulla,3.0,23.7
2020-04-17,Dambulla,3.4,27.0
2020-04-17,Nuwara Eliya,12.7,17.4
2020-04-18,Anuradhapura,0.8,28.7
2020-04-18,Badulla,6.8,23.6
2020-04-18,Dambulla,1.4,27.3
2020-04-18,Nuwara Eliya,30.6,17.6
2020-04-19,Anuradhapura,5.6,28.0
2020-04-19,Badulla,8.7,23.1
2020-04-19,Dambulla,11.4,26.8
2020-04-19,Nuwara Eliya,13.9,16.7
2020-04-20,Anuradhapura,0.6,28.9
2020-04-20,Badulla,2.2,23.1
2020-04-20,Dambulla,1.6,27.3
2020-04-20,Nuwara Eliya,3.0,16.7
2020-04-21,Anuradhapura,3.6,28.5
2020-04-21,Badulla,3.6,23.5
2020-04-21,Dambulla,18.5,27.0
2020-04-21,Nuwara Eliya,5.7,17.1
2020-04-22,Anuradhapura,3.1,27.7
2020-04-22,Badulla,5.7,24.0
2020-04-22,Dambulla,2.4,26.8
2020-04-22,Nuwara Eliya,6.9,16.9
2020-04-23,Anuradhapura,9.8,27.9
2020-04-23,Badulla,23.3,23.6
2020-04-23,Dambulla,10.7,26.9
2020-04-23,Nuwara Eliya,5.1,17.4
2020-04-24,Anuradhapura,0.7,27.6
2020-04-24,Badulla,1.2,23.7
2020-04-24,Dambulla,0.5,26.8
2020-04-24,Nuwara Eliya,2.8,17.4
2020-04-25,Anuradhapura,5.8,28.1
2020-04-25,Badulla,1.3,24.1
2020-04-25,Dambulla,4.6,27.3
2020-04-25,Nuwara Eliya,2.0,16.9
2020-04-26,Anuradhapura,0.1,28.8
2020-04-26,Badulla,0.3,24.7
2020-04-26,Dambulla,0.2,27.9
2020-04-26,Nuwara Eliya,0.0,17.8
2020-04-27,Anuradhapura,3.2,29.0
2020-04-27,Badulla,9.9,24.5
2020-04-27,Dambulla,1.0,28.2
2020-04-27,Nuwara Eliya,0.6,17.3
2020-04-28,Anuradhapura,0.1,29.4
2020-04-28,Badulla,1.7,24.9
2020-04-28,Dambulla,0.2,28.2
2020-04-28,Nuwara Eliya,0.1,17.5
2020-04-29,Anuradhapura,4.9,28.2
2020-04-29,Badulla,1.4,24.4
2020-04-29,Dambulla,1.6,27.6
2020-04-29,Nuwara Eliya,1.0,16.9
2020-04-30,Anuradhapura,16.5,28.1
2020-04-30,Badulla,3.6,23.7
2020-04-30,Dambulla,4.1,27.7
2020-04-30,Nuwara Eliya,1.5,17.1
2020-05-01,Anuradhapura,1.7,28.2
2020-05-01,Badulla,2.9,23.7
2020-05-01,Dambulla,0.9,27.6
2020-05-01,Nuwara Eliya,2.6,17.0
2020-05-02,Anuradhapura,0.4,29.4
2020-05-02,Badulla,0.0,25.0
2020-05-02,Dambulla,1.0,28.6
2020-05-02,Nuwara Eliya,0.5,17.3
2020-05-03,Anuradhapura,0.5,29.5
2020-05-03,Badulla,0.0,25.4
2020-05-03,Dambulla,1.9,29.2
2020-05-03,Nuwara Eliya,0.0,17.9
2020-05-04,Anuradhapura,0.9,28.9
2020-05-04,Badulla,2.9,24.1
2020-05-04,Dambulla,7.1,27.6
2020-05-04,Nuwara Eliya,19.4,17.4
2020-05-05,Anuradhapura,1.7,29.0
2020-05-05,Badulla,1.8,24.5
2020-05-05,Dambulla,0.8,27.8
2020-05-05,Nuwara Eliya,4.1,17.5
2020-05-06,Anuradhapura,1.6,27.7
2020-05-06,Badulla,4.1,24.2
2020-05-06,Dambulla,12.5,27.2
2020-05-06,Nuwara Eliya,4.8,17.3
2020-05-07,Anuradhapura,39.8,28.0
2020-05-07,Badulla,11.3,23.8
2020-05-07,Dambulla,7.4,27.2
2020-05-07,Nuwara Eliya,2.7,17.2
2020-05-08,Anuradhapura,11.7,27.6
2020-05-08,Badulla,2.4,23.6
2020-05-08,Dambulla,2.6,26.7
2020-05-08,Nuwara Eliya,1.3,17.4
2020-05-09,Anuradhapura,9.4,27.6
2020-05-09,Badulla,10.7,24.0
2020-05-09,Dambulla,9.2,26.9
2020-05-09,Nuwara Eliya,10.1,17.5
2020-05-10,Anuradhapura,10.4,27.5
2020-05-10,Badulla,14.4,23.6
2020-05-10,Dambulla,16.1,26.4
2020-05-10,Nuwara Eliya,51.7,17.5
2020-05-11,Anuradhapura,52.6,26.2
2020-05-11,Badulla,4.6,23.4
2020-05-11,Dambulla,19.9,25.6
2020-05-11,Nuwara Eliya,25.3,17.3
2020-05-12,Anuradhapura,10.1,26.5
2020-05-12,Badulla,28.0,23.0
2020-05-12,Dambulla,13.3,25.8
2020-05-12,Nuwara Eliya,23.3,17.6
2020-05-13,Anuradhapura,10.5,27.3
2020-05-13,Badulla,14.5,23.2
2020-05-13,Dambulla,12.3,26.0
2020-05-13,Nuwara Eliya,11.0,17.8
2020-05-14,Anuradhapura,1.9,28.1
2020-05-14,Badulla,1.8,23.7
2020-05-14,Dambulla,4.5,27.1
2020-05-14,Nuwara Eliya,14.2,17.3
2020-05-15,Anuradhapura,4.6,27.7
2020-05-15,Badulla,2.3,23.7
2020-05-15,Dambulla,4.0,26.3
2020-05-15,Nuwara Eliya,3.5,17.2
2020-05-16,Anuradhapura,2.7,28.4
2020-05-16,Badulla,0.1,24.8
2020-05-16,Dambulla,5.0,26.7
2020-05-16,Nuwara Eliya,1.4,17.5
2020-05-17,Anuradhapura,0.3,29.0
2020-05-17,Badulla,0.0,24.8
2020-05-17,Dambulla,0.0,27.0
2020-05-17,Nuwara Eliya,0.4,17.0
2020-05-18,Anuradhapura,6.4,27.8
2020-05-18,Badulla,3.1,25.6
2020-05-18,Dambulla,2.3,26.1
2020-05-18,Nuwara Eliya,5.8,17.4
2020-05-19,Anuradhapura,0.6,28.9
2020-05-19,Badulla,0.0,26.0
2020-05-19,Dambulla,0.4,26.7
2020-05-19,Nuwara Eliya,8.0,16.4
2020-05-20,Anuradhapura,0.0,28.7
2020-05-20,Badulla,0.0,25.5
2020-05-20,Dambulla,0.0,27.2
2020-05-20,Nuwara Eliya,0.0,16.6
2020-05-21,Anuradhapura,0.4,27.2
2020-05-21,Badulla,0.5,25.3
2020-05-21,Dambulla,0.2,26.2
2020-05-21,Nuwara Eliya,4.4,16.6
2020-05-22,Anuradhapura,0.2,27.4
2020-05-22,Badulla,3.8,25.3
2020-05-22,Dambulla,0.2,26.5
2020-05-22,Nuwara Eliya,8.5,16.7
2020-05-23,Anuradhapura,0.8,28.0
2020-05-23,Badulla,0.5,24.8
2020-05-23,Dambulla,0.5,26.9
2020-05-23,Nuwara Eliya,0.7,17.0
2020-05-24,Anuradhapura,1.0,28.4
2020-05-24,Badulla,1.0,24.6
2020-05-24,Dambulla,0.4,27.1
2020-05-24,Nuwara Eliya,1.8,17.3
2020-05-25,Anuradhapura,1.4,28.6
2020-05-25,Badulla,0.0,24.9
2020-05-25,Dambulla,0.2,27.2
2020-05-25,Nuwara Eliya,0.2,17.5
2020-05-26,Anuradhapura,0.1,28.2
2020-05-26,Badulla,0.0,24.5
2020-05-26,Dambulla,0.1,27.5
2020-05-26,Nuwara Eliya,0.2,17.2
2020-05-27,Anuradhapura,0.8,27.7
2020-05-27,Badulla,0.1,25.2
2020-05-27,Dambulla,0.1,26.9
2020-05-27,Nuwara Eliya,0.0,17.1
2020-05-28,Anuradhapura,1.4,27.5
2020-05-28,Badulla,3.1,24.8
2020-05-28,Dambulla,0.8,26.6
2020-05-28,Nuwara Eliya,6.5,17.6
2020-05-29,Anuradhapura,6.2,27.4
2020-05-29,Badulla,15.3,24.5
2020-05-29,Dambulla,0.6,26.8
2020-05-29,Nuwara Eliya,13.3,17.4
2020-05-30,Anuradhapura,0.0,28.1
2020-05-30,Badulla,0.7,25.5
2020-05-30,Dambulla,0.0,27.5
2020-05-30,Nuwara Eliya,0.0,17.6
2020-05-31,Anuradhapura,0.0,28.3
2020-05-31,Badulla,0.7,25.1
2020-05-31,Dambulla,0.0,27.7
2020-05-31,Nuwara Eliya,1.3,17.3
2020-06-01,Anuradhapura,3.3,27.8
2020-06-01,Badulla,0.9,24.8
2020-06-01,Dambulla,0.8,27.3
2020-06-01,Nuwara Eliya,0.8,17.0
2020-06-02,Anuradhapura,0.6,27.7
2020-06-02,Badulla,0.0,24.7
2020-06-02,Dambulla,0.1,27.2
2020-06-02,Nuwara Eliya,0.0,15.8
2020-06-03,Anuradhapura,0.0,28.0
2020-06-03,Badulla,0.0,25.0
2020-06-03,Dambulla,0.0,27.4
2020-06-03,Nuwara Eliya,0.0,16.0
2020-06-04,Anuradhapura,0.0,28.2
2020-06-04,Badulla,0.0,25.1
2020-06-04,Dambulla,0.0,27.4
2020-06-04,Nuwara Eliya,0.0,16.5
2020-06-05,Anuradhapura,2.0,27.8
2020-06-05,Badulla,1.4,25.4
2020-06-05,Dambulla,0.7,27.2
2020-06-05,Nuwara Eliya,2.0,16.7
2020-06-06,Anuradhapura,5.0,26.7
2020-06-06,Badulla,12.1,24.9
2020-06-06,Dambulla,2.7,25.9
2020-06-06,Nuwara Eliya,2.1,16.3
2020-06-07,Anuradhapura,2.1,27.0
2020-06-07,Badulla,8.1,23.7
2020-06-07,Dambulla,3.1,25.5
2020-06-07,Nuwara Eliya,10.6,15.5
2020-06-08,Anuradhapura,0.8,27.5
2020-06-08,Badulla,0.0,25.6
2020-06-08,Dambulla,0.1,26.7
2020-06-08,Nuwara Eliya,1.1,16.3
2020-06-09,Anuradhapura,2.5,28.0
2020-06-09,Badulla,0.0,25.8
2020-06-09,Dambulla,0.8,26.9
2020-06-09,Nuwara Eliya,0.8,16.3
2020-06-10,Anuradhapura,1.2,28.1
2020-06-10,Badulla,0.4,26.3
2020-06-10,Dambulla,0.9,26.7
2020-06-10,Nuwara Eliya,1.2,16.5
2020-06-11,Anuradhapura,10.3,27.2
2020-06-11,Badulla,0.5,25.6
2020-06-11,Dambulla,4.4,25.8
2020-06-11,Nuwara Eliya,5.4,16.0
2020-06-12,Anuradhapura,1.0,27.3
2020-06-12,Badulla,0.2,26.3
2020-06-12,Dambulla,1.1,26.2
2020-06-12,Nuwara Eliya,2.9,16.4
2020-06-13,Anuradhapura,0.5,28.0
2020-06-13,Badulla,0.5,26.4
2020-06-13,Dambulla,0.5,27.2
2020-06-13,Nuwara Eliya,0.0,16.7
2020-06-14,Anuradhapura,0.2,28.5
2020-06-14,Badulla,0.2,26.2
2020-06-14,Dambulla,0.7,27.2
2020-06-14,Nuwara Eliya,0.4,16.4
2020-06-15,Anuradhapura,0.1,28.8
2020-06-15,Badulla,0.3,26.6
2020-06-15,Dambulla,0.0,28.1
2020-06-15,Nuwara Eliya,0.0,16.6
2020-06-16,Anuradhapura,0.8,28.4
2020-06-16,Badulla,6.3,25.8
2020-06-16,Dambulla,0.6,27.3
2020-06-16,Nuwara Eliya,1.0,16.6
2020-06-17,Anuradhapura,1.6,28.0
2020-06-17,Badulla,8.2,25.7
2020-06-17,Dambulla,1.5,27.0
2020-06-17,Nuwara Eliya,0.4,16.8
2020-06-18,Anuradhapura,0.1,28.6
2020-06-18,Badulla,0.0,25.8
2020-06-18,Dambulla,1.4,27.5
2020-06-18,Nuwara Eliya,0.2,16.5
2020-06-19,Anuradhapura,0.0,28.7
2020-06-19,Badulla,0.5,25.6
2020-06-19,Dambulla,0.4,27.4
2020-06-19,Nuwara Eliya,1.1,16.7
2020-06-20,Anuradhapura,0.5,28.7
2020-06-20,Badulla,0.0,26.4
2020-06-20,Dambulla,0.0,27.7
2020-06-20,Nuwara Eliya,0.0,16.5
2020-06-21,Anuradhapura,2.3,28.3
2020-06-21,Badulla,0.0,25.6
2020-06-21,Dambulla,1.8,26.4
2020-06-21,Nuwara Eliya,0.7,16.0
2020-06-22,Anuradhapura,0.7,28.5
2020-06-22,Badulla,0.3,25.8
2020-06-22,Dambulla,6.1,26.6
2020-06-22,Nuwara Eliya,1.2,16.3
2020-06-23,Anuradhapura,1.0,28.1
2020-06-23,Badulla,0.0,26.0
2020-06-23,Dambulla,2.1,27.4
2020-06-23,Nuwara Eliya,1.3,16.5
2020-06-24,Anuradhapura,2.6,28.2
2020-06-24,Badulla,1.2,25.0
2020-06-24,Dambulla,0.1,27.4
2020-06-24,Nuwara Eliya,0.3,17.0
2020-06-25,Anuradhapura,42.4,27.0
2020-06-25,Badulla,14.0,23.4
2020-06-25,Dambulla,9.9,26.0
2020-06-25,Nuwara Eliya,1.9,16.2
2020-06-26,Anuradhapura,4.8,26.8
2020-06-26,Badulla,1.0,23.9
2020-06-26,Dambulla,3.8,25.4
2020-06-26,Nuwara Eliya,1.8,15.4
2020-06-27,Anuradhapura,0.2,27.8
2020-06-27,Badulla,0.0,24.1
2020-06-27,Dambulla,1.1,26.5
2020-06-27,Nuwara Eliya,0.8,15.9
2020-06-28,Anuradhapura,1.2,28.1
2020-06-28,Badulla,1.5,24.7
2020-06-28,Dambulla,0.4,27.1
2020-06-28,Nuwara Eliya,0.6,16.6
2020-06-29,Anuradhapura,2.2,27.8
2020-06-29,Badulla,11.9,24.5
2020-06-29,Dambulla,2.8,26.4
2020-06-29,Nuwara Eliya,2.6,16.8
2020-06-30,Anuradhapura,0.3,28.2
2020-06-30,Badulla,0.4,25.4
2020-06-30,Dambulla,0.7,26.7
2020-06-30,Nuwara Eliya,0.9,16.3
2020-07-01,Anuradhapura,0.4,28.2
2020-07-01,Badulla,1.3,26.0
2020-07-01,Dambulla,0.3,27.0
2020-07-01,Nuwara Eliya,0.0,16.8
2020-07-02,Anuradhapura,2.4,28.2
2020-07-02,Badulla,0.7,26.1
2020-07-02,Dambulla,0.1,27.1
2020-07-02,Nuwara Eliya,1.2,16.5
2020-07-03,Anuradhapura,0.4,28.0
2020-07-03,Badulla,0.5,26.1
2020-07-03,Dambulla,0.1,26.2
2020-07-03,Nuwara Eliya,0.8,16.3
2020-07-04,Anuradhapura,0.8,28.1
2020-07-04,Badulla,0.1,26.6
2020-07-04,Dambulla,1.1,26.5
2020-07-04,Nuwara Eliya,0.9,16.4
2020-07-05,Anuradhapura,0.1,28.4
2020-07-05,Badulla,0.7,26.4
2020-07-05,Dambulla,0.1,27.3
2020-07-05,Nuwara Eliya,0.0,16.3
2020-07-06,Anuradhapura,0.1,28.6
2020-07-06,Badulla,0.3,25.9
2020-07-06,Dambulla,0.7,26.8
2020-07-06,Nuwara Eliya,0.8,15.9
2020-07-07,Anuradhapura,1.2,28.5
2020-07-07,Badulla,1.5,25.8
2020-07-07,Dambulla,0.5,26.8
2020-07-07,Nuwara Eliya,1.7,16.3
2020-07-08,Anuradhapura,4.2,27.9
2020-07-08,Badulla,3.0,24.8
2020-07-08,Dambulla,4.8,27.1
2020-07-08,Nuwara Eliya,5.7,16.6
2020-07-09,Anuradhapura,20.6,26.9
2020-07-09,Badulla,9.3,24.1
2020-07-09,Dambulla,20.1,26.5
2020-07-09,Nuwara Eliya,20.1,16.6
2020-07-10,Anuradhapura,14.1,26.7
2020-07-10,Badulla,27.5,23.3
2020-07-10,Dambulla,7.4,25.8
2020-07-10,Nuwara Eliya,2.7,16.1
2020-07-11,Anuradhapura,1.1,27.0
2020-07-11,Badulla,0.9,23.9
2020-07-11,Dambulla,0.7,25.9
2020-07-11,Nuwara Eliya,0.5,15.5
2020-07-12,Anuradhapura,1.7,27.7
2020-07-12,Badulla,0.5,24.3
2020-07-12,Dambulla,0.3,26.5
2020-07-12,Nuwara Eliya,0.2,15.7
2020-07-13,Anuradhapura,0.2,27.9
2020-07-13,Badulla,3.0,24.5
2020-07-13,Dambulla,0.3,26.8
2020-07-13,Nuwara Eliya,1.6,16.2
2020-07-14,Anuradhapura,0.2,28.6
2020-07-14,Badulla,0.0,25.1
2020-07-14,Dambulla,0.2,27.3
2020-07-14,Nuwara Eliya,0.0,16.5
2020-07-15,Anuradhapura,1.0,27.7
2020-07-15,Badulla,8.2,24.8
2020-07-15,Dambulla,1.1,26.6
2020-07-15,Nuwara Eliya,2.1,16.7
2020-07-16,Anuradhapura,0.2,27.4
2020-07-16,Badulla,0.8,25.1
2020-07-16,Dambulla,1.4,25.7
2020-07-16,Nuwara Eliya,1.5,15.6
2020-07-17,Anuradhapura,0.6,28.5
2020-07-17,Badulla,0.0,25.6
2020-07-17,Dambulla,1.6,26.9
2020-07-17,Nuwara Eliya,0.5,15.9
2020-07-18,Anuradhapura,19.6,27.7
2020-07-18,Badulla,17.3,24.4
2020-07-18,Dambulla,9.6,27.1
2020-07-18,Nuwara Eliya,10.6,16.6
2020-07-19,Anuradhapura,1.0,28.2
2020-07-19,Badulla,0.4,24.1
2020-07-19,Dambulla,1.2,27.1
2020-07-19,Nuwara Eliya,3.3,16.9
2020-07-20,Anuradhapura,7.4,26.5
2020-07-20,Badulla,22.7,22.9
2020-07-20,Dambulla,6.6,25.3
2020-07-20,Nuwara Eliya,13.0,15.9
2020-07-21,Anuradhapura,0.0,27.5
2020-07-21,Badulla,2.4,23.2
2020-07-21,Dambulla,0.0,26.2
2020-07-21,Nuwara Eliya,2.7,15.9
2020-07-22,Anuradhapura,1.1,27.2
2020-07-22,Badulla,8.0,23.6
2020-07-22,Dambulla,0.9,26.2
2020-07-22,Nuwara Eliya,1.8,16.2
2020-07-23,Anuradhapura,21.6,26.6
2020-07-23,Badulla,9.9,23.1
2020-07-23,Dambulla,2.8,25.6
2020-07-23,Nuwara Eliya,5.2,16.0
2020-07-24,Anuradhapura,1.1,26.6
2020-07-24,Badulla,0.5,23.8
2020-07-24,Dambulla,0.0,25.3
2020-07-24,Nuwara Eliya,1.1,15.9
2020-07-25,Anuradhapura,0.0,26.8
2020-07-25,Badulla,0.1,23.4
2020-07-25,Dambulla,1.1,25.5
2020-07-25,Nuwara Eliya,0.0,15.3
2020-07-26,Anuradhapura,5.0,26.8
2020-07-26,Badulla,0.1,24.0
2020-07-26,Dambulla,6.3,25.3
2020-07-26,Nuwara Eliya,0.3,15.1
2020-07-27,Anuradhapura,2.4,27.5
2020-07-27,Badulla,0.1,24.4
2020-07-27,Dambulla,0.9,26.2
2020-07-27,Nuwara Eliya,1.5,15.2
2020-07-28,Anuradhapura,2.3,26.4
2020-07-28,Badulla,0.1,23.4
2020-07-28,Dambulla,2.7,25.1
2020-07-28,Nuwara Eliya,1.3,15.2
2020-07-29,Anuradhapura,16.2,26.2
2020-07-29,Badulla,2.7,24.2
2020-07-29,Dambulla,8.1,24.8
2020-07-29,Nuwara Eliya,5.7,15.6
2020-07-30,Anuradhapura,0.2,27.2
2020-07-30,Badulla,0.0,25.6
2020-07-30,Dambulla,0.7,25.5
2020-07-30,Nuwara Eliya,2.4,15.4
2020-07-31,Anuradhapura,2.5,27.0
2020-07-31,Badulla,10.6,25.2
2020-07-31,Dambulla,1.7,25.8
2020-07-31,Nuwara Eliya,1.9,16.1
2020-08-01,Anuradhapura,1.2,27.5
2020-08-01,Badulla,0.3,26.1
2020-08-01,Dambulla,3.5,25.6
2020-08-01,Nuwara Eliya,2.7,16.0
2020-08-02,Anuradhapura,2.4,27.2
2020-08-02,Badulla,0.1,25.7
2020-08-02,Dambulla,6.9,25.0
2020-08-02,Nuwara Eliya,8.5,15.8
2020-08-03,Anuradhapura,1.0,26.8
2020-08-03,Badulla,0.3,25.9
2020-08-03,Dambulla,3.5,24.7
2020-08-03,Nuwara Eliya,6.2,15.3
2020-08-04,Anuradhapura,1.7,26.9
2020-08-04,Badulla,0.0,25.7
2020-08-04,Dambulla,5.7,25.1
2020-08-04,Nuwara Eliya,4.3,15.2
2020-08-05,Anuradhapura,1.1,27.4
2020-08-05,Badulla,0.1,26.2
2020-08-05,Dambulla,5.1,25.7
2020-08-05,Nuwara Eliya,8.2,15.7
2020-08-06,Anuradhapura,5.9,26.3
2020-08-06,Badulla,3.3,25.2
2020-08-06,Dambulla,7.9,25.0
2020-08-06,Nuwara Eliya,16.9,15.7
2020-08-07,Anuradhapura,1.0,26.6
2020-08-07,Badulla,2.9,24.9
2020-08-07,Dambulla,2.0,25.1
2020-08-07,Nuwara Eliya,7.9,15.6
2020-08-08,Anuradhapura,4.7,26.8
2020-08-08,Badulla,0.3,25.4
2020-08-08,Dambulla,2.2,25.2
2020-08-08,Nuwara Eliya,2.8,15.3
2020-08-09,Anuradhapura,6.6,25.5
2020-08-09,Badulla,8.6,23.8
2020-08-09,Dambulla,10.1,24.3
2020-08-09,Nuwara Eliya,11.3,15.6
2020-08-10,Anuradhapura,1.1,26.8
2020-08-10,Badulla,0.0,24.6
2020-08-10,Dambulla,4.6,25.0
2020-08-10,Nuwara Eliya,2.7,15.0
2020-08-11,Anuradhapura,0.2,27.4
2020-08-11,Badulla,2.6,24.9
2020-08-11,Dambulla,2.9,25.7
2020-08-11,Nuwara Eliya,1.7,15.6
2020-08-12,Anuradhapura,0.0,27.5
2020-08-12,Badulla,0.0,25.1
2020-08-12,Dambulla,0.0,26.4
2020-08-12,Nuwara Eliya,0.0,15.3
2020-08-13,Anuradhapura,0.1,27.3
2020-08-13,Badulla,0.0,25.3
2020-08-13,Dambulla,0.0,26.2
2020-08-13,Nuwara Eliya,0.0,15.5
2020-08-14,Anuradhapura,0.2,27.3
2020-08-14,Badulla,0.0,25.1
2020-08-14,Dambulla,0.2,26.1
2020-08-14,Nuwara Eliya,0.0,15.5
2020-08-15,Anuradhapura,0.0,27.5
2020-08-15,Badulla,0.0,25.6
2020-08-15,Dambulla,0.3,26.5
2020-08-15,Nuwara Eliya,0.0,15.3
2020-08-16,Anuradhapura,0.0,27.9
2020-08-16,Badulla,0.0,25.8
2020-08-16,Dambulla,0.0,26.9
2020-08-16,Nuwara Eliya,0.0,15.7
2020-08-17,Anuradhapura,0.0,27.9
2020-08-17,Badulla,1.7,26.0
2020-08-17,Dambulla,0.0,27.1
2020-08-17,Nuwara Eliya,1.1,16.1
2020-08-18,Anuradhapura,0.0,27.9
2020-08-18,Badulla,0.1,25.8
2020-08-18,Dambulla,0.0,27.0
2020-08-18,Nuwara Eliya,0.0,15.5
2020-08-19,Anuradhapura,0.1,28.1
2020-08-19,Badulla,0.2,25.5
2020-08-19,Dambulla,0.0,27.1
2020-08-19,Nuwara Eliya,0.0,16.1
2020-08-20,Anuradhapura,0.0,28.0
2020-08-20,Badulla,0.0,25.6
2020-08-20,Dambulla,0.0,27.0
2020-08-20,Nuwara Eliya,0.0,16.3
2020-08-21,Anuradhapura,0.0,28.3
2020-08-21,Badulla,0.0,26.2
2020-08-21,Dambulla,0.0,27.4
2020-08-21,Nuwara Eliya,0.0,16.9
2020-08-22,Anuradhapura,0.1,28.2
2020-08-22,Badulla,0.1,26.3
2020-08-22,Dambulla,0.5,27.3
2020-08-22,Nuwara Eliya,0.8,17.2
2020-08-23,Anuradhapura,0.0,28.2
2020-08-23,Badulla,0.4,26.4
2020-08-23,Dambulla,0.1,27.2
2020-08-23,Nuwara Eliya,0.5,16.7
2020-08-24,Anuradhapura,0.1,28.3
2020-08-24,Badulla,0.4,26.1
2020-08-24,Dambulla,0.2,27.5
2020-08-24,Nuwara Eliya,1.6,16.5
2020-08-25,Anuradhapura,0.3,28.8
2020-08-25,Badulla,2.2,25.5
2020-08-25,Dambulla,0.6,27.5
2020-08-25,Nuwara Eliya,6.4,16.6
2020-08-26,Anuradhapura,0.0,28.8
2020-08-26,Badulla,1.2,25.3
2020-08-26,Dambulla,0.7,27.4
2020-08-26,Nuwara Eliya,5.3,16.5
2020-08-27,Anuradhapura,0.0,28.6
2020-08-27,Badulla,1.0,25.1
2020-08-27,Dambulla,0.2,27.5
2020-08-27,Nuwara Eliya,5.4,16.0
2020-08-28,Anuradhapura,0.0,28.4
2020-08-28,Badulla,0.1,24.9
2020-08-28,Dambulla,0.1,27.2
2020-08-28,Nuwara Eliya,0.9,15.8
2020-08-29,Anuradhapura,0.1,28.3
2020-08-29,Badulla,0.0,25.1
2020-08-29,Dambulla,0.0,27.4
2020-08-29,Nuwara Eliya,0.5,15.1
2020-08-30,Anuradhapura,0.2,28.3
2020-08-30,Badulla,4.5,24.6
2020-08-30,Dambulla,0.5,27.1
2020-08-30,Nuwara Eliya,0.8,15.6
2020-08-31,Anuradhapura,2.0,27.8
2020-08-31,Badulla,2.5,24.4
2020-08-31,Dambulla,1.1,26.7
2020-08-31,Nuwara Eliya,12.9,15.4
2020-09-01,Anuradhapura,9.3,26.9
2020-09-01,Badulla,2.3,23.7
2020-09-01,Dambulla,5.3,25.8
2020-09-01,Nuwara Eliya,3.9,15.6
2020-09-02,Anuradhapura,14.9,24.5
2020-09-02,Badulla,3.7,23.7
2020-09-02,Dambulla,2.9,24.4
2020-09-02,Nuwara Eliya,7.4,15.3
2020-09-03,Anuradhapura,1.2,26.9
2020-09-03,Badulla,0.2,24.8
2020-09-03,Dambulla,0.0,25.7
2020-09-03,Nuwara Eliya,0.9,15.4
2020-09-04,Anuradhapura,0.2,27.5
2020-09-04,Badulla,1.9,25.1
2020-09-04,Dambulla,0.0,27.0
2020-09-04,Nuwara Eliya,0.3,16.1
2020-09-05,Anuradhapura,3.1,27.2
2020-09-05,Badulla,5.3,24.2
2020-09-05,Dambulla,3.5,26.1
2020-09-05,Nuwara Eliya,3.3,16.0
2020-09-06,Anuradhapura,14.9,25.8
2020-09-06,Badulla,12.2,23.1
2020-09-06,Dambulla,15.2,24.6
2020-09-06,Nuwara Eliya,23.6,15.3
2020-09-07,Anuradhapura,0.1,26.9
2020-09-07,Badulla,0.1,23.1
2020-09-07,Dambulla,1.5,25.6
2020-09-07,Nuwara Eliya,7.6,14.8
2020-09-08,Anuradhapura,3.3,27.5
2020-09-08,Badulla,4.7,24.2
2020-09-08,Dambulla,3.1,26.3
2020-09-08,Nuwara Eliya,1.0,15.8
2020-09-09,Anuradhapura,18.0,25.6
2020-09-09,Badulla,12.2,23.8
2020-09-09,Dambulla,5.9,24.4
2020-09-09,Nuwara Eliya,10.0,15.4
2020-09-10,Anuradhapura,4.9,26.3
2020-09-10,Badulla,1.4,24.1
2020-09-10,Dambulla,4.1,24.8
2020-09-10,Nuwara Eliya,5.3,15.1
2020-09-11,Anuradhapura,0.9,27.3
2020-09-11,Badulla,0.0,24.0
2020-09-11,Dambulla,1.3,25.7
2020-09-11,Nuwara Eliya,1.1,15.2
2020-09-12,Anuradhapura,1.2,26.8
2020-09-12,Badulla,0.2,24.5
2020-09-12,Dambulla,2.8,25.0
2020-09-12,Nuwara Eliya,2.8,15.4
2020-09-13,Anuradhapura,1.3,26.9
2020-09-13,Badulla,1.1,24.1
2020-09-13,Dambulla,2.2,25.0
2020-09-13,Nuwara Eliya,4.1,15.2
2020-09-14,Anuradhapura,1.2,27.1
2020-09-14,Badulla,0.0,24.9
2020-09-14,Dambulla,0.1,25.7
2020-09-14,Nuwara Eliya,0.8,15.1
2020-09-15,Anuradhapura,13.3,26.8
2020-09-15,Badulla,0.1,24.9
2020-09-15,Dambulla,2.5,25.7
2020-09-15,Nuwara Eliya,1.5,15.2
2020-09-16,Anuradhapura,1.5,27.3
2020-09-16,Badulla,0.1,25.3
2020-09-16,Dambulla,2.1,25.7
2020-09-16,Nuwara Eliya,1.8,15.7
2020-09-17,Anuradhapura,0.9,27.2
2020-09-17,Badulla,1.7,25.2
2020-09-17,Dambulla,1.2,25.8
2020-09-17,Nuwara Eliya,0.8,16.0
2020-09-18,Anuradhapura,6.5,26.7
2020-09-18,Badulla,16.1,24.6
2020-09-18,Dambulla,5.0,24.8
2020-09-18,Nuwara Eliya,10.0,15.9
2020-09-19,Anuradhapura,0.5,27.3
2020-09-19,Badulla,0.4,24.4
2020-09-19,Dambulla,3.8,25.0
2020-09-19,Nuwara Eliya,10.7,15.1
2020-09-20,Anuradhapura,2.7,27.1
2020-09-20,Badulla,2.4,24.5
2020-09-20,Dambulla,7.3,24.4
2020-09-20,Nuwara Eliya,16.3,15.4
2020-09-21,Anuradhapura,2.7,26.2
2020-09-21,Badulla,2.5,24.6
2020-09-21,Dambulla,11.2,24.2
2020-09-21,Nuwara Eliya,13.0,15.4
2020-09-22,Anuradhapura,2.5,26.1
2020-09-22,Badulla,1.2,24.2
2020-09-22,Dambulla,8.4,24.4
2020-09-22,Nuwara Eliya,9.8,15.3
2020-09-23,Anuradhapura,0.6,27.2
2020-09-23,Badulla,8.6,24.5
2020-09-23,Dambulla,0.8,25.8
2020-09-23,Nuwara Eliya,1.6,15.7
2020-09-24,Anuradhapura,0.9,27.2
2020-09-24,Badulla,2.1,23.4
2020-09-24,Dambulla,1.8,25.8
2020-09-24,Nuwara Eliya,8.3,15.7
2020-09-25,Anuradhapura,4.4,25.9
2020-09-25,Badulla,0.0,23.4
2020-09-25,Dambulla,3.0,25.3
2020-09-25,Nuwara Eliya,3.5,15.9
2020-09-26,Anuradhapura,3.4,27.1
2020-09-26,Badulla,0.8,23.8
2020-09-26,Dambulla,3.2,25.7
2020-09-26,Nuwara Eliya,3.1,15.9
2020-09-27,Anuradhapura,0.3,27.5
2020-09-27,Badulla,0.8,23.7
2020-09-27,Dambulla,0.5,26.2
2020-09-27,Nuwara Eliya,2.2,16.1
2020-09-28,Anuradhapura,13.1,26.6
2020-09-28,Badulla,4.0,24.0
2020-09-28,Dambulla,3.7,25.6
2020-09-28,Nuwara Eliya,2.4,15.8
2020-09-29,Anuradhapura,10.8,25.5
2020-09-29,Badulla,3.0,24.2
2020-09-29,Dambulla,1.2,24.5
2020-09-29,Nuwara Eliya,0.7,15.6
2020-09-30,Anuradhapura,5.5,25.9
2020-09-30,Badulla,0.2,24.6
2020-09-30,Dambulla,3.8,24.5
2020-09-30,Nuwara Eliya,2.8,15.4
2020-10-01,Anuradhapura,0.3,27.1
2020-10-01,Badulla,0.0,24.4
2020-10-01,Dambulla,2.3,25.5
2020-10-01,Nuwara Eliya,0.4,15.0
2020-10-02,Anuradhapura,0.0,27.1
2020-10-02,Badulla,0.0,24.3
2020-10-02,Dambulla,0.3,25.7
2020-10-02,Nuwara Eliya,0.4,15.7
2020-10-03,Anuradhapura,0.1,27.5
2020-10-03,Badulla,0.6,24.8
2020-10-03,Dambulla,1.9,25.7
2020-10-03,Nuwara Eliya,1.5,15.4
2020-10-04,Anuradhapura,0.0,27.4
2020-10-04,Badulla,0.0,24.5
2020-10-04,Dambulla,0.0,26.1
2020-10-04,Nuwara Eliya,0.6,15.1
2020-10-05,Anuradhapura,0.0,27.6
2020-10-05,Badulla,0.0,24.8
2020-10-05,Dambulla,0.0,26.6
2020-10-05,Nuwara Eliya,0.0,15.6
2020-10-06,Anuradhapura,1.8,27.7
2020-10-06,Badulla,0.0,24.3
2020-10-06,Dambulla,0.8,26.8
2020-10-06,Nuwara Eliya,0.1,16.6
2020-10-07,Anuradhapura,0.4,27.5
2020-10-07,Badulla,0.0,25.4
2020-10-07,Dambulla,0.0,26.5
2020-10-07,Nuwara Eliya,1.9,16.5
2020-10-08,Anuradhapura,0.6,27.5
2020-10-08,Badulla,0.6,25.2
2020-10-08,Dambulla,0.0,26.8
2020-10-08,Nuwara Eliya,3.2,16.5
2020-10-09,Anuradhapura,0.0,27.6
2020-10-09,Badulla,12.7,24.7
2020-10-09,Dambulla,0.0,26.1
2020-10-09,Nuwara Eliya,0.6,15.6
2020-10-10,Anuradhapura,3.2,27.0
2020-10-10,Badulla,0.0,25.5
2020-10-10,Dambulla,0.4,26.3
2020-10-10,Nuwara Eliya,0.3,15.7
2020-10-11,Anuradhapura,3.5,27.1
2020-10-11,Badulla,0.0,25.2
2020-10-11,Dambulla,4.2,25.0
2020-10-11,Nuwara Eliya,8.1,15.7
2020-10-12,Anuradhapura,0.7,27.6
2020-10-12,Badulla,0.0,25.2
2020-10-12,Dambulla,4.7,25.8
2020-10-12,Nuwara Eliya,9.6,14.7
2020-10-13,Anuradhapura,1.8,27.5
2020-10-13,Badulla,0.5,25.3
2020-10-13,Dambulla,6.0,25.6
2020-10-13,Nuwara Eliya,12.7,15.1
2020-10-14,Anuradhapura,1.5,27.2
2020-10-14,Badulla,0.1,24.9
2020-10-14,Dambulla,7.4,24.8
2020-10-14,Nuwara Eliya,15.3,15.4
2020-10-15,Anuradhapura,1.1,27.2
2020-10-15,Badulla,0.0,25.4
2020-10-15,Dambulla,5.0,25.2
2020-10-15,Nuwara Eliya,9.4,15.4
2020-10-16,Anuradhapura,0.0,27.9
2020-10-16,Badulla,0.0,25.5
2020-10-16,Dambulla,0.6,26.2
2020-10-16,Nuwara Eliya,4.1,15.4
2020-10-17,Anuradhapura,0.5,27.5
2020-10-17,Badulla,0.0,24.8
2020-10-17,Dambulla,0.3,26.2
2020-10-17,Nuwara Eliya,0.0,14.9
2020-10-18,Anuradhapura,18.2,26.8
2020-10-18,Badulla,0.0,25.1
2020-10-18,Dambulla,6.7,25.9
2020-10-18,Nuwara Eliya,0.0,15.1
2020-10-19,Anuradhapura,0.0,27.1
2020-10-19,Badulla,0.0,25.5
2020-10-19,Dambulla,0.0,26.4
2020-10-19,Nuwara Eliya,0.0,15.3
2020-10-20,Anuradhapura,0.8,27.3
2020-10-20,Badulla,0.0,25.4
2020-10-20,Dambulla,0.3,26.0
2020-10-20,Nuwara Eliya,0.0,15.3
2020-10-21,Anuradhapura,2.4,27.2
2020-10-21,Badulla,0.2,25.7
2020-10-21,Dambulla,2.2,25.7
2020-10-21,Nuwara Eliya,1.4,15.6
2020-10-22,Anuradhapura,0.0,27.7
2020-10-22,Badulla,1.4,26.0
2020-10-22,Dambulla,1.6,25.6
2020-10-22,Nuwara Eliya,1.6,15.7
2020-10-23,Anuradhapura,0.1,27.6
2020-10-23,Badulla,0.0,25.3
2020-10-23,Dambulla,0.0,26.4
2020-10-23,Nuwara Eliya,0.0,15.3
2020-10-24,Anuradhapura,0.0,27.7
2020-10-24,Badulla,1.0,25.0
2020-10-24,Dambulla,0.9,26.1
2020-10-24,Nuwara Eliya,0.8,15.3
2020-10-25,Anuradhapura,0.6,27.7
2020-10-25,Badulla,1.0,24.8
2020-10-25,Dambulla,0.4,26.8
2020-10-25,Nuwara Eliya,3.4,15.7
2020-10-26,Anuradhapura,5.3,27.1
2020-10-26,Badulla,1.2,24.8
2020-10-26,Dambulla,4.0,27.0
2020-10-26,Nuwara Eliya,2.2,16.0
2020-10-27,Anuradhapura,6.0,27.0
2020-10-27,Badulla,3.9,23.8
2020-10-27,Dambulla,3.5,26.0
2020-10-27,Nuwara Eliya,7.1,15.4
2020-10-28,Anuradhapura,7.5,26.5
2020-10-28,Badulla,2.4,24.2
2020-10-28,Dambulla,5.8,26.2
2020-10-28,Nuwara Eliya,0.6,15.7
2020-10-29,Anuradhapura,5.0,26.9
2020-10-29,Badulla,1.8,23.7
2020-10-29,Dambulla,3.2,26.0
2020-10-29,Nuwara Eliya,1.1,15.7
2020-10-30,Anuradhapura,2.5,26.8
2020-10-30,Badulla,2.0,23.7
2020-10-30,Dambulla,6.8,25.7
2020-10-30,Nuwara Eliya,1.2,15.9
2020-10-31,Anuradhapura,3.1,27.0
2020-10-31,Badulla,0.9,24.4
2020-10-31,Dambulla,2.5,26.4
2020-10-31,Nuwara Eliya,0.7,16.2
2020-11-01,Anuradhapura,2.2,27.5
2020-11-01,Badulla,0.3,25.0
2020-11-01,Dambulla,2.9,26.8
2020-11-01,Nuwara Eliya,1.0,16.8
2020-11-02,Anuradhapura,1.6,27.6
2020-11-02,Badulla,1.9,24.6
2020-11-02,Dambulla,2.1,27.0
2020-11-02,Nuwara Eliya,4.9,16.5
2020-11-03,Anuradhapura,10.3,27.5
2020-11-03,Badulla,5.2,23.9
2020-11-03,Dambulla,2.4,27.2
2020-11-03,Nuwara Eliya,11.7,16.3
2020-11-04,Anuradhapura,48.8,25.9
2020-11-04,Badulla,17.5,23.2
2020-11-04,Dambulla,21.2,25.5
2020-11-04,Nuwara Eliya,9.4,16.3
2020-11-05,Anuradhapura,11.4,26.1
2020-11-05,Badulla,22.9,23.0
2020-11-05,Dambulla,12.5,25.4
2020-11-05,Nuwara Eliya,7.9,16.3
2020-11-06,Anuradhapura,6.7,26.6
2020-11-06,Badulla,5.3,22.7
2020-11-06,Dambulla,6.5,25.6
2020-11-06,Nuwara Eliya,8.5,15.6
2020-11-07,Anuradhapura,7.2,26.9
2020-11-07,Badulla,12.7,22.4
2020-11-07,Dambulla,6.0,25.7
2020-11-07,Nuwara Eliya,4.6,15.3
2020-11-08,Anuradhapura,7.0,25.7
2020-11-08,Badulla,25.3,22.2
2020-11-08,Dambulla,7.6,24.7
2020-11-08,Nuwara Eliya,5.5,15.8
2020-11-09,Anuradhapura,13.7,25.3
2020-11-09,Badulla,22.8,22.0
2020-11-09,Dambulla,15.8,24.4
2020-11-09,Nuwara Eliya,5.9,16.0
2020-11-10,Anuradhapura,33.4,24.3
2020-11-10,Badulla,11.9,22.1
2020-11-10,Dambulla,8.5,24.2
2020-11-10,Nuwara Eliya,3.7,16.4
2020-11-11,Anuradhapura,10.5,25.6
2020-11-11,Badulla,31.4,22.2
2020-11-11,Dambulla,8.1,25.1
2020-11-11,Nuwara Eliya,15.4,16.2
2020-11-12,Anuradhapura,8.5,25.7
2020-11-12,Badulla,10.7,22.4
2020-11-12,Dambulla,9.1,24.7
2020-11-12,Nuwara Eliya,29.1,16.3
2020-11-13,Anuradhapura,10.1,26.3
2020-11-13,Badulla,18.0,22.8
2020-11-13,Dambulla,8.0,25.4
2020-11-13,Nuwara Eliya,9.1,16.5
2020-11-14,Anuradhapura,8.3,25.7
2020-11-14,Badulla,18.8,22.4
2020-11-14,Dambulla,13.2,24.8
2020-11-14,Nuwara Eliya,7.5,15.6
2020-11-15,Anuradhapura,8.0,26.6
2020-11-15,Badulla,5.9,22.9
2020-11-15,Dambulla,4.6,25.7
2020-11-15,Nuwara Eliya,4.6,16.3
2020-11-16,Anuradhapura,5.0,25.4
2020-11-16,Badulla,6.0,23.0
2020-11-16,Dambulla,0.6,25.0
2020-11-16,Nuwara Eliya,7.3,16.0
2020-11-17,Anuradhapura,11.7,25.6
2020-11-17,Badulla,10.9,22.1
2020-11-17,Dambulla,5.8,24.5
2020-11-17,Nuwara Eliya,10.9,15.2
2020-11-18,Anuradhapura,4.9,26.3
2020-11-18,Badulla,11.4,22.7
2020-11-18,Dambulla,9.6,25.2
2020-11-18,Nuwara Eliya,2.5,16.1
2020-11-19,Anuradhapura,3.5,25.9
2020-11-19,Badulla,49.6,22.3
2020-11-19,Dambulla,6.7,25.1
2020-11-19,Nuwara Eliya,11.9,15.6
2020-11-20,Anuradhapura,7.5,25.2
2020-11-20,Badulla,58.4,22.1
2020-11-20,Dambulla,6.8,24.7
2020-11-20,Nuwara Eliya,9.4,15.4
2020-11-21,Anuradhapura,0.9,25.7
2020-11-21,Badulla,9.2,21.7
2020-11-21,Dambulla,4.6,24.7
2020-11-21,Nuwara Eliya,2.2,14.9
2020-11-22,Anuradhapura,1.5,25.3
2020-11-22,Badulla,12.0,21.5
2020-11-22,Dambulla,5.7,24.0
2020-11-22,Nuwara Eliya,5.8,14.6
2020-11-23,Anuradhapura,4.3,24.4
2020-11-23,Badulla,0.7,21.6
2020-11-23,Dambulla,8.0,23.7
2020-11-23,Nuwara Eliya,0.8,15.5
2020-11-24,Anuradhapura,11.9,24.6
2020-11-24,Badulla,0.5,22.6
2020-11-24,Dambulla,7.4,24.0
2020-11-24,Nuwara Eliya,1.6,15.8
2020-11-25,Anuradhapura,4.9,25.0
2020-11-25,Badulla,1.6,22.5
2020-11-25,Dambulla,5.7,24.1
2020-11-25,Nuwara Eliya,1.0,15.6
2020-11-26,Anuradhapura,0.5,26.1
2020-11-26,Badulla,0.1,22.4
2020-11-26,Dambulla,0.0,25.5
2020-11-26,Nuwara Eliya,1.1,15.3
2020-11-27,Anuradhapura,1.2,25.7
2020-11-27,Badulla,0.6,22.0
2020-11-27,Dambulla,0.4,24.9
2020-11-27,Nuwara Eliya,0.6,15.2
2020-11-28,Anuradhapura,0.8,26.0
2020-11-28,Badulla,1.1,22.3
2020-11-28,Dambulla,1.8,25.1
2020-11-28,Nuwara Eliya,0.9,15.6
2020-11-29,Anuradhapura,1.0,26.2
2020-11-29,Badulla,8.4,22.0
2020-11-29,Dambulla,1.7,25.1
2020-11-29,Nuwara Eliya,0.7,15.4
2020-11-30,Anuradhapura,2.0,26.0
2020-11-30,Badulla,7.4,22.1
2020-11-30,Dambulla,3.2,25.0
2020-11-30,Nuwara Eliya,0.6,15.3
2020-12-01,Anuradhapura,4.8,25.3
2020-12-01,Badulla,19.7,21.1
2020-12-01,Dambulla,9.0,24.0
2020-12-01,Nuwara Eliya,3.3,15.2
2020-12-02,Anuradhapura,76.1,23.8
2020-12-02,Badulla,22.5,21.5
2020-12-02,Dambulla,34.8,23.0
2020-12-02,Nuwara Eliya,12.5,15.4
2020-12-03,Anuradhapura,43.8,24.3
2020-12-03,Badulla,1.4,23.0
2020-12-03,Dambulla,7.3,23.9
2020-12-03,Nuwara Eliya,4.1,15.0
2020-12-04,Anuradhapura,11.3,24.5
2020-12-04,Badulla,6.2,22.6
2020-12-04,Dambulla,4.5,24.3
2020-12-04,Nuwara Eliya,0.4,15.4
2020-12-05,Anuradhapura,11.2,24.9
2020-12-05,Badulla,4.1,22.0
2020-12-05,Dambulla,11.2,23.7
2020-12-05,Nuwara Eliya,1.3,15.6
2020-12-06,Anuradhapura,1.4,25.8
2020-12-06,Badulla,0.3,22.5
2020-12-06,Dambulla,0.0,25.3
2020-12-06,Nuwara Eliya,1.2,15.3
2020-12-07,Anuradhapura,1.6,25.9
2020-12-07,Badulla,6.7,22.4
2020-12-07,Dambulla,0.7,25.4
2020-12-07,Nuwara Eliya,1.9,15.8
2020-12-08,Anuradhapura,4.2,25.3
2020-12-08,Badulla,7.7,21.8
2020-12-08,Dambulla,4.4,24.5
2020-12-08,Nuwara Eliya,4.4,15.7
2020-12-09,Anuradhapura,0.8,25.4
2020-12-09,Badulla,4.0,22.0
2020-12-09,Dambulla,1.2,24.6
2020-12-09,Nuwara Eliya,2.4,15.5
2020-12-10,Anuradhapura,0.6,25.5
2020-12-10,Badulla,5.5,21.9
2020-12-10,Dambulla,2.1,24.6
2020-12-10,Nuwara Eliya,1.8,14.9
2020-12-11,Anuradhapura,0.0,24.9
2020-12-11,Badulla,0.0,21.4
2020-12-11,Dambulla,0.0,24.1
2020-12-11,Nuwara Eliya,2.8,15.2
2020-12-12,Anuradhapura,0.1,24.6
2020-12-12,Badulla,0.4,21.3
2020-12-12,Dambulla,0.2,24.1
2020-12-12,Nuwara Eliya,2.1,15.1
2020-12-13,Anuradhapura,0.0,24.8
2020-12-13,Badulla,6.7,21.2
2020-12-13,Dambulla,0.0,24.0
2020-12-13,Nuwara Eliya,1.3,14.5
2020-12-14,Anuradhapura,0.0,24.4
2020-12-14,Badulla,1.1,21.1
2020-12-14,Dambulla,0.0,23.8
2020-12-14,Nuwara Eliya,1.1,14.0
2020-12-15,Anuradhapura,13.6,24.1
2020-12-15,Badulla,3.9,21.1
2020-12-15,Dambulla,26.2,23.2
2020-12-15,Nuwara Eliya,1.9,14.8
2020-12-16,Anuradhapura,1.7,25.4
2020-12-16,Badulla,1.3,21.9
2020-12-16,Dambulla,0.2,24.7
2020-12-16,Nuwara Eliya,0.1,15.3
2020-12-17,Anuradhapura,0.8,25.2
2020-12-17,Badulla,2.6,21.8
2020-12-17,Dambulla,2.9,24.9
2020-12-17,Nuwara Eliya,0.7,15.5
2020-12-18,Anuradhapura,15.9,24.1
2020-12-18,Badulla,21.2,21.2
2020-12-18,Dambulla,12.3,23.9
2020-12-18,Nuwara Eliya,9.8,15.7
2020-12-19,Anuradhapura,4.4,24.2
2020-12-19,Badulla,21.9,20.9
2020-12-19,Dambulla,6.6,23.2
2020-12-19,Nuwara Eliya,9.2,14.8
2020-12-20,Anuradhapura,11.1,23.9
2020-12-20,Badulla,53.6,20.7
2020-12-20,Dambulla,19.5,22.9
2020-12-20,Nuwara Eliya,22.4,15.0
2020-12-21,Anuradhapura,19.7,23.5
2020-12-21,Badulla,51.0,20.8
2020-12-21,Dambulla,93.8,22.4
2020-12-21,Nuwara Eliya,32.3,14.6
2020-12-22,Anuradhapura,34.6,23.3
2020-12-22,Badulla,157.5,20.5
2020-12-22,Dambulla,37.4,22.6
2020-12-22,Nuwara Eliya,49.5,14.7
2020-12-23,Anuradhapura,8.2,23.9
2020-12-23,Badulla,82.2,20.9
2020-12-23,Dambulla,15.6,23.3
2020-12-23,Nuwara Eliya,16.3,15.2
2020-12-24,Anuradhapura,4.1,24.9
2020-12-24,Badulla,12.9,21.3
2020-12-24,Dambulla,10.0,23.9
2020-12-24,Nuwara Eliya,5.6,15.6
2020-12-25,Anuradhapura,0.2,24.7
2020-12-25,Badulla,6.9,21.6
2020-12-25,Dambulla,0.4,24.0
2020-12-25,Nuwara Eliya,0.0,14.5
2020-12-26,Anuradhapura,1.3,24.3
2020-12-26,Badulla,14.5,20.7
2020-12-26,Dambulla,7.8,23.1
2020-12-26,Nuwara Eliya,1.6,14.4
2020-12-27,Anuradhapura,85.0,23.4
2020-12-27,Badulla,33.8,21.4
2020-12-27,Dambulla,22.6,22.9
2020-12-27,Nuwara Eliya,4.1,15.1
2020-12-28,Anuradhapura,23.0,24.1
2020-12-28,Badulla,31.9,21.5
2020-12-28,Dambulla,17.3,23.4
2020-12-28,Nuwara Eliya,13.5,15.7
2020-12-29,Anuradhapura,10.9,25.5
2020-12-29,Badulla,0.0,22.3
2020-12-29,Dambulla,4.4,24.5
2020-12-29,Nuwara Eliya,0.0,15.4
2020-12-30,Anuradhapura,1.2,25.5
2020-12-30,Badulla,9.4,21.2
2020-12-30,Dambulla,4.0,24.5
2020-12-30,Nuwara Eliya,2.6,15.2
2020-12-31,Anuradhapura,13.0,24.7
2020-12-31,Badulla,41.1,21.5
2020-12-31,Dambulla,13.1,23.5
2020-12-31,Nuwara Eliya,22.6,14.8
2021-01-01,Anuradhapura,0.9,24.7
2021-01-01,Badulla,21.0,20.9
2021-01-01,Dambulla,3.2,23.6
2021-01-01,Nuwara Eliya,9.8,14.2
2021-01-02,Anuradhapura,0.7,25.0
2021-01-02,Badulla,4.2,21.3
2021-01-02,Dambulla,0.8,23.9
2021-01-02,Nuwara Eliya,0.3,14.6
2021-01-03,Anuradhapura,4.2,25.1
2021-01-03,Badulla,12.6,21.7
2021-01-03,Dambulla,3.0,24.1
2021-01-03,Nuwara Eliya,3.1,15.1
2021-01-04,Anuradhapura,7.5,24.5
2021-01-04,Badulla,33.5,21.6
2021-01-04,Dambulla,8.5,23.6
2021-01-04,Nuwara Eliya,13.6,15.3
2021-01-05,Anuradhapura,13.1,24.5
2021-01-05,Badulla,34.3,21.6
2021-01-05,Dambulla,8.2,23.8
2021-01-05,Nuwara Eliya,17.7,15.5
2021-01-06,Anuradhapura,25.3,24.9
2021-01-06,Badulla,2.2,22.0
2021-01-06,Dambulla,75.3,24.2
2021-01-06,Nuwara Eliya,3.7,15.7
2021-01-07,Anuradhapura,9.1,25.4
2021-01-07,Badulla,2.7,22.0
2021-01-07,Dambulla,1.5,24.7
2021-01-07,Nuwara Eliya,1.8,16.3
2021-01-08,Anuradhapura,6.3,25.3
2021-01-08,Badulla,14.2,22.1
2021-01-08,Dambulla,8.8,24.5
2021-01-08,Nuwara Eliya,3.2,15.8
2021-01-09,Anuradhapura,8.3,24.6
2021-01-09,Badulla,15.5,21.1
2021-01-09,Dambulla,10.1,23.4
2021-01-09,Nuwara Eliya,6.4,15.0
2021-01-10,Anuradhapura,14.3,24.3
2021-01-10,Badulla,151.8,21.1
2021-01-10,Dambulla,11.7,23.4
2021-01-10,Nuwara Eliya,40.3,14.9
2021-01-11,Anuradhapura,60.0,23.7
2021-01-11,Badulla,101.6,21.3
2021-01-11,Dambulla,41.7,23.1
2021-01-11,Nuwara Eliya,76.6,15.7
2021-01-12,Anuradhapura,12.0,24.8
2021-01-12,Badulla,3.7,22.1
2021-01-12,Dambulla,27.4,24.0
2021-01-12,Nuwara Eliya,5.6,15.6
2021-01-13,Anuradhapura,10.0,24.8
2021-01-13,Badulla,23.6,22.0
2021-01-13,Dambulla,5.2,23.7
2021-01-13,Nuwara Eliya,26.7,15.6
2021-01-14,Anuradhapura,10.1,24.8
2021-01-14,Badulla,13.8,21.9
2021-01-14,Dambulla,5.7,24.1
2021-01-14,Nuwara Eliya,4.6,15.5
2021-01-15,Anuradhapura,6.2,24.1
2021-01-15,Badulla,20.9,21.3
2021-01-15,Dambulla,8.6,23.3
2021-01-15,Nuwara Eliya,11.2,15.1
2021-01-16,Anuradhapura,1.5,25.1
2021-01-16,Badulla,12.9,21.3
2021-01-16,Dambulla,1.9,24.1
2021-01-16,Nuwara Eliya,3.6,15.1
2021-01-17,Anuradhapura,1.3,24.9
2021-01-17,Badulla,3.6,20.8
2021-01-17,Dambulla,1.4,23.7
2021-01-17,Nuwara Eliya,2.2,14.7
2021-01-18,Anuradhapura,3.5,24.4
2021-01-18,Badulla,31.1,20.8
2021-01-18,Dambulla,12.0,23.1
2021-01-18,Nuwara Eliya,13.3,14.4
2021-01-19,Anuradhapura,1.2,24.2
2021-01-19,Badulla,2.3,20.7
2021-01-19,Dambulla,0.6,23.6
2021-01-19,Nuwara Eliya,0.7,15.2
2021-01-20,Anuradhapura,18.4,24.6
2021-01-20,Badulla,2.7,21.9
2021-01-20,Dambulla,2.3,24.0
2021-01-20,Nuwara Eliya,5.1,16.2
2021-01-21,Anuradhapura,1.1,25.8
2021-01-21,Badulla,3.4,22.4
2021-01-21,Dambulla,1.6,25.2
2021-01-21,Nuwara Eliya,0.2,15.7
2021-01-22,Anuradhapura,0.7,25.8
2021-01-22,Badulla,5.2,20.9
2021-01-22,Dambulla,1.2,24.7
2021-01-22,Nuwara Eliya,1.0,15.4
2021-01-23,Anuradhapura,0.0,25.4
2021-01-23,Badulla,0.2,20.7
2021-01-23,Dambulla,0.0,24.2
2021-01-23,Nuwara Eliya,0.4,13.9
2021-01-24,Anuradhapura,0.0,24.8
2021-01-24,Badulla,1.1,20.4
2021-01-24,Dambulla,0.0,23.6
2021-01-24,Nuwara Eliya,1.1,14.4
2021-01-25,Anuradhapura,0.0,24.0
2021-01-25,Badulla,0.9,20.7
2021-01-25,Dambulla,0.0,23.2
2021-01-25,Nuwara Eliya,0.1,14.2
2021-01-26,Anuradhapura,0.0,23.8
2021-01-26,Badulla,0.1,19.8
2021-01-26,Dambulla,0.0,22.5
2021-01-26,Nuwara Eliya,0.0,13.3
2021-01-27,Anuradhapura,0.0,23.5
2021-01-27,Badulla,4.5,19.9
2021-01-27,Dambulla,0.8,22.4
2021-01-27,Nuwara Eliya,1.5,12.7
2021-01-28,Anuradhapura,0.0,24.3
2021-01-28,Badulla,1.8,20.4
2021-01-28,Dambulla,0.2,23.2
2021-01-28,Nuwara Eliya,0.2,13.9
2021-01-29,Anuradhapura,19.6,23.4
2021-01-29,Badulla,35.4,20.4
2021-01-29,Dambulla,13.2,22.7
2021-01-29,Nuwara Eliya,22.6,14.2
2021-01-30,Anuradhapura,8.1,24.5
2021-01-30,Badulla,11.5,21.2
2021-01-30,Dambulla,8.6,23.7
2021-01-30,Nuwara Eliya,15.6,14.9
2021-01-31,Anuradhapura,10.5,25.0
2021-01-31,Badulla,15.6,21.1
2021-01-31,Dambulla,6.8,23.9
2021-01-31,Nuwara Eliya,2.5,14.3
2021-02-01,Anuradhapura,6.1,24.4
2021-02-01,Badulla,15.8,20.8
2021-02-01,Dambulla,5.3,23.3
2021-02-01,Nuwara Eliya,4.8,14.6
2021-02-02,Anuradhapura,6.2,24.4
2021-02-02,Badulla,22.0,21.3
2021-02-02,Dambulla,7.0,23.6
2021-02-02,Nuwara Eliya,4.9,14.7
2021-02-03,Anuradhapura,0.0,25.0
2021-02-03,Badulla,21.9,20.6
2021-02-03,Dambulla,0.4,24.0
2021-02-03,Nuwara Eliya,3.4,14.3
2021-02-04,Anuradhapura,0.0,24.3
2021-02-04,Badulla,3.6,20.3
2021-02-04,Dambulla,0.0,23.4
2021-02-04,Nuwara Eliya,0.1,13.6
2021-02-05,Anuradhapura,0.0,24.0
2021-02-05,Badulla,3.2,20.3
2021-02-05,Dambulla,0.0,23.3
2021-02-05,Nuwara Eliya,0.4,14.1
2021-02-06,Anuradhapura,0.1,24.7
2021-02-06,Badulla,21.2,20.8
2021-02-06,Dambulla,3.0,23.7
2021-02-06,Nuwara Eliya,7.7,15.4
2021-02-07,Anuradhapura,4.9,24.9
2021-02-07,Badulla,13.0,21.2
2021-02-07,Dambulla,5.8,23.8
2021-02-07,Nuwara Eliya,3.1,15.0
2021-02-08,Anuradhapura,0.3,25.1
2021-02-08,Badulla,31.5,20.7
2021-02-08,Dambulla,4.2,23.7
2021-02-08,Nuwara Eliya,4.9,14.8
2021-02-09,Anuradhapura,0.0,24.1
2021-02-09,Badulla,6.0,20.7
2021-02-09,Dambulla,0.1,23.3
2021-02-09,Nuwara Eliya,0.2,14.9
2021-02-10,Anuradhapura,0.0,23.4
2021-02-10,Badulla,0.2,19.3
2021-02-10,Dambulla,0.0,22.3
2021-02-10,Nuwara Eliya,0.1,15.2
2021-02-11,Anuradhapura,0.0,23.3
2021-02-11,Badulla,0.2,19.2
2021-02-11,Dambulla,0.0,22.1
2021-02-11,Nuwara Eliya,2.1,14.9
2021-02-12,Anuradhapura,0.0,23.9
2021-02-12,Badulla,0.5,20.4
2021-02-12,Dambulla,0.0,23.1
2021-02-12,Nuwara Eliya,1.2,14.8
2021-02-13,Anuradhapura,0.1,24.8
2021-02-13,Badulla,3.5,21.4
2021-02-13,Dambulla,1.2,24.1
2021-02-13,Nuwara Eliya,3.5,15.3
2021-02-14,Anuradhapura,0.2,25.4
2021-02-14,Badulla,2.3,21.9
2021-02-14,Dambulla,0.1,24.7
2021-02-14,Nuwara Eliya,3.7,15.6
2021-02-15,Anuradhapura,0.0,25.2
2021-02-15,Badulla,0.8,21.6
2021-02-15,Dambulla,0.0,24.5
2021-02-15,Nuwara Eliya,0.0,15.4
2021-02-16,Anuradhapura,0.0,25.2
2021-02-16,Badulla,0.0,20.9
2021-02-16,Dambulla,0.1,24.2
2021-02-16,Nuwara Eliya,0.0,15.4
2021-02-17,Anuradhapura,0.0,25.2
2021-02-17,Badulla,0.0,20.9
2021-02-17,Dambulla,0.0,24.2
2021-02-17,Nuwara Eliya,0.0,15.3
2021-02-18,Anuradhapura,0.0,25.1
2021-02-18,Badulla,1.3,21.0
2021-02-18,Dambulla,0.0,24.1
2021-02-18,Nuwara Eliya,1.7,15.3
2021-02-19,Anuradhapura,5.0,24.9
2021-02-19,Badulla,10.0,21.7
2021-02-19,Dambulla,2.9,24.5
2021-02-19,Nuwara Eliya,5.6,15.6
2021-02-20,Anuradhapura,1.6,25.5
2021-02-20,Badulla,3.1,21.9
2021-02-20,Dambulla,2.4,24.7
2021-02-20,Nuwara Eliya,4.3,15.4
2021-02-21,Anuradhapura,3.3,25.0
2021-02-21,Badulla,5.1,21.6
2021-02-21,Dambulla,1.6,24.4
2021-02-21,Nuwara Eliya,8.8,14.7
2021-02-22,Anuradhapura,2.6,25.4
2021-02-22,Badulla,8.9,21.8
2021-02-22,Dambulla,2.5,24.5
2021-02-22,Nuwara Eliya,1.6,14.5
2021-02-23,Anuradhapura,0.2,26.0
2021-02-23,Badulla,6.6,21.9
2021-02-23,Dambulla,0.9,24.8
2021-02-23,Nuwara Eliya,0.2,14.7
2021-02-24,Anuradhapura,0.0,26.0
2021-02-24,Badulla,2.2,22.0
2021-02-24,Dambulla,0.0,25.0
2021-02-24,Nuwara Eliya,0.3,16.0
2021-02-25,Anuradhapura,0.0,26.2
2021-02-25,Badulla,2.0,22.7
2021-02-25,Dambulla,0.0,25.5
2021-02-25,Nuwara Eliya,0.8,16.2
2021-02-26,Anuradhapura,0.0,26.3
2021-02-26,Badulla,1.3,23.4
2021-02-26,Dambulla,0.0,25.7
2021-02-26,Nuwara Eliya,1.0,15.7
2021-02-27,Anuradhapura,0.0,26.4
2021-02-27,Badulla,0.2,22.7
2021-02-27,Dambulla,0.0,25.8
2021-02-27,Nuwara Eliya,0.0,16.6
2021-02-28,Anuradhapura,0.0,26.5
2021-02-28,Badulla,0.0,22.7
2021-02-28,Dambulla,0.0,25.8
2021-02-28,Nuwara Eliya,0.0,16.2
2021-03-01,Anuradhapura,0.0,25.9
2021-03-01,Badulla,0.4,22.1
2021-03-01,Dambulla,0.0,24.7
2021-03-01,Nuwara Eliya,0.0,15.3
2021-03-02,Anuradhapura,0.0,25.7
2021-03-02,Badulla,0.0,21.0
2021-03-02,Dambulla,0.0,24.6
2021-03-02,Nuwara Eliya,0.0,13.9
2021-03-03,Anuradhapura,0.0,25.8
2021-03-03,Badulla,0.6,20.9
2021-03-03,Dambulla,0.0,24.9
2021-03-03,Nuwara Eliya,1.0,14.2
2021-03-04,Anuradhapura,0.0,25.7
2021-03-04,Badulla,0.0,21.1
2021-03-04,Dambulla,0.0,25.0
2021-03-04,Nuwara Eliya,0.9,15.3
2021-03-05,Anuradhapura,0.0,26.4
2021-03-05,Badulla,0.1,20.5
2021-03-05,Dambulla,0.0,24.9
2021-03-05,Nuwara Eliya,1.2,16.2
2021-03-06,Anuradhapura,2.7,26.2
2021-03-06,Badulla,0.5,22.1
2021-03-06,Dambulla,1.5,24.8
2021-03-06,Nuwara Eliya,11.3,16.1
2021-03-07,Anuradhapura,1.8,26.9
2021-03-07,Badulla,18.2,22.2
2021-03-07,Dambulla,1.9,25.6
2021-03-07,Nuwara Eliya,2.4,16.5
2021-03-08,Anuradhapura,6.8,26.0
2021-03-08,Badulla,13.6,22.2
2021-03-08,Dambulla,6.2,24.9
2021-03-08,Nuwara Eliya,9.8,15.5
2021-03-09,Anuradhapura,1.8,26.1
2021-03-09,Badulla,0.2,22.5
2021-03-09,Dambulla,0.0,25.5
2021-03-09,Nuwara Eliya,0.5,15.6
2021-03-10,Anuradhapura,5.3,25.3
2021-03-10,Badulla,14.7,20.9
2021-03-10,Dambulla,5.7,23.8
2021-03-10,Nuwara Eliya,10.2,14.7
2021-03-11,Anuradhapura,0.0,26.4
2021-03-11,Badulla,1.6,22.0
2021-03-11,Dambulla,0.1,24.9
2021-03-11,Nuwara Eliya,1.4,14.2
2021-03-12,Anuradhapura,0.0,26.8
2021-03-12,Badulla,1.4,21.6
2021-03-12,Dambulla,0.0,25.7
2021-03-12,Nuwara Eliya,0.0,14.3
2021-03-13,Anuradhapura,0.1,26.7
2021-03-13,Badulla,4.0,22.6
2021-03-13,Dambulla,0.3,25.6
2021-03-13,Nuwara Eliya,0.0,14.9
2021-03-14,Anuradhapura,2.1,26.3
2021-03-14,Badulla,5.2,21.5
2021-03-14,Dambulla,1.0,24.8
2021-03-14,Nuwara Eliya,1.7,14.5
2021-03-15,Anuradhapura,0.0,26.9
2021-03-15,Badulla,1.7,21.6
2021-03-15,Dambulla,0.2,25.4
2021-03-15,Nuwara Eliya,0.7,15.3
2021-03-16,Anuradhapura,0.0,27.2
2021-03-16,Badulla,3.0,21.7
2021-03-16,Dambulla,0.1,25.7
2021-03-16,Nuwara Eliya,1.5,15.0
2021-03-17,Anuradhapura,0.0,27.2
2021-03-17,Badulla,1.8,22.1
2021-03-17,Dambulla,0.1,26.1
2021-03-17,Nuwara Eliya,0.9,14.9
2021-03-18,Anuradhapura,0.0,26.9
2021-03-18,Badulla,0.0,22.3
2021-03-18,Dambulla,0.0,25.8
2021-03-18,Nuwara Eliya,1.7,16.0
2021-03-19,Anuradhapura,3.7,25.8
2021-03-19,Badulla,6.3,21.3
2021-03-19,Dambulla,1.0,24.8
2021-03-19,Nuwara Eliya,11.3,15.6
2021-03-20,Anuradhapura,6.7,26.7
2021-03-20,Badulla,0.9,22.3
2021-03-20,Dambulla,2.5,25.9
2021-03-20,Nuwara Eliya,3.3,15.8
2021-03-21,Anuradhapura,4.2,27.1
2021-03-21,Badulla,25.0,22.4
2021-03-21,Dambulla,6.1,25.6
2021-03-21,Nuwara Eliya,3.0,15.8
2021-03-22,Anuradhapura,0.0,27.5
2021-03-22,Badulla,1.8,23.0
2021-03-22,Dambulla,0.0,26.3
2021-03-22,Nuwara Eliya,0.7,16.4
2021-03-23,Anuradhapura,0.0,27.6
2021-03-23,Badulla,4.8,23.2
2021-03-23,Dambulla,0.3,26.5
2021-03-23,Nuwara Eliya,3.4,16.0
2021-03-24,Anuradhapura,5.1,26.8
2021-03-24,Badulla,6.4,22.1
2021-03-24,Dambulla,1.4,25.5
2021-03-24,Nuwara Eliya,1.7,14.9
2021-03-25,Anuradhapura,1.5,27.0
2021-03-25,Badulla,12.2,21.6
2021-03-25,Dambulla,1.6,25.1
2021-03-25,Nuwara Eliya,8.5,14.6
2021-03-26,Anuradhapura,1.6,27.8
2021-03-26,Badulla,5.6,22.9
2021-03-26,Dambulla,1.3,26.5
2021-03-26,Nuwara Eliya,2.1,15.4
2021-03-27,Anuradhapura,7.3,26.8
2021-03-27,Badulla,13.4,22.1
2021-03-27,Dambulla,4.3,25.6
2021-03-27,Nuwara Eliya,5.4,15.9
2021-03-28,Anuradhapura,8.2,26.8
2021-03-28,Badulla,45.9,22.4
2021-03-28,Dambulla,2.4,26.0
2021-03-28,Nuwara Eliya,26.3,16.3
2021-03-29,Anuradhapura,1.4,26.9
2021-03-29,Badulla,2.2,22.6
2021-03-29,Dambulla,2.3,25.9
2021-03-29,Nuwara Eliya,2.2,16.7
2021-03-30,Anuradhapura,0.0,28.1
2021-03-30,Badulla,0.0,23.0
2021-03-30,Dambulla,0.0,27.1
2021-03-30,Nuwara Eliya,0.3,16.4
2021-03-31,Anuradhapura,0.0,28.7
2021-03-31,Badulla,0.0,23.5
2021-03-31,Dambulla,0.0,27.6
2021-03-31,Nuwara Eliya,0.4,17.6
2021-04-01,Anuradhapura,0.0,28.7
2021-04-01,Badulla,0.0,22.9
2021-04-01,Dambulla,0.0,27.7
2021-04-01,Nuwara Eliya,0.0,18.3
2021-04-02,Anuradhapura,0.2,29.0
2021-04-02,Badulla,0.0,23.3
2021-04-02,Dambulla,0.0,28.0
2021-04-02,Nuwara Eliya,0.0,17.2
2021-04-03,Anuradhapura,0.0,28.7
2021-04-03,Badulla,0.0,23.1
2021-04-03,Dambulla,0.0,27.7
2021-04-03,Nuwara Eliya,0.0,17.5
2021-04-04,Anuradhapura,0.0,29.0
2021-04-04,Badulla,0.0,23.6
2021-04-04,Dambulla,0.0,28.0
2021-04-04,Nuwara Eliya,0.0,18.0
2021-04-05,Anuradhapura,0.2,29.2
2021-04-05,Badulla,0.0,24.4
2021-04-05,Dambulla,0.1,28.3
2021-04-05,Nuwara Eliya,0.0,17.9
2021-04-06,Anuradhapura,0.0,28.8
2021-04-06,Badulla,0.2,24.5
2021-04-06,Dambulla,0.0,28.0
2021-04-06,Nuwara Eliya,0.0,17.0
2021-04-07,Anuradhapura,1.6,28.0
2021-04-07,Badulla,1.1,23.2
2021-04-07,Dambulla,0.1,26.7
2021-04-07,Nuwara Eliya,1.3,16.3
2021-04-08,Anuradhapura,0.8,27.8
2021-04-08,Badulla,0.2,22.6
2021-04-08,Dambulla,0.9,26.6
2021-04-08,Nuwara Eliya,3.7,15.6
2021-04-09,Anuradhapura,1.2,27.4
2021-04-09,Badulla,44.4,22.4
2021-04-09,Dambulla,13.9,26.5
2021-04-09,Nuwara Eliya,36.0,15.9
2021-04-10,Anuradhapura,7.1,26.9
2021-04-10,Badulla,30.1,22.5
2021-04-10,Dambulla,25.2,25.8
2021-04-10,Nuwara Eliya,39.9,16.3
2021-04-11,Anuradhapura,33.7,26.7
2021-04-11,Badulla,23.3,22.2
2021-04-11,Dambulla,11.7,25.7
2021-04-11,Nuwara Eliya,70.8,15.8
2021-04-12,Anuradhapura,5.0,26.7
2021-04-12,Badulla,18.4,22.1
2021-04-12,Dambulla,12.1,25.5
2021-04-12,Nuwara Eliya,10.4,16.3
2021-04-13,Anuradhapura,5.5,26.8
2021-04-13,Badulla,8.1,22.4
2021-04-13,Dambulla,9.0,25.6
2021-04-13,Nuwara Eliya,3.8,16.2
2021-04-14,Anuradhapura,10.2,26.4
2021-04-14,Badulla,31.8,22.2
2021-04-14,Dambulla,24.4,25.1
2021-04-14,Nuwara Eliya,26.1,16.4
2021-04-15,Anuradhapura,16.3,25.8
2021-04-15,Badulla,17.1,22.1
2021-04-15,Dambulla,14.8,25.3
2021-04-15,Nuwara Eliya,11.2,16.3
2021-04-16,Anuradhapura,9.6,26.2
2021-04-16,Badulla,7.9,22.3
2021-04-16,Dambulla,9.2,25.4
2021-04-16,Nuwara Eliya,9.4,15.8
2021-04-17,Anuradhapura,3.7,26.8
2021-04-17,Badulla,0.5,22.8
2021-04-17,Dambulla,1.0,25.6
2021-04-17,Nuwara Eliya,5.0,16.2
2021-04-18,Anuradhapura,2.0,27.0
2021-04-18,Badulla,1.0,23.4
2021-04-18,Dambulla,1.1,26.0
2021-04-18,Nuwara Eliya,2.1,16.6
2021-04-19,Anuradhapura,1.0,27.4
2021-04-19,Badulla,0.9,22.8
2021-04-19,Dambulla,0.6,26.2
2021-04-19,Nuwara Eliya,0.5,16.1
2021-04-20,Anuradhapura,1.7,27.4
2021-04-20,Badulla,0.0,23.2
2021-04-20,Dambulla,0.5,26.4
2021-04-20,Nuwara Eliya,0.0,16.3
2021-04-21,Anuradhapura,1.7,27.3
2021-04-21,Badulla,0.3,23.4
2021-04-21,Dambulla,1.8,26.3
2021-04-21,Nuwara Eliya,0.4,16.0
2021-04-22,Anuradhapura,0.0,27.8
2021-04-22,Badulla,0.0,23.8
2021-04-22,Dambulla,0.1,26.7
2021-04-22,Nuwara Eliya,1.4,16.4
2021-04-23,Anuradhapura,0.8,27.8
2021-04-23,Badulla,0.0,24.0
2021-04-23,Dambulla,1.1,26.5
2021-04-23,Nuwara Eliya,1.8,16.4
2021-04-24,Anuradhapura,0.8,28.3
2021-04-24,Badulla,0.0,24.5
2021-04-24,Dambulla,1.7,27.2
2021-04-24,Nuwara Eliya,0.0,16.5
2021-04-25,Anuradhapura,2.7,28.2
2021-04-25,Badulla,0.0,24.2
2021-04-25,Dambulla,1.4,27.4
2021-04-25,Nuwara Eliya,0.0,16.5
2021-04-26,Anuradhapura,2.9,27.2
2021-04-26,Badulla,0.0,23.9
2021-04-26,Dambulla,2.3,26.9
2021-04-26,Nuwara Eliya,0.6,16.4
2021-04-27,Anuradhapura,3.7,27.8
2021-04-27,Badulla,3.7,23.3
2021-04-27,Dambulla,3.0,26.8
2021-04-27,Nuwara Eliya,1.1,16.6
2021-04-28,Anuradhapura,3.4,28.1
2021-04-28,Badulla,0.7,23.8
2021-04-28,Dambulla,1.5,27.0
2021-04-28,Nuwara Eliya,0.7,16.6
2021-04-29,Anuradhapura,2.3,28.1
2021-04-29,Badulla,2.3,23.7
2021-04-29,Dambulla,1.9,26.7
2021-04-29,Nuwara Eliya,1.2,16.5
2021-04-30,Anuradhapura,1.9,27.8
2021-04-30,Badulla,7.0,23.4
2021-04-30,Dambulla,11.2,26.6
2021-04-30,Nuwara Eliya,3.6,16.8
2021-05-01,Anuradhapura,5.2,27.3
2021-05-01,Badulla,7.3,23.3
2021-05-01,Dambulla,20.0,25.8
2021-05-01,Nuwara Eliya,13.2,16.9
2021-05-02,Anuradhapura,10.3,26.7
2021-05-02,Badulla,39.3,22.7
2021-05-02,Dambulla,12.6,25.6
2021-05-02,Nuwara Eliya,24.3,16.6
2021-05-03,Anuradhapura,11.0,26.2
2021-05-03,Badulla,21.6,22.9
2021-05-03,Dambulla,35.1,25.3
2021-05-03,Nuwara Eliya,11.2,16.9
2021-05-04,Anuradhapura,8.5,26.3
2021-05-04,Badulla,32.5,22.5
2021-05-04,Dambulla,24.1,25.2
2021-05-04,Nuwara Eliya,14.5,16.7
2021-05-05,Anuradhapura,0.7,27.1
2021-05-05,Badulla,10.4,23.2
2021-05-05,Dambulla,2.3,25.9
2021-05-05,Nuwara Eliya,3.2,17.4
2021-05-06,Anuradhapura,10.7,26.9
2021-05-06,Badulla,9.1,23.1
2021-05-06,Dambulla,9.8,25.7
2021-05-06,Nuwara Eliya,3.1,16.9
2021-05-07,Anuradhapura,8.0,26.9
2021-05-07,Badulla,6.6,22.6
2021-05-07,Dambulla,5.4,25.5
2021-05-07,Nuwara Eliya,4.1,16.8
2021-05-08,Anuradhapura,2.8,27.0
2021-05-08,Badulla,7.5,23.2
2021-05-08,Dambulla,1.1,26.0
2021-05-08,Nuwara Eliya,2.7,17.0
2021-05-09,Anuradhapura,47.7,27.1
2021-05-09,Badulla,11.4,23.1
2021-05-09,Dambulla,10.7,25.9
2021-05-09,Nuwara Eliya,31.2,17.1
2021-05-10,Anuradhapura,19.8,27.0
2021-05-10,Badulla,12.8,23.2
2021-05-10,Dambulla,16.7,25.7
2021-05-10,Nuwara Eliya,32.8,16.9
2021-05-11,Anuradhapura,4.7,27.1
2021-05-11,Badulla,8.6,23.4
2021-05-11,Dambulla,3.2,26.3
2021-05-11,Nuwara Eliya,45.6,16.8
2021-05-12,Anuradhapura,3.5,27.1
2021-05-12,Badulla,4.3,23.6
2021-05-12,Dambulla,7.0,26.0
2021-05-12,Nuwara Eliya,27.2,16.9
2021-05-13,Anuradhapura,14.9,26.5
2021-05-13,Badulla,23.9,23.2
2021-05-13,Dambulla,11.2,25.7
2021-05-13,Nuwara Eliya,29.7,17.1
2021-05-14,Anuradhapura,0.5,27.3
2021-05-14,Badulla,8.3,24.2
2021-05-14,Dambulla,0.7,25.9
2021-05-14,Nuwara Eliya,10.3,16.8
2021-05-15,Anuradhapura,0.1,27.4
2021-05-15,Badulla,0.0,24.2
2021-05-15,Dambulla,0.1,26.5
2021-05-15,Nuwara Eliya,1.0,16.5
2021-05-16,Anuradhapura,2.1,26.9
2021-05-16,Badulla,2.0,24.4
2021-05-16,Dambulla,1.9,26.5
2021-05-16,Nuwara Eliya,1.8,16.6
2021-05-17,Anuradhapura,1.3,28.1
2021-05-17,Badulla,1.6,23.9
2021-05-17,Dambulla,1.5,27.3
2021-05-17,Nuwara Eliya,0.8,17.0
2021-05-18,Anuradhapura,0.1,28.2
2021-05-18,Badulla,0.7,23.8
2021-05-18,Dambulla,1.3,27.2
2021-05-18,Nuwara Eliya,0.5,16.9
2021-05-19,Anuradhapura,2.8,27.5
2021-05-19,Badulla,0.8,23.6
2021-05-19,Dambulla,3.4,26.4
2021-05-19,Nuwara Eliya,1.6,16.6
2021-05-20,Anuradhapura,4.6,27.3
2021-05-20,Badulla,1.6,23.5
2021-05-20,Dambulla,0.6,26.1
2021-05-20,Nuwara Eliya,1.2,16.7
2021-05-21,Anuradhapura,2.5,26.8
2021-05-21,Badulla,1.2,24.0
2021-05-21,Dambulla,0.0,25.8
2021-05-21,Nuwara Eliya,0.0,16.3
2021-05-22,Anuradhapura,1.6,26.6
2021-05-22,Badulla,3.7,24.2
2021-05-22,Dambulla,2.2,25.8
2021-05-22,Nuwara Eliya,0.9,16.5
2021-05-23,Anuradhapura,4.4,26.9
2021-05-23,Badulla,10.0,24.4
2021-05-23,Dambulla,3.1,25.7
2021-05-23,Nuwara Eliya,1.9,16.9
2021-05-24,Anuradhapura,6.7,27.1
2021-05-24,Badulla,18.3,24.5
2021-05-24,Dambulla,2.4,25.5
2021-05-24,Nuwara Eliya,6.5,16.9
2021-05-25,Anuradhapura,5.5,25.9
2021-05-25,Badulla,3.3,24.6
2021-05-25,Dambulla,4.5,24.7
2021-05-25,Nuwara Eliya,10.6,16.2
2021-05-26,Anuradhapura,10.9,26.2
2021-05-26,Badulla,4.4,23.5
2021-05-26,Dambulla,12.0,24.8
2021-05-26,Nuwara Eliya,23.4,15.2
2021-05-27,Anuradhapura,1.4,27.1
2021-05-27,Badulla,2.8,23.5
2021-05-27,Dambulla,5.8,25.5
2021-05-27,Nuwara Eliya,19.5,15.6
2021-05-28,Anuradhapura,0.0,27.8
2021-05-28,Badulla,0.0,24.1
2021-05-28,Dambulla,0.5,26.0
2021-05-28,Nuwara Eliya,1.3,15.9
2021-05-29,Anuradhapura,0.4,28.0
2021-05-29,Badulla,0.2,24.0
2021-05-29,Dambulla,1.3,26.2
2021-05-29,Nuwara Eliya,2.8,16.3
2021-05-30,Anuradhapura,0.4,28.2
2021-05-30,Badulla,0.1,24.8
2021-05-30,Dambulla,0.0,26.7
2021-05-30,Nuwara Eliya,0.1,16.2
2021-05-31,Anuradhapura,0.0,28.3
2021-05-31,Badulla,0.0,24.5
2021-05-31,Dambulla,0.2,26.5
2021-05-31,Nuwara Eliya,0.3,16.6
2021-06-01,Anuradhapura,0.0,28.0
2021-06-01,Badulla,0.3,24.2
2021-06-01,Dambulla,0.3,26.3
2021-06-01,Nuwara Eliya,0.2,16.4
2021-06-02,Anuradhapura,0.0,28.3
2021-06-02,Badulla,0.3,24.0
2021-06-02,Dambulla,0.6,26.7
2021-06-02,Nuwara Eliya,1.6,16.7
2021-06-03,Anuradhapura,1.9,27.4
2021-06-03,Badulla,12.8,23.8
2021-06-03,Dambulla,1.3,26.2
2021-06-03,Nuwara Eliya,71.2,17.0
2021-06-04,Anuradhapura,17.2,25.9
2021-06-04,Badulla,64.3,23.5
2021-06-04,Dambulla,5.7,25.2
2021-06-04,Nuwara Eliya,60.6,16.5
2021-06-05,Anuradhapura,11.9,25.3
2021-06-05,Badulla,5.9,22.9
2021-06-05,Dambulla,8.2,24.4
2021-06-05,Nuwara Eliya,3.5,16.1
2021-06-06,Anuradhapura,2.5,26.7
2021-06-06,Badulla,0.3,23.4
2021-06-06,Dambulla,0.8,25.7
2021-06-06,Nuwara Eliya,1.9,15.8
2021-06-07,Anuradhapura,0.5,27.5
2021-06-07,Badulla,0.0,23.6
2021-06-07,Dambulla,0.4,26.2
2021-06-07,Nuwara Eliya,0.3,16.4
2021-06-08,Anuradhapura,5.7,26.5
2021-06-08,Badulla,18.8,23.7
2021-06-08,Dambulla,1.7,25.3
2021-06-08,Nuwara Eliya,10.2,16.8
2021-06-09,Anuradhapura,0.4,27.2
2021-06-09,Badulla,17.0,24.2
2021-06-09,Dambulla,0.9,25.6
2021-06-09,Nuwara Eliya,0.3,16.1
2021-06-10,Anuradhapura,0.0,27.5
2021-06-10,Badulla,1.1,23.8
2021-06-10,Dambulla,2.9,25.9
2021-06-10,Nuwara Eliya,0.0,16.0
2021-06-11,Anuradhapura,0.0,27.6
2021-06-11,Badulla,0.0,23.2
2021-06-11,Dambulla,0.4,25.8
2021-06-11,Nuwara Eliya,0.0,15.2
2021-06-12,Anuradhapura,0.1,27.6
2021-06-12,Badulla,0.0,23.6
2021-06-12,Dambulla,0.5,25.5
2021-06-12,Nuwara Eliya,2.3,15.5
2021-06-13,Anuradhapura,1.1,27.4
2021-06-13,Badulla,0.1,24.5
2021-06-13,Dambulla,2.7,25.1
2021-06-13,Nuwara Eliya,4.9,16.2
2021-06-14,Anuradhapura,0.8,26.7
2021-06-14,Badulla,0.0,23.8
2021-06-14,Dambulla,1.7,24.3
2021-06-14,Nuwara Eliya,2.5,15.1
2021-06-15,Anuradhapura,0.7,27.2
2021-06-15,Badulla,0.0,23.5
2021-06-15,Dambulla,0.5,25.7
2021-06-15,Nuwara Eliya,0.1,15.2
2021-06-16,Anuradhapura,1.0,27.3
2021-06-16,Badulla,0.0,23.4
2021-06-16,Dambulla,1.1,25.7
2021-06-16,Nuwara Eliya,0.5,15.6
2021-06-17,Anuradhapura,0.6,27.6
2021-06-17,Badulla,0.0,23.6
2021-06-17,Dambulla,1.3,25.9
2021-06-17,Nuwara Eliya,0.5,15.6
2021-06-18,Anuradhapura,0.0,27.9
2021-06-18,Badulla,0.2,23.5
2021-06-18,Dambulla,0.7,26.3
2021-06-18,Nuwara Eliya,0.0,15.8
2021-06-19,Anuradhapura,0.0,27.8
2021-06-19,Badulla,0.8,23.4
2021-06-19,Dambulla,0.4,26.6
2021-06-19,Nuwara Eliya,0.9,15.8
2021-06-20,Anuradhapura,0.0,28.1
2021-06-20,Badulla,0.0,23.6
2021-06-20,Dambulla,0.0,26.7
2021-06-20,Nuwara Eliya,0.2,15.7
2021-06-21,Anuradhapura,0.0,28.2
2021-06-21,Badulla,0.0,23.6
2021-06-21,Dambulla,0.0,26.8
2021-06-21,Nuwara Eliya,0.0,16.3
2021-06-22,Anuradhapura,1.7,27.2
2021-06-22,Badulla,7.4,23.6
2021-06-22,Dambulla,0.6,26.0
2021-06-22,Nuwara Eliya,0.6,15.7
2021-06-23,Anuradhapura,1.5,27.5
2021-06-23,Badulla,3.6,24.4
2021-06-23,Dambulla,1.7,26.2
2021-06-23,Nuwara Eliya,1.5,16.3
2021-06-24,Anuradhapura,3.4,27.1
2021-06-24,Badulla,10.2,23.8
2021-06-24,Dambulla,2.1,25.4
2021-06-24,Nuwara Eliya,1.0,15.7
2021-06-25,Anuradhapura,0.0,27.8
2021-06-25,Badulla,0.1,24.0
2021-06-25,Dambulla,0.1,26.3
2021-06-25,Nuwara Eliya,0.0,15.5
2021-06-26,Anuradhapura,0.1,27.8
2021-06-26,Badulla,0.0,23.8
2021-06-26,Dambulla,0.5,25.6
2021-06-26,Nuwara Eliya,2.1,15.5
2021-06-27,Anuradhapura,7.4,27.4
2021-06-27,Badulla,0.2,24.2
2021-06-27,Dambulla,0.5,25.8
2021-06-27,Nuwara Eliya,0.4,15.3
2021-06-28,Anuradhapura,0.5,27.0
2021-06-28,Badulla,0.5,24.3
2021-06-28,Dambulla,0.0,25.7
2021-06-28,Nuwara Eliya,0.0,16.3
2021-06-29,Anuradhapura,0.6,27.7
2021-06-29,Badulla,0.1,24.6
2021-06-29,Dambulla,0.7,26.4
2021-06-29,Nuwara Eliya,0.6,16.9
2021-06-30,Anuradhapura,0.2,27.9
2021-06-30,Badulla,0.2,24.7
2021-06-30,Dambulla,0.1,26.7
2021-06-30,Nuwara Eliya,1.7,16.9
2021-07-01,Anuradhapura,1.0,27.1
2021-07-01,Badulla,3.5,24.3
2021-07-01,Dambulla,2.8,26.0
2021-07-01,Nuwara Eliya,1.7,16.4
2021-07-02,Anuradhapura,0.5,27.8
2021-07-02,Badulla,1.5,24.2
2021-07-02,Dambulla,0.5,26.4
2021-07-02,Nuwara Eliya,3.0,16.1
2021-07-03,Anuradhapura,2.8,27.5
2021-07-03,Badulla,2.0,23.9
2021-07-03,Dambulla,0.8,26.5
2021-07-03,Nuwara Eliya,1.9,16.3
2021-07-04,Anuradhapura,2.7,27.5
2021-07-04,Badulla,0.4,24.1
2021-07-04,Dambulla,0.3,26.6
2021-07-04,Nuwara Eliya,2.9,16.7
2021-07-05,Anuradhapura,3.2,27.8
2021-07-05,Badulla,1.2,24.3
2021-07-05,Dambulla,1.8,26.9
2021-07-05,Nuwara Eliya,6.9,17.0
2021-07-06,Anuradhapura,12.2,27.3
2021-07-06,Badulla,7.7,24.2
2021-07-06,Dambulla,1.6,26.4
2021-07-06,Nuwara Eliya,8.8,16.9
2021-07-07,Anuradhapura,0.8,27.0
2021-07-07,Badulla,1.1,24.2
2021-07-07,Dambulla,1.1,26.2
2021-07-07,Nuwara Eliya,1.2,16.3
2021-07-08,Anuradhapura,3.8,27.7
2021-07-08,Badulla,14.3,24.7
2021-07-08,Dambulla,0.9,26.5
2021-07-08,Nuwara Eliya,6.7,16.7
2021-07-09,Anuradhapura,5.3,26.6
2021-07-09,Badulla,10.6,24.0
2021-07-09,Dambulla,4.1,25.5
2021-07-09,Nuwara Eliya,17.7,16.5
2021-07-10,Anuradhapura,1.8,26.9
2021-07-10,Badulla,11.7,23.2
2021-07-10,Dambulla,5.3,24.8
2021-07-10,Nuwara Eliya,16.6,14.4
2021-07-11,Anuradhapura,0.5,27.5
2021-07-11,Badulla,0.0,23.7
2021-07-11,Dambulla,1.6,25.7
2021-07-11,Nuwara Eliya,9.0,14.6
2021-07-12,Anuradhapura,0.1,27.8
2021-07-12,Badulla,0.0,23.9
2021-07-12,Dambulla,1.3,25.9
2021-07-12,Nuwara Eliya,9.4,15.2
2021-07-13,Anuradhapura,0.0,28.1
2021-07-13,Badulla,0.0,24.4
2021-07-13,Dambulla,0.0,26.5
2021-07-13,Nuwara Eliya,2.0,15.7
2021-07-14,Anuradhapura,0.8,28.0
2021-07-14,Badulla,0.0,24.5
2021-07-14,Dambulla,0.6,26.5
2021-07-14,Nuwara Eliya,0.1,15.5
2021-07-15,Anuradhapura,0.1,27.7
2021-07-15,Badulla,0.3,24.0
2021-07-15,Dambulla,0.4,27.0
2021-07-15,Nuwara Eliya,1.0,15.8
2021-07-16,Anuradhapura,2.0,27.7
2021-07-16,Badulla,8.7,24.0
2021-07-16,Dambulla,1.7,26.7
2021-07-16,Nuwara Eliya,1.5,15.9
2021-07-17,Anuradhapura,5.9,27.5
2021-07-17,Badulla,2.2,23.6
2021-07-17,Dambulla,4.9,26.7
2021-07-17,Nuwara Eliya,35.2,16.3
2021-07-18,Anuradhapura,0.8,27.9
2021-07-18,Badulla,1.1,24.3
2021-07-18,Dambulla,1.5,26.4
2021-07-18,Nuwara Eliya,1.5,15.7
2021-07-19,Anuradhapura,0.0,28.2
2021-07-19,Badulla,0.0,24.4
2021-07-19,Dambulla,0.0,26.8
2021-07-19,Nuwara Eliya,1.6,15.3
2021-07-20,Anuradhapura,0.0,28.3
2021-07-20,Badulla,0.0,25.2
2021-07-20,Dambulla,0.0,26.7
2021-07-20,Nuwara Eliya,0.1,15.4
2021-07-21,Anuradhapura,0.0,28.2
2021-07-21,Badulla,0.0,25.3
2021-07-21,Dambulla,1.2,26.7
2021-07-21,Nuwara Eliya,2.6,15.1
2021-07-22,Anuradhapura,0.0,27.9
2021-07-22,Badulla,0.0,24.9
2021-07-22,Dambulla,0.8,26.2
2021-07-22,Nuwara Eliya,10.1,15.2
2021-07-23,Anuradhapura,3.3,27.0
2021-07-23,Badulla,1.3,24.8
2021-07-23,Dambulla,8.3,24.9
2021-07-23,Nuwara Eliya,14.4,15.7
2021-07-24,Anuradhapura,3.4,27.2
2021-07-24,Badulla,1.0,26.0
2021-07-24,Dambulla,2.9,25.2
2021-07-24,Nuwara Eliya,5.5,15.6
2021-07-25,Anuradhapura,1.8,27.4
2021-07-25,Badulla,20.3,25.3
2021-07-25,Dambulla,1.8,25.6
2021-07-25,Nuwara Eliya,2.6,16.3
2021-07-26,Anuradhapura,1.6,27.4
2021-07-26,Badulla,3.3,24.4
2021-07-26,Dambulla,2.8,25.3
2021-07-26,Nuwara Eliya,2.1,15.4
2021-07-27,Anuradhapura,0.0,27.9
2021-07-27,Badulla,0.7,24.8
2021-07-27,Dambulla,0.4,26.2
2021-07-27,Nuwara Eliya,0.8,16.0
2021-07-28,Anuradhapura,1.9,27.5
2021-07-28,Badulla,0.4,24.7
2021-07-28,Dambulla,0.3,25.6
2021-07-28,Nuwara Eliya,0.3,15.6
2021-07-29,Anuradhapura,0.0,28.1
2021-07-29,Badulla,0.2,25.4
2021-07-29,Dambulla,0.0,26.6
2021-07-29,Nuwara Eliya,0.2,16.1
2021-07-30,Anuradhapura,0.0,28.3
2021-07-30,Badulla,0.1,24.5
2021-07-30,Dambulla,0.0,26.8
2021-07-30,Nuwara Eliya,0.0,15.7
2021-07-31,Anuradhapura,0.0,28.5
2021-07-31,Badulla,0.4,24.9
2021-07-31,Dambulla,0.0,27.0
2021-07-31,Nuwara Eliya,0.0,16.0
2021-08-01,Anuradhapura,0.0,28.5
2021-08-01,Badulla,0.6,24.9
2021-08-01,Dambulla,0.5,26.5
2021-08-01,Nuwara Eliya,0.0,15.8
2021-08-02,Anuradhapura,0.0,28.3
2021-08-02,Badulla,0.9,24.7
2021-08-02,Dambulla,0.0,26.5
2021-08-02,Nuwara Eliya,0.3,15.3
2021-08-03,Anuradhapura,0.0,28.0
2021-08-03,Badulla,0.1,25.1
2021-08-03,Dambulla,0.0,26.4
2021-08-03,Nuwara Eliya,0.0,15.6
2021-08-04,Anuradhapura,0.2,28.3
2021-08-04,Badulla,0.3,25.3
2021-08-04,Dambulla,0.8,26.4
2021-08-04,Nuwara Eliya,1.6,15.6
2021-08-05,Anuradhapura,0.3,28.2
2021-08-05,Badulla,0.0,25.7
2021-08-05,Dambulla,1.0,26.3
2021-08-05,Nuwara Eliya,1.1,15.9
2021-08-06,Anuradhapura,0.6,28.3
2021-08-06,Badulla,0.5,25.7
2021-08-06,Dambulla,2.4,26.2
2021-08-06,Nuwara Eliya,1.3,15.9
2021-08-07,Anuradhapura,2.3,28.2
2021-08-07,Badulla,23.2,25.1
2021-08-07,Dambulla,2.8,25.9
2021-08-07,Nuwara Eliya,3.7,16.2
2021-08-08,Anuradhapura,4.6,27.6
2021-08-08,Badulla,5.3,24.5
2021-08-08,Dambulla,1.1,25.7
2021-08-08,Nuwara Eliya,3.4,16.1
2021-08-09,Anuradhapura,0.7,27.7
2021-08-09,Badulla,18.7,24.5
2021-08-09,Dambulla,0.6,25.7
2021-08-09,Nuwara Eliya,2.2,15.9
2021-08-10,Anuradhapura,0.7,27.8
2021-08-10,Badulla,13.0,24.3
2021-08-10,Dambulla,0.1,26.1
2021-08-10,Nuwara Eliya,0.6,15.8
2021-08-11,Anuradhapura,10.4,27.6
2021-08-11,Badulla,5.8,24.2
2021-08-11,Dambulla,3.9,26.2
2021-08-11,Nuwara Eliya,10.0,15.8
2021-08-12,Anuradhapura,2.7,27.7
2021-08-12,Badulla,4.7,24.6
2021-08-12,Dambulla,1.5,25.8
2021-08-12,Nuwara Eliya,8.8,16.1
2021-08-13,Anuradhapura,1.4,27.9
2021-08-13,Badulla,0.3,24.1
2021-08-13,Dambulla,1.7,26.5
2021-08-13,Nuwara Eliya,2.6,16.3
2021-08-14,Anuradhapura,0.1,28.1
2021-08-14,Badulla,15.9,24.4
2021-08-14,Dambulla,1.7,26.4
2021-08-14,Nuwara Eliya,1.5,15.4
2021-08-15,Anuradhapura,6.6,27.1
2021-08-15,Badulla,0.0,24.7
2021-08-15,Dambulla,0.5,26.1
2021-08-15,Nuwara Eliya,0.0,14.9
2021-08-16,Anuradhapura,0.0,27.5
2021-08-16,Badulla,0.7,24.7
2021-08-16,Dambulla,0.0,26.6
2021-08-16,Nuwara Eliya,0.0,15.6
2021-08-17,Anuradhapura,0.6,27.4
2021-08-17,Badulla,2.1,24.9
2021-08-17,Dambulla,1.0,26.0
2021-08-17,Nuwara Eliya,1.0,15.8
2021-08-18,Anuradhapura,1.4,26.9
2021-08-18,Badulla,0.1,24.8
2021-08-18,Dambulla,2.1,25.2
2021-08-18,Nuwara Eliya,1.7,15.6
2021-08-19,Anuradhapura,0.0,27.7
2021-08-19,Badulla,0.0,24.7
2021-08-19,Dambulla,0.0,26.4
2021-08-19,Nuwara Eliya,0.5,15.2
2021-08-20,Anuradhapura,0.5,27.9
2021-08-20,Badulla,1.8,24.2
2021-08-20,Dambulla,1.7,26.9
2021-08-20,Nuwara Eliya,0.7,16.5
2021-08-21,Anuradhapura,0.6,26.7
2021-08-21,Badulla,2.1,23.5
2021-08-21,Dambulla,2.6,25.9
2021-08-21,Nuwara Eliya,3.8,15.6
2021-08-22,Anuradhapura,4.9,25.7
2021-08-22,Badulla,2.1,22.6
2021-08-22,Dambulla,3.5,25.2
2021-08-22,Nuwara Eliya,0.5,15.6
2021-08-23,Anuradhapura,0.3,27.0
2021-08-23,Badulla,0.2,23.9
2021-08-23,Dambulla,0.1,26.2
2021-08-23,Nuwara Eliya,0.7,15.8
2021-08-24,Anuradhapura,0.6,27.3
2021-08-24,Badulla,0.6,23.8
2021-08-24,Dambulla,0.2,26.3
2021-08-24,Nuwara Eliya,2.8,15.3
2021-08-25,Anuradhapura,0.3,27.2
2021-08-25,Badulla,3.0,24.0
2021-08-25,Dambulla,0.6,26.0
2021-08-25,Nuwara Eliya,1.5,15.8
2021-08-26,Anuradhapura,0.8,27.1
2021-08-26,Badulla,23.6,24.7
2021-08-26,Dambulla,1.4,25.8
2021-08-26,Nuwara Eliya,1.7,16.0
2021-08-27,Anuradhapura,0.1,27.6
2021-08-27,Badulla,0.2,25.0
2021-08-27,Dambulla,0.7,26.1
2021-08-27,Nuwara Eliya,2.6,15.3
2021-08-28,Anuradhapura,0.5,27.6
2021-08-28,Badulla,1.1,24.5
2021-08-28,Dambulla,5.5,25.4
2021-08-28,Nuwara Eliya,10.8,15.1
2021-08-29,Anuradhapura,2.8,27.2
2021-08-29,Badulla,9.1,23.0
2021-08-29,Dambulla,5.0,24.6
2021-08-29,Nuwara Eliya,18.5,15.1
2021-08-30,Anuradhapura,0.2,27.1
2021-08-30,Badulla,3.3,23.1
2021-08-30,Dambulla,2.5,25.1
2021-08-30,Nuwara Eliya,10.0,14.7
2021-08-31,Anuradhapura,0.0,28.0
2021-08-31,Badulla,0.0,24.2
2021-08-31,Dambulla,0.3,26.8
2021-08-31,Nuwara Eliya,0.0,15.6
2021-09-01,Anuradhapura,1.1,27.5
2021-09-01,Badulla,2.6,23.8
2021-09-01,Dambulla,1.4,26.1
2021-09-01,Nuwara Eliya,1.7,15.5
2021-09-02,Anuradhapura,10.9,26.2
2021-09-02,Badulla,7.6,23.9
2021-09-02,Dambulla,1.6,25.0
2021-09-02,Nuwara Eliya,0.5,15.1
2021-09-03,Anuradhapura,4.6,25.9
2021-09-03,Badulla,0.5,24.4
2021-09-03,Dambulla,2.0,24.9
2021-09-03,Nuwara Eliya,0.0,15.2
2021-09-04,Anuradhapura,1.9,26.8
2021-09-04,Badulla,0.5,25.0
2021-09-04,Dambulla,1.2,25.4
2021-09-04,Nuwara Eliya,0.8,15.6
2021-09-05,Anuradhapura,1.8,26.6
2021-09-05,Badulla,1.7,24.6
2021-09-05,Dambulla,2.6,25.0
2021-09-05,Nuwara Eliya,2.8,15.8
2021-09-06,Anuradhapura,1.8,27.1
2021-09-06,Badulla,1.2,23.8
2021-09-06,Dambulla,3.6,24.8
2021-09-06,Nuwara Eliya,5.8,15.3
2021-09-07,Anuradhapura,0.0,27.6
2021-09-07,Badulla,0.0,24.8
2021-09-07,Dambulla,0.5,25.9
2021-09-07,Nuwara Eliya,1.5,15.5
2021-09-08,Anuradhapura,0.0,27.9
2021-09-08,Badulla,1.2,24.6
2021-09-08,Dambulla,0.9,26.3
2021-09-08,Nuwara Eliya,0.7,15.5
2021-09-09,Anuradhapura,0.0,27.7
2021-09-09,Badulla,0.3,25.0
2021-09-09,Dambulla,0.0,26.5
2021-09-09,Nuwara Eliya,0.0,16.1
2021-09-10,Anuradhapura,0.0,27.9
2021-09-10,Badulla,1.0,25.3
2021-09-10,Dambulla,0.0,26.4
2021-09-10,Nuwara Eliya,0.8,15.9
2021-09-11,Anuradhapura,0.0,28.0
2021-09-11,Badulla,0.0,25.6
2021-09-11,Dambulla,0.0,26.8
2021-09-11,Nuwara Eliya,0.0,15.8
2021-09-12,Anuradhapura,0.1,27.9
2021-09-12,Badulla,0.0,24.9
2021-09-12,Dambulla,0.2,26.4
2021-09-12,Nuwara Eliya,0.0,15.1
2021-09-13,Anuradhapura,0.7,28.1
2021-09-13,Badulla,0.1,25.8
2021-09-13,Dambulla,2.3,26.3
2021-09-13,Nuwara Eliya,2.2,16.0
2021-09-14,Anuradhapura,0.9,28.4
2021-09-14,Badulla,19.7,25.9
2021-09-14,Dambulla,3.7,26.7
2021-09-14,Nuwara Eliya,2.9,16.5
2021-09-15,Anuradhapura,1.5,27.8
2021-09-15,Badulla,7.4,25.0
2021-09-15,Dambulla,2.0,26.4
2021-09-15,Nuwara Eliya,3.7,16.4
2021-09-16,Anuradhapura,1.8,27.5
2021-09-16,Badulla,16.2,24.9
2021-09-16,Dambulla,1.7,26.1
2021-09-16,Nuwara Eliya,10.1,16.5
2021-09-17,Anuradhapura,5.9,27.9
2021-09-17,Badulla,1.2,24.6
2021-09-17,Dambulla,4.3,26.7
2021-09-17,Nuwara Eliya,1.9,16.4
2021-09-18,Anuradhapura,4.2,27.2
2021-09-18,Badulla,1.6,24.3
2021-09-18,Dambulla,3.0,26.4
2021-09-18,Nuwara Eliya,6.7,16.4
2021-09-19,Anuradhapura,5.2,27.7
2021-09-19,Badulla,0.2,24.4
2021-09-19,Dambulla,0.8,26.9
2021-09-19,Nuwara Eliya,4.3,16.7
2021-09-20,Anuradhapura,1.8,27.7
2021-09-20,Badulla,1.9,24.2
2021-09-20,Dambulla,0.9,26.5
2021-09-20,Nuwara Eliya,2.8,16.3
2021-09-21,Anuradhapura,1.2,27.6
2021-09-21,Badulla,5.9,23.9
2021-09-21,Dambulla,2.8,26.1
2021-09-21,Nuwara Eliya,2.1,15.8
2021-09-22,Anuradhapura,1.1,28.7
2021-09-22,Badulla,2.9,24.4
2021-09-22,Dambulla,0.0,27.4
2021-09-22,Nuwara Eliya,0.6,16.5
2021-09-23,Anuradhapura,2.5,28.1
2021-09-23,Badulla,5.0,24.5
2021-09-23,Dambulla,1.9,26.9
2021-09-23,Nuwara Eliya,0.6,16.2
2021-09-24,Anuradhapura,19.5,27.3
2021-09-24,Badulla,9.6,23.4
2021-09-24,Dambulla,16.3,26.4
2021-09-24,Nuwara Eliya,10.4,16.5
2021-09-25,Anuradhapura,8.0,27.5
2021-09-25,Badulla,18.6,23.9
2021-09-25,Dambulla,4.1,26.2
2021-09-25,Nuwara Eliya,0.9,16.1
2021-09-26,Anuradhapura,8.6,26.9
2021-09-26,Badulla,0.5,24.2
2021-09-26,Dambulla,2.9,25.6
2021-09-26,Nuwara Eliya,7.0,16.1
2021-09-27,Anuradhapura,3.7,26.8
2021-09-27,Badulla,0.2,24.7
2021-09-27,Dambulla,5.3,25.7
2021-09-27,Nuwara Eliya,4.0,14.7
2021-09-28,Anuradhapura,3.9,26.6
2021-09-28,Badulla,12.5,22.2
2021-09-28,Dambulla,8.1,24.6
2021-09-28,Nuwara Eliya,18.9,15.0
2021-09-29,Anuradhapura,0.0,27.9
2021-09-29,Badulla,0.5,24.1
2021-09-29,Dambulla,0.0,26.9
2021-09-29,Nuwara Eliya,0.4,15.6
2021-09-30,Anuradhapura,4.6,26.8
2021-09-30,Badulla,1.0,23.3
2021-09-30,Dambulla,3.1,25.7
2021-09-30,Nuwara Eliya,2.5,15.4
2021-10-01,Anuradhapura,16.2,25.1
2021-10-01,Badulla,15.5,21.8
2021-10-01,Dambulla,13.6,24.2
2021-10-01,Nuwara Eliya,25.0,15.5
2021-10-02,Anuradhapura,4.9,25.7
2021-10-02,Badulla,2.9,22.9
2021-10-02,Dambulla,1.4,25.2
2021-10-02,Nuwara Eliya,2.0,16.0
2021-10-03,Anuradhapura,6.6,26.4
2021-10-03,Badulla,4.6,23.0
2021-10-03,Dambulla,2.8,25.7
2021-10-03,Nuwara Eliya,3.5,16.3
2021-10-04,Anuradhapura,25.5,25.2
2021-10-04,Badulla,1.6,23.0
2021-10-04,Dambulla,11.5,24.8
2021-10-04,Nuwara Eliya,1.4,15.7
2021-10-05,Anuradhapura,11.8,25.5
2021-10-05,Badulla,15.5,22.9
2021-10-05,Dambulla,6.1,24.7
2021-10-05,Nuwara Eliya,7.1,16.2
2021-10-06,Anuradhapura,19.3,25.2
2021-10-06,Badulla,9.7,23.8
2021-10-06,Dambulla,4.6,24.8
2021-10-06,Nuwara Eliya,4.4,16.1
2021-10-07,Anuradhapura,0.0,27.2
2021-10-07,Badulla,0.8,23.9
2021-10-07,Dambulla,0.3,26.4
2021-10-07,Nuwara Eliya,0.0,16.4
2021-10-08,Anuradhapura,0.5,27.3
2021-10-08,Badulla,0.4,24.1
2021-10-08,Dambulla,0.4,26.3
2021-10-08,Nuwara Eliya,0.7,15.9
2021-10-09,Anuradhapura,2.8,26.3
2021-10-09,Badulla,0.0,23.8
2021-10-09,Dambulla,0.7,25.4
2021-10-09,Nuwara Eliya,0.1,15.5
2021-10-10,Anuradhapura,2.5,27.0
2021-10-10,Badulla,1.2,24.4
2021-10-10,Dambulla,0.9,25.7
2021-10-10,Nuwara Eliya,2.7,16.0
2021-10-11,Anuradhapura,13.6,25.7
2021-10-11,Badulla,0.6,24.5
2021-10-11,Dambulla,5.8,24.7
2021-10-11,Nuwara Eliya,5.3,15.5
2021-10-12,Anuradhapura,0.3,27.1
2021-10-12,Badulla,0.9,23.9
2021-10-12,Dambulla,5.1,25.3
2021-10-12,Nuwara Eliya,2.6,15.0
2021-10-13,Anuradhapura,0.0,27.3
2021-10-13,Badulla,0.0,24.2
2021-10-13,Dambulla,0.0,26.3
2021-10-13,Nuwara Eliya,0.2,15.6
2021-10-14,Anuradhapura,0.8,27.5
2021-10-14,Badulla,2.7,24.7
2021-10-14,Dambulla,1.2,26.4
2021-10-14,Nuwara Eliya,0.8,15.9
2021-10-15,Anuradhapura,0.9,27.2
2021-10-15,Badulla,0.0,25.6
2021-10-15,Dambulla,1.3,26.1
2021-10-15,Nuwara Eliya,1.8,16.5
2021-10-16,Anuradhapura,6.2,26.5
2021-10-16,Badulla,1.3,25.0
2021-10-16,Dambulla,3.2,25.8
2021-10-16,Nuwara Eliya,3.4,15.7
2021-10-17,Anuradhapura,1.4,27.1
2021-10-17,Badulla,0.0,24.4
2021-10-17,Dambulla,0.6,26.2
2021-10-17,Nuwara Eliya,0.0,15.2
2021-10-18,Anuradhapura,0.0,27.3
2021-10-18,Badulla,0.0,24.7
2021-10-18,Dambulla,0.0,26.3
2021-10-18,Nuwara Eliya,1.0,15.7
2021-10-19,Anuradhapura,4.9,27.2
2021-10-19,Badulla,3.2,23.5
2021-10-19,Dambulla,2.0,26.3
2021-10-19,Nuwara Eliya,11.2,16.1
2021-10-20,Anuradhapura,11.4,26.2
2021-10-20,Badulla,21.5,22.8
2021-10-20,Dambulla,19.6,25.4
2021-10-20,Nuwara Eliya,13.9,16.5
2021-10-21,Anuradhapura,5.8,26.0
2021-10-21,Badulla,16.7,22.8
2021-10-21,Dambulla,17.3,25.2
2021-10-21,Nuwara Eliya,6.7,15.8
2021-10-22,Anuradhapura,7.7,26.0
2021-10-22,Badulla,27.2,22.3
2021-10-22,Dambulla,5.0,25.2
2021-10-22,Nuwara Eliya,8.2,16.1
2021-10-23,Anuradhapura,8.8,25.5
2021-10-23,Badulla,10.0,21.8
2021-10-23,Dambulla,1.4,24.9
2021-10-23,Nuwara Eliya,15.0,15.6
2021-10-24,Anuradhapura,5.8,25.8
2021-10-24,Badulla,3.4,21.6
2021-10-24,Dambulla,1.4,24.7
2021-10-24,Nuwara Eliya,2.4,15.2
2021-10-25,Anuradhapura,2.5,26.0
2021-10-25,Badulla,0.5,23.0
2021-10-25,Dambulla,0.8,25.4
2021-10-25,Nuwara Eliya,4.6,15.8
2021-10-26,Anuradhapura,14.3,25.1
2021-10-26,Badulla,18.2,21.9
2021-10-26,Dambulla,11.6,24.5
2021-10-26,Nuwara Eliya,10.1,15.6
2021-10-27,Anuradhapura,2.1,25.9
2021-10-27,Badulla,0.6,22.4
2021-10-27,Dambulla,2.6,24.8
2021-10-27,Nuwara Eliya,2.1,15.8
2021-10-28,Anuradhapura,21.0,24.9
2021-10-28,Badulla,20.8,21.8
2021-10-28,Dambulla,9.1,23.9
2021-10-28,Nuwara Eliya,14.8,15.4
2021-10-29,Anuradhapura,17.8,25.2
2021-10-29,Badulla,25.2,21.8
2021-10-29,Dambulla,15.3,24.4
2021-10-29,Nuwara Eliya,11.8,15.5
2021-10-30,Anuradhapura,26.3,25.1
2021-10-30,Badulla,16.6,21.4
2021-10-30,Dambulla,18.0,24.1
2021-10-30,Nuwara Eliya,14.5,15.7
2021-10-31,Anuradhapura,18.6,24.7
2021-10-31,Badulla,27.3,22.3
2021-10-31,Dambulla,22.5,24.0
2021-10-31,Nuwara Eliya,17.4,16.2
2021-11-01,Anuradhapura,16.6,25.0
2021-11-01,Badulla,8.2,22.2
2021-11-01,Dambulla,22.7,24.3
2021-11-01,Nuwara Eliya,12.9,16.4
2021-11-02,Anuradhapura,8.6,25.6
2021-11-02,Badulla,65.0,22.0
2021-11-02,Dambulla,27.3,24.8
2021-11-02,Nuwara Eliya,15.1,16.7
2021-11-03,Anuradhapura,22.2,25.1
2021-11-03,Badulla,12.5,22.0
2021-11-03,Dambulla,12.7,24.2
2021-11-03,Nuwara Eliya,2.8,16.0
2021-11-04,Anuradhapura,29.4,24.8
2021-11-04,Badulla,5.1,22.0
2021-11-04,Dambulla,6.9,24.3
2021-11-04,Nuwara Eliya,4.2,16.0
2021-11-05,Anuradhapura,7.0,25.2
2021-11-05,Badulla,5.5,22.4
2021-11-05,Dambulla,0.9,24.3
2021-11-05,Nuwara Eliya,1.0,15.6
2021-11-06,Anuradhapura,17.0,24.7
2021-11-06,Badulla,14.2,21.9
2021-11-06,Dambulla,11.7,23.8
2021-11-06,Nuwara Eliya,13.4,15.6
2021-11-07,Anuradhapura,9.8,24.7
2021-11-07,Badulla,4.4,22.0
2021-11-07,Dambulla,9.4,23.6
2021-11-07,Nuwara Eliya,4.6,15.4
2021-11-08,Anuradhapura,45.6,23.5
2021-11-08,Badulla,27.2,20.9
2021-11-08,Dambulla,37.8,22.3
2021-11-08,Nuwara Eliya,26.1,15.0
2021-11-09,Anuradhapura,15.3,24.1
2021-11-09,Badulla,9.9,21.0
2021-11-09,Dambulla,23.6,23.1
2021-11-09,Nuwara Eliya,13.9,15.7
2021-11-10,Anuradhapura,28.0,23.8
2021-11-10,Badulla,0.1,21.8
2021-11-10,Dambulla,8.9,23.3
2021-11-10,Nuwara Eliya,2.4,15.8
2021-11-11,Anuradhapura,1.5,26.0
2021-11-11,Badulla,2.9,21.8
2021-11-11,Dambulla,1.2,24.6
2021-11-11,Nuwara Eliya,1.9,15.8
2021-11-12,Anuradhapura,13.1,24.8
2021-11-12,Badulla,10.2,22.6
2021-11-12,Dambulla,2.3,24.3
2021-11-12,Nuwara Eliya,2.8,15.6
2021-11-13,Anuradhapura,10.9,25.0
2021-11-13,Badulla,4.6,22.4
2021-11-13,Dambulla,5.0,24.5
2021-11-13,Nuwara Eliya,1.0,15.2
2021-11-14,Anuradhapura,6.7,25.2
2021-11-14,Badulla,10.0,22.9
2021-11-14,Dambulla,3.0,24.1
2021-11-14,Nuwara Eliya,4.4,15.1
2021-11-15,Anuradhapura,17.7,24.8
2021-11-15,Badulla,6.1,22.7
2021-11-15,Dambulla,4.4,24.0
2021-11-15,Nuwara Eliya,8.3,15.8
2021-11-16,Anuradhapura,1.7,25.7
2021-11-16,Badulla,11.4,22.7
2021-11-16,Dambulla,1.4,24.4
2021-11-16,Nuwara Eliya,3.1,16.1
2021-11-17,Anuradhapura,17.9,24.8
2021-11-17,Badulla,2.0,22.4
2021-11-17,Dambulla,7.1,24.1
2021-11-17,Nuwara Eliya,3.3,15.7
2021-11-18,Anuradhapura,6.6,25.5
2021-11-18,Badulla,5.8,22.1
2021-11-18,Dambulla,5.5,24.3
2021-11-18,Nuwara Eliya,2.1,15.6
2021-11-19,Anuradhapura,1.9,25.6
2021-11-19,Badulla,2.4,22.5
2021-11-19,Dambulla,1.2,24.8
2021-11-19,Nuwara Eliya,3.8,15.9
2021-11-20,Anuradhapura,0.1,26.2
2021-11-20,Badulla,1.3,22.7
2021-11-20,Dambulla,0.0,25.2
2021-11-20,Nuwara Eliya,0.1,15.6
2021-11-21,Anuradhapura,0.0,25.3
2021-11-21,Badulla,0.0,20.9
2021-11-21,Dambulla,0.0,24.7
2021-11-21,Nuwara Eliya,0.0,14.4
2021-11-22,Anuradhapura,0.1,25.6
2021-11-22,Badulla,0.0,21.1
2021-11-22,Dambulla,0.0,24.9
2021-11-22,Nuwara Eliya,0.0,15.7
2021-11-23,Anuradhapura,13.6,25.0
2021-11-23,Badulla,22.1,21.5
2021-11-23,Dambulla,14.2,24.1
2021-11-23,Nuwara Eliya,11.4,15.5
2021-11-24,Anuradhapura,18.0,24.0
2021-11-24,Badulla,35.7,21.0
2021-11-24,Dambulla,13.6,23.1
2021-11-24,Nuwara Eliya,22.8,15.2
2021-11-25,Anuradhapura,8.0,24.4
2021-11-25,Badulla,46.3,20.8
2021-11-25,Dambulla,21.1,23.5
2021-11-25,Nuwara Eliya,60.3,15.2
2021-11-26,Anuradhapura,11.0,24.6
2021-11-26,Badulla,9.1,21.8
2021-11-26,Dambulla,6.7,24.3
2021-11-26,Nuwara Eliya,4.0,15.9
2021-11-27,Anuradhapura,16.0,24.8
2021-11-27,Badulla,8.0,22.0
2021-11-27,Dambulla,11.6,24.2
2021-11-27,Nuwara Eliya,10.4,15.8
2021-11-28,Anuradhapura,29.3,24.8
2021-11-28,Badulla,10.3,21.8
2021-11-28,Dambulla,17.5,23.7
2021-11-28,Nuwara Eliya,6.2,15.4
2021-11-29,Anuradhapura,23.4,25.1
2021-11-29,Badulla,26.8,21.6
2021-11-29,Dambulla,4.0,24.3
2021-11-29,Nuwara Eliya,4.1,15.7
2021-11-30,Anuradhapura,2.3,25.2
2021-11-30,Badulla,9.6,21.1
2021-11-30,Dambulla,3.5,23.8
2021-11-30,Nuwara Eliya,9.5,15.2
2021-12-01,Anuradhapura,0.0,25.9
2021-12-01,Badulla,0.2,21.6
2021-12-01,Dambulla,0.0,24.8
2021-12-01,Nuwara Eliya,0.1,14.9
2021-12-02,Anuradhapura,7.3,25.2
2021-12-02,Badulla,2.1,21.5
2021-12-02,Dambulla,6.1,24.2
2021-12-02,Nuwara Eliya,0.9,16.1
2021-12-03,Anuradhapura,0.0,26.1
2021-12-03,Badulla,1.3,22.2
2021-12-03,Dambulla,0.5,25.4
2021-12-03,Nuwara Eliya,1.5,15.9
2021-12-04,Anuradhapura,0.1,26.2
2021-12-04,Badulla,2.1,22.3
2021-12-04,Dambulla,0.7,25.5
2021-12-04,Nuwara Eliya,1.5,15.7
2021-12-05,Anuradhapura,2.0,26.2
2021-12-05,Badulla,1.5,22.2
2021-12-05,Dambulla,1.6,25.5
2021-12-05,Nuwara Eliya,2.3,15.8
2021-12-06,Anuradhapura,0.3,26.4
2021-12-06,Badulla,1.7,22.3
2021-12-06,Dambulla,1.6,25.3
2021-12-06,Nuwara Eliya,2.8,15.5
2021-12-07,Anuradhapura,0.0,26.2
2021-12-07,Badulla,0.5,22.6
2021-12-07,Dambulla,0.0,25.0
2021-12-07,Nuwara Eliya,0.0,15.3
2021-12-08,Anuradhapura,2.5,25.8
2021-12-08,Badulla,6.3,21.6
2021-12-08,Dambulla,3.3,24.4
2021-12-08,Nuwara Eliya,3.9,15.6
2021-12-09,Anuradhapura,2.1,25.9
2021-12-09,Badulla,4.9,22.2
2021-12-09,Dambulla,1.2,24.8
2021-12-09,Nuwara Eliya,0.8,14.9
2021-12-10,Anuradhapura,0.3,26.0
2021-12-10,Badulla,4.6,21.5
2021-12-10,Dambulla,1.0,24.2
2021-12-10,Nuwara Eliya,0.8,14.3
2021-12-11,Anuradhapura,0.5,25.9
2021-12-11,Badulla,5.1,21.6
2021-12-11,Dambulla,1.1,24.7
2021-12-11,Nuwara Eliya,1.7,14.6
2021-12-12,Anuradhapura,4.1,25.1
2021-12-12,Badulla,11.7,21.3
2021-12-12,Dambulla,3.8,23.8
2021-12-12,Nuwara Eliya,14.1,14.2
2021-12-13,Anuradhapura,8.0,25.1
2021-12-13,Badulla,42.8,21.3
2021-12-13,Dambulla,11.6,23.5
2021-12-13,Nuwara Eliya,16.3,14.8
2021-12-14,Anuradhapura,1.2,25.4
2021-12-14,Badulla,14.1,21.3
2021-12-14,Dambulla,0.6,24.2
2021-12-14,Nuwara Eliya,4.0,14.3
2021-12-15,Anuradhapura,1.1,24.9
2021-12-15,Badulla,10.0,20.8
2021-12-15,Dambulla,4.3,23.4
2021-12-15,Nuwara Eliya,4.2,14.5
2021-12-16,Anuradhapura,2.2,25.2
2021-12-16,Badulla,4.2,21.4
2021-12-16,Dambulla,2.3,24.1
2021-12-16,Nuwara Eliya,2.6,15.1
2021-12-17,Anuradhapura,10.0,24.6
2021-12-17,Badulla,10.1,21.7
2021-12-17,Dambulla,9.6,23.6
2021-12-17,Nuwara Eliya,1.6,15.1
2021-12-18,Anuradhapura,6.3,24.4
2021-12-18,Badulla,17.4,21.2
2021-12-18,Dambulla,12.1,23.6
2021-12-18,Nuwara Eliya,7.9,15.5
2021-12-19,Anuradhapura,0.8,25.3
2021-12-19,Badulla,17.6,20.9
2021-12-19,Dambulla,1.0,24.5
2021-12-19,Nuwara Eliya,8.2,15.1
2021-12-20,Anuradhapura,0.3,24.9
2021-12-20,Badulla,4.7,21.2
2021-12-20,Dambulla,1.7,23.7
2021-12-20,Nuwara Eliya,2.0,14.8
2021-12-21,Anuradhapura,2.0,24.8
2021-12-21,Badulla,5.0,21.8
2021-12-21,Dambulla,1.8,24.1
2021-12-21,Nuwara Eliya,1.0,15.5
2021-12-22,Anuradhapura,0.0,25.0
2021-12-22,Badulla,3.7,21.5
2021-12-22,Dambulla,0.2,24.1
2021-12-22,Nuwara Eliya,4.2,15.4
2021-12-23,Anuradhapura,0.0,24.7
2021-12-23,Badulla,2.5,21.2
2021-12-23,Dambulla,0.0,23.7
2021-12-23,Nuwara Eliya,1.7,14.8
2021-12-24,Anuradhapura,0.0,24.1
2021-12-24,Badulla,0.0,19.9
2021-12-24,Dambulla,0.0,23.2
2021-12-24,Nuwara Eliya,0.7,13.8
2021-12-25,Anuradhapura,0.0,24.0
2021-12-25,Badulla,0.0,19.4
2021-12-25,Dambulla,0.0,22.8
2021-12-25,Nuwara Eliya,0.0,12.0
2021-12-26,Anuradhapura,0.0,24.2
2021-12-26,Badulla,1.0,19.3
2021-12-26,Dambulla,0.0,23.3
2021-12-26,Nuwara Eliya,0.0,11.3
2021-12-27,Anuradhapura,0.0,25.1
2021-12-27,Badulla,0.7,20.2
2021-12-27,Dambulla,0.0,23.9
2021-12-27,Nuwara Eliya,0.0,12.6
2021-12-28,Anuradhapura,0.0,25.0
2021-12-28,Badulla,2.0,20.4
2021-12-28,Dambulla,0.0,23.9
2021-12-28,Nuwara Eliya,0.1,13.1
2021-12-29,Anuradhapura,0.5,25.0
2021-12-29,Badulla,3.4,21.0
2021-12-29,Dambulla,1.9,24.0
2021-12-29,Nuwara Eliya,0.1,13.6
2021-12-30,Anuradhapura,5.0,24.5
2021-12-30,Badulla,5.8,21.3
2021-12-30,Dambulla,3.9,23.4
2021-12-30,Nuwara Eliya,3.5,14.3
2021-12-31,Anuradhapura,1.0,24.4
2021-12-31,Badulla,11.4,21.4
2021-12-31,Dambulla,10.3,23.4
2021-12-31,Nuwara Eliya,3.5,14.6
2022-01-01,Anuradhapura,8.7,24.2
2022-01-01,Badulla,14.0,21.1
2022-01-01,Dambulla,2.9,23.3
2022-01-01,Nuwara Eliya,3.8,14.5
2022-01-02,Anuradhapura,3.3,24.0
2022-01-02,Badulla,9.6,21.0
2022-01-02,Dambulla,3.2,22.8
2022-01-02,Nuwara Eliya,4.8,14.9
2022-01-03,Anuradhapura,8.2,24.1
2022-01-03,Badulla,21.1,20.7
2022-01-03,Dambulla,7.9,22.8
2022-01-03,Nuwara Eliya,9.1,14.7
2022-01-04,Anuradhapura,0.0,24.7
2022-01-04,Badulla,30.0,20.4
2022-01-04,Dambulla,2.2,23.5
2022-01-04,Nuwara Eliya,5.8,14.5
2022-01-05,Anuradhapura,1.7,24.5
2022-01-05,Badulla,16.8,20.4
2022-01-05,Dambulla,3.5,23.3
2022-01-05,Nuwara Eliya,3.1,14.7
2022-01-06,Anuradhapura,0.3,25.6
2022-01-06,Badulla,6.6,21.3
2022-01-06,Dambulla,1.4,24.4
2022-01-06,Nuwara Eliya,0.5,14.4
2022-01-07,Anuradhapura,1.6,25.3
2022-01-07,Badulla,3.4,21.5
2022-01-07,Dambulla,1.9,24.5
2022-01-07,Nuwara Eliya,0.8,14.5
2022-01-08,Anuradhapura,1.0,25.1
2022-01-08,Badulla,6.9,20.8
2022-01-08,Dambulla,4.8,23.7
2022-01-08,Nuwara Eliya,1.9,14.5
2022-01-09,Anuradhapura,1.3,25.4
2022-01-09,Badulla,5.9,21.2
2022-01-09,Dambulla,1.2,24.4
2022-01-09,Nuwara Eliya,3.1,14.3
2022-01-10,Anuradhapura,3.1,23.8
2022-01-10,Badulla,15.7,20.4
2022-01-10,Dambulla,4.7,22.8
2022-01-10,Nuwara Eliya,16.0,14.6
2022-01-11,Anuradhapura,4.5,24.8
2022-01-11,Badulla,7.3,21.3
2022-01-11,Dambulla,6.7,23.8
2022-01-11,Nuwara Eliya,2.7,14.6
2022-01-12,Anuradhapura,0.8,25.3
2022-01-12,Badulla,1.3,21.7
2022-01-12,Dambulla,0.8,24.6
2022-01-12,Nuwara Eliya,4.0,15.1
2022-01-13,Anuradhapura,0.2,26.0
2022-01-13,Badulla,0.8,21.8
2022-01-13,Dambulla,1.9,25.0
2022-01-13,Nuwara Eliya,2.2,15.3
2022-01-14,Anuradhapura,0.0,26.3
2022-01-14,Badulla,1.6,21.5
2022-01-14,Dambulla,1.9,24.9
2022-01-14,Nuwara Eliya,2.9,14.7
2022-01-15,Anuradhapura,0.8,26.0
2022-01-15,Badulla,1.5,21.7
2022-01-15,Dambulla,0.0,25.0
2022-01-15,Nuwara Eliya,0.9,14.9
2022-01-16,Anuradhapura,0.2,26.0
2022-01-16,Badulla,3.8,20.7
2022-01-16,Dambulla,1.7,24.5
2022-01-16,Nuwara Eliya,0.8,14.1
2022-01-17,Anuradhapura,0.0,25.8
2022-01-17,Badulla,7.7,21.5
2022-01-17,Dambulla,1.5,24.5
2022-01-17,Nuwara Eliya,1.7,14.1
2022-01-18,Anuradhapura,0.6,25.1
2022-01-18,Badulla,6.2,20.7
2022-01-18,Dambulla,1.6,23.8
2022-01-18,Nuwara Eliya,3.2,14.0
2022-01-19,Anuradhapura,0.0,25.0
2022-01-19,Badulla,3.1,21.0
2022-01-19,Dambulla,0.0,24.1
2022-01-19,Nuwara Eliya,3.1,14.8
2022-01-20,Anuradhapura,0.0,24.3
2022-01-20,Badulla,0.0,19.8
2022-01-20,Dambulla,0.0,23.2
2022-01-20,Nuwara Eliya,0.0,14.6
2022-01-21,Anuradhapura,0.0,24.0
2022-01-21,Badulla,0.0,19.3
2022-01-21,Dambulla,0.0,22.9
2022-01-21,Nuwara Eliya,0.0,12.9
2022-01-22,Anuradhapura,0.0,24.2
2022-01-22,Badulla,0.0,20.4
2022-01-22,Dambulla,0.0,23.5
2022-01-22,Nuwara Eliya,0.0,13.0
2022-01-23,Anuradhapura,0.0,24.9
2022-01-23,Badulla,0.0,20.2
2022-01-23,Dambulla,0.0,23.8
2022-01-23,Nuwara Eliya,0.0,13.1
2022-01-24,Anuradhapura,0.1,25.6
2022-01-24,Badulla,0.0,20.5
2022-01-24,Dambulla,0.0,24.1
2022-01-24,Nuwara Eliya,0.0,14.4
2022-01-25,Anuradhapura,0.0,25.4
2022-01-25,Badulla,0.0,20.5
2022-01-25,Dambulla,0.0,23.9
2022-01-25,Nuwara Eliya,0.5,13.8
2022-01-26,Anuradhapura,0.0,25.0
2022-01-26,Badulla,0.0,20.3
2022-01-26,Dambulla,0.0,23.7
2022-01-26,Nuwara Eliya,3.0,13.2
2022-01-27,Anuradhapura,0.0,24.6
2022-01-27,Badulla,0.0,20.4
2022-01-27,Dambulla,0.0,23.4
2022-01-27,Nuwara Eliya,0.0,12.6
2022-01-28,Anuradhapura,1.0,24.3
2022-01-28,Badulla,3.9,20.0
2022-01-28,Dambulla,0.7,23.2
2022-01-28,Nuwara Eliya,0.8,14.7
2022-01-29,Anuradhapura,2.5,25.4
2022-01-29,Badulla,7.2,22.2
2022-01-29,Dambulla,1.4,24.7
2022-01-29,Nuwara Eliya,0.5,15.8
2022-01-30,Anuradhapura,1.2,25.5
2022-01-30,Badulla,1.8,22.2
2022-01-30,Dambulla,1.5,25.0
2022-01-30,Nuwara Eliya,0.5,15.5
2022-01-31,Anuradhapura,0.6,26.0
2022-01-31,Badulla,7.9,21.3
2022-01-31,Dambulla,1.2,24.7
2022-01-31,Nuwara Eliya,4.2,14.8
2022-02-01,Anuradhapura,0.0,25.5
2022-02-01,Badulla,0.0,21.0
2022-02-01,Dambulla,0.0,24.3
2022-02-01,Nuwara Eliya,0.8,14.3
2022-02-02,Anuradhapura,0.0,24.4
2022-02-02,Badulla,0.0,19.6
2022-02-02,Dambulla,0.0,23.2
2022-02-02,Nuwara Eliya,0.5,15.3
2022-02-03,Anuradhapura,0.0,24.7
2022-02-03,Badulla,0.5,21.2
2022-02-03,Dambulla,0.0,24.3
2022-02-03,Nuwara Eliya,1.6,15.2
2022-02-04,Anuradhapura,0.0,25.7
2022-02-04,Badulla,0.0,22.0
2022-02-04,Dambulla,0.0,25.1
2022-02-04,Nuwara Eliya,0.0,15.4
2022-02-05,Anuradhapura,0.0,26.0
2022-02-05,Badulla,0.0,21.3
2022-02-05,Dambulla,0.0,25.0
2022-02-05,Nuwara Eliya,2.5,14.8
2022-02-06,Anuradhapura,0.0,25.4
2022-02-06,Badulla,0.0,19.9
2022-02-06,Dambulla,0.0,24.2
2022-02-06,Nuwara Eliya,0.0,14.1
2022-02-07,Anuradhapura,0.0,25.0
2022-02-07,Badulla,10.8,20.5
2022-02-07,Dambulla,0.8,24.1
2022-02-07,Nuwara Eliya,2.3,13.6
2022-02-08,Anuradhapura,0.0,25.2
2022-02-08,Badulla,0.0,20.8
2022-02-08,Dambulla,0.0,24.0
2022-02-08,Nuwara Eliya,0.3,14.6
2022-02-09,Anuradhapura,0.0,25.1
2022-02-09,Badulla,0.0,21.0
2022-02-09,Dambulla,0.0,24.1
2022-02-09,Nuwara Eliya,0.0,15.5
2022-02-10,Anuradhapura,14.1,23.4
2022-02-10,Badulla,17.6,21.2
2022-02-10,Dambulla,3.4,23.9
2022-02-10,Nuwara Eliya,4.9,15.3
2022-02-11,Anuradhapura,7.7,24.6
2022-02-11,Badulla,28.6,21.0
2022-02-11,Dambulla,9.0,24.0
2022-02-11,Nuwara Eliya,10.0,15.4
2022-02-12,Anuradhapura,9.6,24.4
2022-02-12,Badulla,22.2,21.2
2022-02-12,Dambulla,17.8,23.3
2022-02-12,Nuwara Eliya,3.5,15.4
2022-02-13,Anuradhapura,38.3,23.0
2022-02-13,Badulla,22.0,20.0
2022-02-13,Dambulla,98.6,21.8
2022-02-13,Nuwara Eliya,9.8,14.4
2022-02-14,Anuradhapura,0.4,25.0
2022-02-14,Badulla,4.6,20.8
2022-02-14,Dambulla,0.3,23.9
2022-02-14,Nuwara Eliya,7.8,14.5
2022-02-15,Anuradhapura,0.0,24.6
2022-02-15,Badulla,0.0,20.5
2022-02-15,Dambulla,0.0,23.8
2022-02-15,Nuwara Eliya,0.1,14.8
2022-02-16,Anuradhapura,0.0,24.5
2022-02-16,Badulla,0.0,20.5
2022-02-16,Dambulla,0.0,23.6
2022-02-16,Nuwara Eliya,0.0,15.0
2022-02-17,Anuradhapura,0.0,24.3
2022-02-17,Badulla,0.0,20.0
2022-02-17,Dambulla,0.0,23.4
2022-02-17,Nuwara Eliya,0.0,15.7
2022-02-18,Anuradhapura,1.5,25.1
2022-02-18,Badulla,0.9,21.2
2022-02-18,Dambulla,1.0,24.2
2022-02-18,Nuwara Eliya,4.1,15.4
2022-02-19,Anuradhapura,1.2,25.0
2022-02-19,Badulla,6.4,21.3
2022-02-19,Dambulla,2.1,23.8
2022-02-19,Nuwara Eliya,2.4,15.6
2022-02-20,Anuradhapura,2.6,25.4
2022-02-20,Badulla,0.6,22.5
2022-02-20,Dambulla,2.3,24.8
2022-02-20,Nuwara Eliya,0.5,16.6
2022-02-21,Anuradhapura,0.0,26.1
2022-02-21,Badulla,0.2,22.5
2022-02-21,Dambulla,0.0,25.6
2022-02-21,Nuwara Eliya,0.5,16.2
2022-02-22,Anuradhapura,0.0,25.9
2022-02-22,Badulla,0.0,22.0
2022-02-22,Dambulla,0.0,25.3
2022-02-22,Nuwara Eliya,1.3,15.0
2022-02-23,Anuradhapura,1.5,25.3
2022-02-23,Badulla,2.4,21.0
2022-02-23,Dambulla,3.1,24.0
2022-02-23,Nuwara Eliya,2.6,15.6
2022-02-24,Anuradhapura,0.6,25.8
2022-02-24,Badulla,10.9,21.3
2022-02-24,Dambulla,0.1,24.7
2022-02-24,Nuwara Eliya,7.9,14.7
2022-02-25,Anuradhapura,0.0,25.9
2022-02-25,Badulla,4.6,21.1
2022-02-25,Dambulla,0.0,24.8
2022-02-25,Nuwara Eliya,4.8,14.4
2022-02-26,Anuradhapura,5.2,25.2
2022-02-26,Badulla,4.5,21.5
2022-02-26,Dambulla,2.6,23.9
2022-02-26,Nuwara Eliya,4.0,14.4
2022-02-27,Anuradhapura,0.0,25.7
2022-02-27,Badulla,7.1,21.8
2022-02-27,Dambulla,0.0,24.6
2022-02-27,Nuwara Eliya,0.1,14.6
2022-02-28,Anuradhapura,0.0,25.7
2022-02-28,Badulla,2.9,21.4
2022-02-28,Dambulla,0.1,24.7
2022-02-28,Nuwara Eliya,2.3,14.2
2022-03-01,Anuradhapura,0.0,25.9
2022-03-01,Badulla,4.4,20.7
2022-03-01,Dambulla,0.5,24.9
2022-03-01,Nuwara Eliya,0.8,14.0
2022-03-02,Anuradhapura,0.3,25.7
2022-03-02,Badulla,11.0,19.9
2022-03-02,Dambulla,1.7,23.8
2022-03-02,Nuwara Eliya,6.1,13.9
2022-03-03,Anuradhapura,0.4,25.1
2022-03-03,Badulla,5.8,21.1
2022-03-03,Dambulla,0.6,24.3
2022-03-03,Nuwara Eliya,1.4,14.6
2022-03-04,Anuradhapura,3.3,25.0
2022-03-04,Badulla,1.4,21.9
2022-03-04,Dambulla,0.6,24.5
2022-03-04,Nuwara Eliya,2.0,16.1
2022-03-05,Anuradhapura,1.9,25.8
2022-03-05,Badulla,1.1,22.1
2022-03-05,Dambulla,0.9,24.9
2022-03-05,Nuwara Eliya,0.5,16.1
2022-03-06,Anuradhapura,0.3,25.9
2022-03-06,Badulla,0.5,22.8
2022-03-06,Dambulla,0.1,25.2
2022-03-06,Nuwara Eliya,2.3,15.4
2022-03-07,Anuradhapura,0.3,26.6
2022-03-07,Badulla,4.7,22.0
2022-03-07,Dambulla,0.1,25.6
2022-03-07,Nuwara Eliya,1.8,16.2
2022-03-08,Anuradhapura,0.0,26.6
2022-03-08,Badulla,3.5,21.8
2022-03-08,Dambulla,3.1,25.6
2022-03-08,Nuwara Eliya,2.0,15.7
2022-03-09,Anuradhapura,0.0,26.4
2022-03-09,Badulla,0.0,22.3
2022-03-09,Dambulla,0.0,25.2
2022-03-09,Nuwara Eliya,0.0,16.4
2022-03-10,Anuradhapura,0.0,26.5
2022-03-10,Badulla,0.5,22.0
2022-03-10,Dambulla,0.0,25.4
2022-03-10,Nuwara Eliya,2.6,16.0
2022-03-11,Anuradhapura,0.0,26.5
2022-03-11,Badulla,2.1,22.2
2022-03-11,Dambulla,0.0,25.6
2022-03-11,Nuwara Eliya,0.4,16.5
2022-03-12,Anuradhapura,2.6,26.0
2022-03-12,Badulla,10.5,21.9
2022-03-12,Dambulla,3.4,24.9
2022-03-12,Nuwara Eliya,4.0,15.4
2022-03-13,Anuradhapura,0.0,26.8
2022-03-13,Badulla,3.1,22.3
2022-03-13,Dambulla,0.5,25.7
2022-03-13,Nuwara Eliya,1.1,15.0
2022-03-14,Anuradhapura,0.0,26.8
2022-03-14,Badulla,0.9,22.5
2022-03-14,Dambulla,0.0,25.6
2022-03-14,Nuwara Eliya,0.0,15.7
2022-03-15,Anuradhapura,0.2,26.7
2022-03-15,Badulla,0.0,22.6
2022-03-15,Dambulla,0.0,25.7
2022-03-15,Nuwara Eliya,0.0,16.5
2022-03-16,Anuradhapura,0.0,26.7
2022-03-16,Badulla,0.0,22.4
2022-03-16,Dambulla,0.0,26.1
2022-03-16,Nuwara Eliya,0.2,16.1
2022-03-17,Anuradhapura,0.5,28.0
2022-03-17,Badulla,0.6,23.3
2022-03-17,Dambulla,0.0,27.0
2022-03-17,Nuwara Eliya,1.6,16.6
2022-03-18,Anuradhapura,15.1,26.9
2022-03-18,Badulla,0.3,22.6
2022-03-18,Dambulla,8.2,25.7
2022-03-18,Nuwara Eliya,5.4,15.7
2022-03-19,Anuradhapura,1.2,27.2
2022-03-19,Badulla,3.1,22.4
2022-03-19,Dambulla,0.6,26.1
2022-03-19,Nuwara Eliya,2.8,15.6
2022-03-20,Anuradhapura,0.5,27.4
2022-03-20,Badulla,0.0,22.9
2022-03-20,Dambulla,0.0,26.4
2022-03-20,Nuwara Eliya,0.3,15.9
2022-03-21,Anuradhapura,0.3,27.8
2022-03-21,Badulla,0.0,22.9
2022-03-21,Dambulla,0.1,27.1
2022-03-21,Nuwara Eliya,1.4,16.5
2022-03-22,Anuradhapura,0.1,28.4
2022-03-22,Badulla,0.1,23.7
2022-03-22,Dambulla,0.7,27.2
2022-03-22,Nuwara Eliya,1.3,16.9
2022-03-23,Anuradhapura,5.2,27.2
2022-03-23,Badulla,3.4,23.0
2022-03-23,Dambulla,2.2,26.5
2022-03-23,Nuwara Eliya,2.7,17.3
2022-03-24,Anuradhapura,4.9,26.4
2022-03-24,Badulla,4.2,22.7
2022-03-24,Dambulla,0.7,25.8
2022-03-24,Nuwara Eliya,2.1,16.7
2022-03-25,Anuradhapura,1.9,26.4
2022-03-25,Badulla,2.3,22.1
2022-03-25,Dambulla,4.7,25.6
2022-03-25,Nuwara Eliya,0.8,16.8
2022-03-26,Anuradhapura,2.5,27.0
2022-03-26,Badulla,1.5,22.8
2022-03-26,Dambulla,1.7,26.1
2022-03-26,Nuwara Eliya,2.7,16.1
2022-03-27,Anuradhapura,4.0,27.1
2022-03-27,Badulla,1.6,22.8
2022-03-27,Dambulla,1.3,26.0
2022-03-27,Nuwara Eliya,3.0,17.0
2022-03-28,Anuradhapura,2.5,27.7
2022-03-28,Badulla,1.3,23.7
2022-03-28,Dambulla,2.4,26.5
2022-03-28,Nuwara Eliya,1.8,17.4
2022-03-29,Anuradhapura,0.6,27.8
2022-03-29,Badulla,2.6,23.2
2022-03-29,Dambulla,0.5,26.6
2022-03-29,Nuwara Eliya,2.2,17.1
2022-03-30,Anuradhapura,6.5,27.1
2022-03-30,Badulla,3.9,22.6
2022-03-30,Dambulla,10.6,26.0
2022-03-30,Nuwara Eliya,3.8,16.7
2022-03-31,Anuradhapura,0.8,27.7
2022-03-31,Badulla,0.3,22.7
2022-03-31,Dambulla,2.9,27.0
2022-03-31,Nuwara Eliya,1.8,16.9
2022-04-01,Anuradhapura,1.9,27.3
2022-04-01,Badulla,2.5,22.5
2022-04-01,Dambulla,0.3,26.8
2022-04-01,Nuwara Eliya,3.2,16.8
2022-04-02,Anuradhapura,11.6,26.8
2022-04-02,Badulla,9.7,22.0
2022-04-02,Dambulla,5.1,25.9
2022-04-02,Nuwara Eliya,5.4,15.8
2022-04-03,Anuradhapura,10.0,26.4
2022-04-03,Badulla,8.6,22.4
2022-04-03,Dambulla,5.0,25.3
2022-04-03,Nuwara Eliya,4.5,15.9
2022-04-04,Anuradhapura,4.1,26.3
2022-04-04,Badulla,18.8,22.2
2022-04-04,Dambulla,4.7,25.4
2022-04-04,Nuwara Eliya,4.6,16.0
2022-04-05,Anuradhapura,32.6,25.8
2022-04-05,Badulla,17.6,22.3
2022-04-05,Dambulla,14.1,24.7
2022-04-05,Nuwara Eliya,8.3,15.9
2022-04-06,Anuradhapura,3.6,25.7
2022-04-06,Badulla,19.7,21.4
2022-04-06,Dambulla,10.7,24.5
2022-04-06,Nuwara Eliya,5.9,15.8
2022-04-07,Anuradhapura,2.6,26.4
2022-04-07,Badulla,4.1,22.0
2022-04-07,Dambulla,3.8,25.4
2022-04-07,Nuwara Eliya,2.9,15.8
2022-04-08,Anuradhapura,11.3,25.3
2022-04-08,Badulla,17.2,21.5
2022-04-08,Dambulla,7.4,24.6
2022-04-08,Nuwara Eliya,31.3,15.3
2022-04-09,Anuradhapura,7.6,25.1
2022-04-09,Badulla,4.3,21.9
2022-04-09,Dambulla,8.0,24.6
2022-04-09,Nuwara Eliya,4.0,15.4
2022-04-10,Anuradhapura,9.5,25.2
2022-04-10,Badulla,9.4,21.6
2022-04-10,Dambulla,8.7,24.3
2022-04-10,Nuwara Eliya,3.9,15.5
2022-04-11,Anuradhapura,5.3,25.5
2022-04-11,Badulla,7.2,22.0
2022-04-11,Dambulla,14.6,24.9
2022-04-11,Nuwara Eliya,6.3,16.7
2022-04-12,Anuradhapura,9.1,25.5
2022-04-12,Badulla,26.2,21.9
2022-04-12,Dambulla,13.0,25.1
2022-04-12,Nuwara Eliya,9.1,16.3
2022-04-13,Anuradhapura,8.4,25.7
2022-04-13,Badulla,9.6,22.3
2022-04-13,Dambulla,7.1,25.1
2022-04-13,Nuwara Eliya,7.6,16.2
2022-04-14,Anuradhapura,2.3,26.2
2022-04-14,Badulla,9.7,22.1
2022-04-14,Dambulla,3.8,25.5
2022-04-14,Nuwara Eliya,2.3,16.1
2022-04-15,Anuradhapura,3.2,27.5
2022-04-15,Badulla,1.0,22.8
2022-04-15,Dambulla,5.7,26.5
2022-04-15,Nuwara Eliya,1.2,16.4
2022-04-16,Anuradhapura,4.0,27.6
2022-04-16,Badulla,2.4,23.5
2022-04-16,Dambulla,2.2,26.7
2022-04-16,Nuwara Eliya,1.8,17.2
2022-04-17,Anuradhapura,6.3,26.9
2022-04-17,Badulla,1.6,23.2
2022-04-17,Dambulla,6.9,26.0
2022-04-17,Nuwara Eliya,6.7,16.7
2022-04-18,Anuradhapura,3.3,27.0
2022-04-18,Badulla,2.3,22.9
2022-04-18,Dambulla,4.4,26.0
2022-04-18,Nuwara Eliya,2.2,16.3
2022-04-19,Anuradhapura,1.6,26.8
2022-04-19,Badulla,3.1,22.7
2022-04-19,Dambulla,3.8,25.9
2022-04-19,Nuwara Eliya,4.1,16.3
2022-04-20,Anuradhapura,0.7,28.0
2022-04-20,Badulla,3.4,23.5
2022-04-20,Dambulla,1.7,26.8
2022-04-20,Nuwara Eliya,1.8,17.1
2022-04-21,Anuradhapura,5.2,26.9
2022-04-21,Badulla,9.6,22.8
2022-04-21,Dambulla,2.2,25.9
2022-04-21,Nuwara Eliya,4.1,16.7
2022-04-22,Anuradhapura,26.3,25.9
2022-04-22,Badulla,32.0,21.8
2022-04-22,Dambulla,6.5,25.2
2022-04-22,Nuwara Eliya,3.5,16.1
2022-04-23,Anuradhapura,13.7,25.8
2022-04-23,Badulla,6.9,22.3
2022-04-23,Dambulla,14.3,25.0
2022-04-23,Nuwara Eliya,7.2,16.4
2022-04-24,Anuradhapura,0.5,27.4
2022-04-24,Badulla,4.8,22.8
2022-04-24,Dambulla,0.0,26.6
2022-04-24,Nuwara Eliya,6.9,16.4
2022-04-25,Anuradhapura,0.8,27.3
2022-04-25,Badulla,8.4,23.0
2022-04-25,Dambulla,4.7,26.0
2022-04-25,Nuwara Eliya,5.7,16.6
2022-04-26,Anuradhapura,0.1,28.0
2022-04-26,Badulla,6.0,23.0
2022-04-26,Dambulla,0.2,26.9
2022-04-26,Nuwara Eliya,2.8,16.3
2022-04-27,Anuradhapura,0.6,28.5
2022-04-27,Badulla,4.5,23.4
2022-04-27,Dambulla,0.0,27.2
2022-04-27,Nuwara Eliya,3.8,17.2
2022-04-28,Anuradhapura,21.2,26.8
2022-04-28,Badulla,44.2,22.3
2022-04-28,Dambulla,10.2,25.8
2022-04-28,Nuwara Eliya,10.3,16.6
2022-04-29,Anuradhapura,11.0,27.0
2022-04-29,Badulla,4.1,23.2
2022-04-29,Dambulla,6.6,26.2
2022-04-29,Nuwara Eliya,3.4,16.9
2022-04-30,Anuradhapura,1.3,27.8
2022-04-30,Badulla,2.5,23.4
2022-04-30,Dambulla,2.2,26.7
2022-04-30,Nuwara Eliya,2.0,16.6
2022-05-01,Anuradhapura,1.2,28.1
2022-05-01,Badulla,0.1,23.8
2022-05-01,Dambulla,0.0,27.2
2022-05-01,Nuwara Eliya,1.8,16.6
2022-05-02,Anuradhapura,0.0,28.5
2022-05-02,Badulla,0.0,24.1
2022-05-02,Dambulla,0.0,27.7
2022-05-02,Nuwara Eliya,0.0,17.3
2022-05-03,Anuradhapura,0.0,29.0
2022-05-03,Badulla,0.0,24.6
2022-05-03,Dambulla,0.0,28.0
2022-05-03,Nuwara Eliya,2.2,17.2
2022-05-04,Anuradhapura,1.4,28.5
2022-05-04,Badulla,0.7,24.2
2022-05-04,Dambulla,0.4,27.2
2022-05-04,Nuwara Eliya,1.2,17.1
2022-05-05,Anuradhapura,1.4,27.8
2022-05-05,Badulla,0.6,23.2
2022-05-05,Dambulla,1.0,27.0
2022-05-05,Nuwara Eliya,4.9,16.6
2022-05-06,Anuradhapura,0.5,28.0
2022-05-06,Badulla,0.0,23.9
2022-05-06,Dambulla,0.7,27.0
2022-05-06,Nuwara Eliya,2.3,16.9
2022-05-07,Anuradhapura,0.1,28.5
2022-05-07,Badulla,0.0,24.3
2022-05-07,Dambulla,0.1,27.6
2022-05-07,Nuwara Eliya,0.5,17.3
2022-05-08,Anuradhapura,0.0,28.6
2022-05-08,Badulla,0.0,24.3
2022-05-08,Dambulla,0.0,27.7
2022-05-08,Nuwara Eliya,0.0,17.3
2022-05-09,Anuradhapura,0.2,28.7
2022-05-09,Badulla,0.0,25.4
2022-05-09,Dambulla,0.1,27.4
2022-05-09,Nuwara Eliya,0.1,17.0
2022-05-10,Anuradhapura,1.8,28.1
2022-05-10,Badulla,1.2,25.7
2022-05-10,Dambulla,0.3,27.0
2022-05-10,Nuwara Eliya,1.2,16.9
2022-05-11,Anuradhapura,0.9,27.7
2022-05-11,Badulla,9.8,25.4
2022-05-11,Dambulla,1.4,26.3
2022-05-11,Nuwara Eliya,9.1,15.9
2022-05-12,Anuradhapura,0.1,27.8
2022-05-12,Badulla,0.2,25.4
2022-05-12,Dambulla,0.9,26.0
2022-05-12,Nuwara Eliya,1.8,16.2
2022-05-13,Anuradhapura,6.9,25.9
2022-05-13,Badulla,37.2,24.2
2022-05-13,Dambulla,7.2,24.6
2022-05-13,Nuwara Eliya,33.8,16.8
2022-05-14,Anuradhapura,12.1,25.8
2022-05-14,Badulla,33.2,24.0
2022-05-14,Dambulla,9.6,24.4
2022-05-14,Nuwara Eliya,36.6,16.7
2022-05-15,Anuradhapura,8.5,27.1
2022-05-15,Badulla,6.6,23.5
2022-05-15,Dambulla,16.3,24.8
2022-05-15,Nuwara Eliya,27.3,16.1
2022-05-16,Anuradhapura,1.9,27.1
2022-05-16,Badulla,8.9,24.6
2022-05-16,Dambulla,3.6,25.4
2022-05-16,Nuwara Eliya,6.3,16.7
2022-05-17,Anuradhapura,4.5,26.6
2022-05-17,Badulla,5.7,24.9
2022-05-17,Dambulla,4.3,25.4
2022-05-17,Nuwara Eliya,7.5,16.9
2022-05-18,Anuradhapura,3.4,26.6
2022-05-18,Badulla,2.9,25.1
2022-05-18,Dambulla,3.1,25.5
2022-05-18,Nuwara Eliya,7.4,16.9
2022-05-19,Anuradhapura,3.2,26.4
2022-05-19,Badulla,7.2,25.1
2022-05-19,Dambulla,4.9,25.4
2022-05-19,Nuwara Eliya,5.4,16.7
2022-05-20,Anuradhapura,0.7,27.2
2022-05-20,Badulla,7.3,24.3
2022-05-20,Dambulla,1.3,26.1
2022-05-20,Nuwara Eliya,0.9,16.7
2022-05-21,Anuradhapura,2.3,27.3
2022-05-21,Badulla,4.2,24.3
2022-05-21,Dambulla,2.3,26.0
2022-05-21,Nuwara Eliya,1.8,16.5
2022-05-22,Anuradhapura,0.5,27.7
2022-05-22,Badulla,0.6,24.3
2022-05-22,Dambulla,2.2,26.0
2022-05-22,Nuwara Eliya,1.5,16.1
2022-05-23,Anuradhapura,0.9,27.7
2022-05-23,Badulla,0.0,24.5
2022-05-23,Dambulla,1.9,26.2
2022-05-23,Nuwara Eliya,2.1,16.2
2022-05-24,Anuradhapura,1.7,26.6
2022-05-24,Badulla,24.4,24.2
2022-05-24,Dambulla,3.3,25.5
2022-05-24,Nuwara Eliya,7.7,16.4
2022-05-25,Anuradhapura,1.8,26.5
2022-05-25,Badulla,4.5,24.2
2022-05-25,Dambulla,1.9,25.8
2022-05-25,Nuwara Eliya,3.8,16.8
2022-05-26,Anuradhapura,2.0,26.8
2022-05-26,Badulla,1.5,23.8
2022-05-26,Dambulla,1.2,25.7
2022-05-26,Nuwara Eliya,3.1,16.4
2022-05-27,Anuradhapura,0.6,26.9
2022-05-27,Badulla,8.0,23.8
2022-05-27,Dambulla,0.7,25.7
2022-05-27,Nuwara Eliya,0.4,16.1
2022-05-28,Anuradhapura,0.4,26.6
2022-05-28,Badulla,6.9,24.8
2022-05-28,Dambulla,0.7,25.5
2022-05-28,Nuwara Eliya,0.4,16.2
2022-05-29,Anuradhapura,3.3,26.0
2022-05-29,Badulla,11.2,24.1
2022-05-29,Dambulla,1.5,25.0
2022-05-29,Nuwara Eliya,2.1,15.5
2022-05-30,Anuradhapura,3.9,26.2
2022-05-30,Badulla,8.0,24.2
2022-05-30,Dambulla,1.9,25.2
2022-05-30,Nuwara Eliya,2.5,16.1
2022-05-31,Anuradhapura,1.0,26.2
2022-05-31,Badulla,4.7,24.4
2022-05-31,Dambulla,1.0,24.7
2022-05-31,Nuwara Eliya,3.0,15.9
2022-06-01,Anuradhapura,0.7,26.9
2022-06-01,Badulla,2.3,24.4
2022-06-01,Dambulla,1.6,24.8
2022-06-01,Nuwara Eliya,2.2,15.6
2022-06-02,Anuradhapura,1.6,27.3
2022-06-02,Badulla,0.2,24.7
2022-06-02,Dambulla,3.3,25.5
2022-06-02,Nuwara Eliya,5.5,15.4
2022-06-03,Anuradhapura,0.6,27.4
2022-06-03,Badulla,0.0,25.2
2022-06-03,Dambulla,0.4,25.8
2022-06-03,Nuwara Eliya,1.5,16.1
2022-06-04,Anuradhapura,0.5,27.4
2022-06-04,Badulla,0.2,25.2
2022-06-04,Dambulla,0.0,26.2
2022-06-04,Nuwara Eliya,0.7,16.7
2022-06-05,Anuradhapura,1.9,27.0
2022-06-05,Badulla,2.9,25.5
2022-06-05,Dambulla,0.1,26.3
2022-06-05,Nuwara Eliya,1.6,16.5
2022-06-06,Anuradhapura,0.7,27.1
2022-06-06,Badulla,13.9,24.1
2022-06-06,Dambulla,1.3,25.8
2022-06-06,Nuwara Eliya,10.3,16.2
2022-06-07,Anuradhapura,0.4,26.7
2022-06-07,Badulla,1.3,24.7
2022-06-07,Dambulla,0.6,25.7
2022-06-07,Nuwara Eliya,0.3,16.0
2022-06-08,Anuradhapura,0.0,27.5
2022-06-08,Badulla,0.1,25.1
2022-06-08,Dambulla,0.0,26.4
2022-06-08,Nuwara Eliya,0.0,16.1
2022-06-09,Anuradhapura,0.4,27.3
2022-06-09,Badulla,10.3,24.9
2022-06-09,Dambulla,0.5,26.0
2022-06-09,Nuwara Eliya,2.3,16.3
2022-06-10,Anuradhapura,3.8,27.2
2022-06-10,Badulla,4.3,25.0
2022-06-10,Dambulla,1.0,26.4
2022-06-10,Nuwara Eliya,0.0,16.3
2022-06-11,Anuradhapura,0.8,26.8
2022-06-11,Badulla,6.9,24.5
2022-06-11,Dambulla,0.5,26.0
2022-06-11,Nuwara Eliya,0.3,15.7
2022-06-12,Anuradhapura,6.9,26.7
2022-06-12,Badulla,5.2,24.0
2022-06-12,Dambulla,1.0,25.9
2022-06-12,Nuwara Eliya,3.0,15.7
2022-06-13,Anuradhapura,0.2,27.7
2022-06-13,Badulla,1.3,24.0
2022-06-13,Dambulla,0.0,26.7
2022-06-13,Nuwara Eliya,2.7,15.9
2022-06-14,Anuradhapura,1.7,27.7
2022-06-14,Badulla,7.4,23.0
2022-06-14,Dambulla,9.8,26.5
2022-06-14,Nuwara Eliya,2.2,16.5
2022-06-15,Anuradhapura,5.1,26.6
2022-06-15,Badulla,5.3,23.0
2022-06-15,Dambulla,3.2,25.8
2022-06-15,Nuwara Eliya,10.4,15.8
2022-06-16,Anuradhapura,10.1,26.4
2022-06-16,Badulla,2.2,22.7
2022-06-16,Dambulla,8.7,25.4
2022-06-16,Nuwara Eliya,2.3,15.9
2022-06-17,Anuradhapura,6.9,26.0
2022-06-17,Badulla,4.8,22.6
2022-06-17,Dambulla,1.7,25.2
2022-06-17,Nuwara Eliya,4.6,15.8
2022-06-18,Anuradhapura,4.3,26.2
2022-06-18,Badulla,1.6,22.7
2022-06-18,Dambulla,1.6,25.7
2022-06-18,Nuwara Eliya,1.2,16.2
2022-06-19,Anuradhapura,0.2,27.2
2022-06-19,Badulla,11.3,22.3
2022-06-19,Dambulla,0.6,25.9
2022-06-19,Nuwara Eliya,4.3,15.5
2022-06-20,Anuradhapura,2.2,27.4
2022-06-20,Badulla,3.0,23.0
2022-06-20,Dambulla,0.5,26.3
2022-06-20,Nuwara Eliya,1.7,15.9
2022-06-21,Anuradhapura,3.7,27.2
2022-06-21,Badulla,6.8,23.4
2022-06-21,Dambulla,1.0,26.0
2022-06-21,Nuwara Eliya,0.2,15.6
2022-06-22,Anuradhapura,0.5,27.3
2022-06-22,Badulla,4.7,23.3
2022-06-22,Dambulla,1.7,26.0
2022-06-22,Nuwara Eliya,0.5,15.3
2022-06-23,Anuradhapura,0.9,27.6
2022-06-23,Badulla,1.7,23.1
2022-06-23,Dambulla,0.1,26.5
2022-06-23,Nuwara Eliya,2.0,15.8
2022-06-24,Anuradhapura,1.7,27.1
2022-06-24,Badulla,13.0,24.1
2022-06-24,Dambulla,0.7,25.9
2022-06-24,Nuwara Eliya,1.6,15.9
2022-06-25,Anuradhapura,0.4,27.5
2022-06-25,Badulla,2.9,24.2
2022-06-25,Dambulla,2.7,26.1
2022-06-25,Nuwara Eliya,2.1,15.3
2022-06-26,Anuradhapura,0.0,28.0
2022-06-26,Badulla,0.0,24.6
2022-06-26,Dambulla,0.0,26.5
2022-06-26,Nuwara Eliya,0.8,15.3
2022-06-27,Anuradhapura,0.0,28.1
2022-06-27,Badulla,0.0,24.1
2022-06-27,Dambulla,0.1,27.0
2022-06-27,Nuwara Eliya,0.3,15.5
2022-06-28,Anuradhapura,0.1,27.8
2022-06-28,Badulla,0.0,24.1
2022-06-28,Dambulla,0.4,26.7
2022-06-28,Nuwara Eliya,0.2,15.6
2022-06-29,Anuradhapura,0.6,28.0
2022-06-29,Badulla,2.6,24.9
2022-06-29,Dambulla,2.2,26.8
2022-06-29,Nuwara Eliya,2.5,15.9
2022-06-30,Anuradhapura,1.8,28.0
2022-06-30,Badulla,0.6,24.8
2022-06-30,Dambulla,1.1,26.5
2022-06-30,Nuwara Eliya,2.0,16.2
2022-07-01,Anuradhapura,0.1,28.2
2022-07-01,Badulla,0.0,25.1
2022-07-01,Dambulla,0.0,27.2
2022-07-01,Nuwara Eliya,0.3,16.6
2022-07-02,Anuradhapura,5.8,28.2
2022-07-02,Badulla,2.3,24.8
2022-07-02,Dambulla,0.2,27.5
2022-07-02,Nuwara Eliya,1.6,16.8
2022-07-03,Anuradhapura,14.5,27.1
2022-07-03,Badulla,7.9,25.0
2022-07-03,Dambulla,3.2,25.8
2022-07-03,Nuwara Eliya,23.5,16.2
2022-07-04,Anuradhapura,0.0,28.1
2022-07-04,Badulla,0.0,25.1
2022-07-04,Dambulla,0.0,26.8
2022-07-04,Nuwara Eliya,4.6,15.1
2022-07-05,Anuradhapura,0.7,27.6
2022-07-05,Badulla,0.4,24.8
2022-07-05,Dambulla,0.5,26.5
2022-07-05,Nuwara Eliya,14.2,15.1
2022-07-06,Anuradhapura,0.0,28.0
2022-07-06,Badulla,0.0,25.2
2022-07-06,Dambulla,0.4,26.9
2022-07-06,Nuwara Eliya,5.2,15.1
2022-07-07,Anuradhapura,0.0,27.5
2022-07-07,Badulla,0.0,25.5
2022-07-07,Dambulla,0.1,26.7
2022-07-07,Nuwara Eliya,1.7,15.1
2022-07-08,Anuradhapura,0.2,28.2
2022-07-08,Badulla,0.2,25.3
2022-07-08,Dambulla,0.1,27.4
2022-07-08,Nuwara Eliya,1.4,15.6
2022-07-09,Anuradhapura,0.0,27.8
2022-07-09,Badulla,0.0,24.7
2022-07-09,Dambulla,0.1,26.4
2022-07-09,Nuwara Eliya,6.2,14.6
2022-07-10,Anuradhapura,1.0,27.6
2022-07-10,Badulla,0.0,25.8
2022-07-10,Dambulla,0.1,26.2
2022-07-10,Nuwara Eliya,5.3,14.6
2022-07-11,Anuradhapura,0.6,27.4
2022-07-11,Badulla,2.6,24.4
2022-07-11,Dambulla,2.3,25.7
2022-07-11,Nuwara Eliya,14.3,14.3
2022-07-12,Anuradhapura,0.0,27.7
2022-07-12,Badulla,0.0,25.9
2022-07-12,Dambulla,0.0,26.4
2022-07-12,Nuwara Eliya,0.3,14.8
2022-07-13,Anuradhapura,0.4,27.5
2022-07-13,Badulla,0.0,25.8
2022-07-13,Dambulla,2.2,25.8
2022-07-13,Nuwara Eliya,3.2,14.4
2022-07-14,Anuradhapura,1.0,27.2
2022-07-14,Badulla,0.0,26.2
2022-07-14,Dambulla,2.3,25.4
2022-07-14,Nuwara Eliya,6.4,14.6
2022-07-15,Anuradhapura,0.3,27.7
2022-07-15,Badulla,0.0,26.1
2022-07-15,Dambulla,0.9,26.4
2022-07-15,Nuwara Eliya,1.7,15.3
2022-07-16,Anuradhapura,0.4,27.7
2022-07-16,Badulla,0.0,26.1
2022-07-16,Dambulla,0.1,26.9
2022-07-16,Nuwara Eliya,0.7,15.6
2022-07-17,Anuradhapura,0.1,27.9
2022-07-17,Badulla,1.5,25.3
2022-07-17,Dambulla,0.0,27.4
2022-07-17,Nuwara Eliya,1.5,16.6
2022-07-18,Anuradhapura,2.9,27.6
2022-07-18,Badulla,1.3,24.3
2022-07-18,Dambulla,6.7,26.7
2022-07-18,Nuwara Eliya,4.2,16.7
2022-07-19,Anuradhapura,12.7,27.5
2022-07-19,Badulla,13.3,24.4
2022-07-19,Dambulla,14.8,27.1
2022-07-19,Nuwara Eliya,3.3,16.6
2022-07-20,Anuradhapura,4.0,27.3
2022-07-20,Badulla,2.3,24.3
2022-07-20,Dambulla,0.5,26.3
2022-07-20,Nuwara Eliya,3.1,16.6
2022-07-21,Anuradhapura,3.1,27.5
2022-07-21,Badulla,9.9,23.8
2022-07-21,Dambulla,4.7,26.6
2022-07-21,Nuwara Eliya,9.6,16.5
2022-07-22,Anuradhapura,3.0,27.3
2022-07-22,Badulla,3.5,23.9
2022-07-22,Dambulla,1.1,25.9
2022-07-22,Nuwara Eliya,5.4,16.1
2022-07-23,Anuradhapura,1.8,27.0
2022-07-23,Badulla,0.0,24.8
2022-07-23,Dambulla,3.2,25.6
2022-07-23,Nuwara Eliya,2.3,15.5
2022-07-24,Anuradhapura,0.7,27.0
2022-07-24,Badulla,0.2,24.4
2022-07-24,Dambulla,0.0,25.4
2022-07-24,Nuwara Eliya,0.2,15.1
2022-07-25,Anuradhapura,8.8,26.6
2022-07-25,Badulla,2.6,24.1
2022-07-25,Dambulla,12.4,26.2
2022-07-25,Nuwara Eliya,1.1,16.5
2022-07-26,Anuradhapura,14.9,25.9
2022-07-26,Badulla,3.8,23.1
2022-07-26,Dambulla,1.8,25.7
2022-07-26,Nuwara Eliya,4.0,16.1
2022-07-27,Anuradhapura,10.5,26.2
2022-07-27,Badulla,5.7,22.3
2022-07-27,Dambulla,16.4,25.3
2022-07-27,Nuwara Eliya,9.3,16.1
2022-07-28,Anuradhapura,0.8,25.8
2022-07-28,Badulla,2.1,22.1
2022-07-28,Dambulla,5.4,24.9
2022-07-28,Nuwara Eliya,4.7,15.8
2022-07-29,Anuradhapura,2.4,25.7
2022-07-29,Badulla,6.0,22.2
2022-07-29,Dambulla,2.6,25.0
2022-07-29,Nuwara Eliya,6.3,15.9
2022-07-30,Anuradhapura,4.9,27.0
2022-07-30,Badulla,4.7,22.6
2022-07-30,Dambulla,2.7,26.1
2022-07-30,Nuwara Eliya,1.8,15.6
2022-07-31,Anuradhapura,0.9,27.0
2022-07-31,Badulla,3.1,22.7
2022-07-31,Dambulla,3.6,25.4
2022-07-31,Nuwara Eliya,4.6,15.9
2022-08-01,Anuradhapura,4.7,25.8
2022-08-01,Badulla,24.6,22.8
2022-08-01,Dambulla,4.6,24.5
2022-08-01,Nuwara Eliya,44.9,15.0
2022-08-02,Anuradhapura,2.3,26.1
2022-08-02,Badulla,3.0,22.7
2022-08-02,Dambulla,6.3,23.9
2022-08-02,Nuwara Eliya,24.1,14.9
2022-08-03,Anuradhapura,4.1,26.0
2022-08-03,Badulla,1.5,23.3
2022-08-03,Dambulla,8.6,23.7
2022-08-03,Nuwara Eliya,35.7,15.0
2022-08-04,Anuradhapura,3.0,26.1
2022-08-04,Badulla,1.6,23.5
2022-08-04,Dambulla,7.8,24.1
2022-08-04,Nuwara Eliya,24.6,14.9
2022-08-05,Anuradhapura,16.8,25.9
2022-08-05,Badulla,0.6,23.8
2022-08-05,Dambulla,2.8,24.8
2022-08-05,Nuwara Eliya,12.6,14.5
2022-08-06,Anuradhapura,0.0,26.6
2022-08-06,Badulla,0.0,23.8
2022-08-06,Dambulla,2.9,25.0
2022-08-06,Nuwara Eliya,2.8,14.7
2022-08-07,Anuradhapura,0.3,26.7
2022-08-07,Badulla,0.0,23.5
2022-08-07,Dambulla,0.9,25.3
2022-08-07,Nuwara Eliya,0.5,14.5
2022-08-08,Anuradhapura,0.1,26.9
2022-08-08,Badulla,0.0,24.4
2022-08-08,Dambulla,0.2,25.5
2022-08-08,Nuwara Eliya,2.4,14.2
2022-08-09,Anuradhapura,0.0,26.8
2022-08-09,Badulla,0.0,24.3
2022-08-09,Dambulla,0.0,25.8
2022-08-09,Nuwara Eliya,0.2,14.7
2022-08-10,Anuradhapura,0.0,26.9
2022-08-10,Badulla,0.0,23.6
2022-08-10,Dambulla,0.0,26.0
2022-08-10,Nuwara Eliya,0.0,15.3
2022-08-11,Anuradhapura,0.0,27.5
2022-08-11,Badulla,0.0,24.7
2022-08-11,Dambulla,0.0,26.6
2022-08-11,Nuwara Eliya,0.0,15.5
2022-08-12,Anuradhapura,0.0,27.9
2022-08-12,Badulla,0.9,24.6
2022-08-12,Dambulla,0.0,26.8
2022-08-12,Nuwara Eliya,0.9,15.4
2022-08-13,Anuradhapura,2.3,27.9
2022-08-13,Badulla,1.0,24.5
2022-08-13,Dambulla,0.4,26.9
2022-08-13,Nuwara Eliya,1.6,16.2
2022-08-14,Anuradhapura,0.9,28.0
2022-08-14,Badulla,1.1,24.5
2022-08-14,Dambulla,2.2,26.9
2022-08-14,Nuwara Eliya,3.3,16.0
2022-08-15,Anuradhapura,1.7,28.1
2022-08-15,Badulla,1.8,24.1
2022-08-15,Dambulla,1.7,26.7
2022-08-15,Nuwara Eliya,2.8,16.5
2022-08-16,Anuradhapura,1.3,28.1
2022-08-16,Badulla,0.7,25.2
2022-08-16,Dambulla,1.3,26.9
2022-08-16,Nuwara Eliya,2.6,16.6
2022-08-17,Anuradhapura,0.1,27.6
2022-08-17,Badulla,1.3,24.9
2022-08-17,Dambulla,0.4,26.6
2022-08-17,Nuwara Eliya,1.6,16.4
2022-08-18,Anuradhapura,1.3,27.1
2022-08-18,Badulla,1.7,24.7
2022-08-18,Dambulla,0.7,26.5
2022-08-18,Nuwara Eliya,4.1,16.0
2022-08-19,Anuradhapura,1.3,27.6
2022-08-19,Badulla,1.8,25.0
2022-08-19,Dambulla,0.4,26.5
2022-08-19,Nuwara Eliya,1.0,15.9
2022-08-20,Anuradhapura,7.6,27.7
2022-08-20,Badulla,0.9,24.6
2022-08-20,Dambulla,0.4,26.7
2022-08-20,Nuwara Eliya,1.1,16.1
2022-08-21,Anuradhapura,1.2,27.5
2022-08-21,Badulla,0.3,25.1
2022-08-21,Dambulla,0.0,26.6
2022-08-21,Nuwara Eliya,0.0,15.6
2022-08-22,Anuradhapura,2.0,27.0
2022-08-22,Badulla,10.7,24.7
2022-08-22,Dambulla,3.4,25.1
2022-08-22,Nuwara Eliya,3.6,15.6
2022-08-23,Anuradhapura,1.1,27.2
2022-08-23,Badulla,0.0,25.0
2022-08-23,Dambulla,1.1,25.7
2022-08-23,Nuwara Eliya,2.9,15.2
2022-08-24,Anuradhapura,26.3,26.2
2022-08-24,Badulla,3.3,24.3
2022-08-24,Dambulla,3.9,25.1
2022-08-24,Nuwara Eliya,3.8,15.0
2022-08-25,Anuradhapura,3.0,26.2
2022-08-25,Badulla,1.0,24.7
2022-08-25,Dambulla,2.7,25.6
2022-08-25,Nuwara Eliya,1.1,15.4
2022-08-26,Anuradhapura,13.4,26.0
2022-08-26,Badulla,1.4,23.4
2022-08-26,Dambulla,5.1,25.3
2022-08-26,Nuwara Eliya,8.7,15.6
2022-08-27,Anuradhapura,1.0,26.3
2022-08-27,Badulla,7.1,24.0
2022-08-27,Dambulla,1.2,24.8
2022-08-27,Nuwara Eliya,1.8,15.5
2022-08-28,Anuradhapura,5.4,26.6
2022-08-28,Badulla,0.1,24.3
2022-08-28,Dambulla,0.2,25.6
2022-08-28,Nuwara Eliya,0.4,14.9
2022-08-29,Anuradhapura,5.2,26.5
2022-08-29,Badulla,1.7,23.7
2022-08-29,Dambulla,0.9,25.8
2022-08-29,Nuwara Eliya,2.0,15.8
2022-08-30,Anuradhapura,22.4,26.2
2022-08-30,Badulla,36.2,22.8
2022-08-30,Dambulla,40.9,25.2
2022-08-30,Nuwara Eliya,16.3,15.9
2022-08-31,Anuradhapura,9.4,25.0
2022-08-31,Badulla,18.9,21.8
2022-08-31,Dambulla,9.0,23.9
2022-08-31,Nuwara Eliya,30.5,15.2
2022-09-01,Anuradhapura,8.7,24.1
2022-09-01,Badulla,13.6,22.3
2022-09-01,Dambulla,9.5,23.3
2022-09-01,Nuwara Eliya,4.8,14.9
2022-09-02,Anuradhapura,1.4,25.8
2022-09-02,Badulla,5.3,22.9
2022-09-02,Dambulla,0.9,25.0
2022-09-02,Nuwara Eliya,3.0,15.3
2022-09-03,Anuradhapura,4.3,26.3
2022-09-03,Badulla,12.5,22.7
2022-09-03,Dambulla,2.0,25.0
2022-09-03,Nuwara Eliya,4.1,15.3
2022-09-04,Anuradhapura,4.7,26.0
2022-09-04,Badulla,5.0,22.8
2022-09-04,Dambulla,7.9,25.0
2022-09-04,Nuwara Eliya,5.8,16.2
2022-09-05,Anuradhapura,3.8,26.1
2022-09-05,Badulla,9.1,22.3
2022-09-05,Dambulla,9.0,24.6
2022-09-05,Nuwara Eliya,21.7,16.2
2022-09-06,Anuradhapura,1.3,26.2
2022-09-06,Badulla,2.8,22.8
2022-09-06,Dambulla,1.4,24.4
2022-09-06,Nuwara Eliya,5.4,14.0
2022-09-07,Anuradhapura,0.5,26.5
2022-09-07,Badulla,0.1,23.7
2022-09-07,Dambulla,0.6,25.2
2022-09-07,Nuwara Eliya,2.8,14.8
2022-09-08,Anuradhapura,0.0,26.6
2022-09-08,Badulla,0.0,23.6
2022-09-08,Dambulla,0.1,25.5
2022-09-08,Nuwara Eliya,0.0,14.8
2022-09-09,Anuradhapura,0.5,26.9
2022-09-09,Badulla,0.0,23.6
2022-09-09,Dambulla,0.7,25.9
2022-09-09,Nuwara Eliya,0.5,14.8
2022-09-10,Anuradhapura,0.1,27.0
2022-09-10,Badulla,0.0,24.0
2022-09-10,Dambulla,0.1,25.9
2022-09-10,Nuwara Eliya,0.2,15.1
2022-09-11,Anuradhapura,0.2,27.0
2022-09-11,Badulla,0.0,23.7
2022-09-11,Dambulla,0.0,26.0
2022-09-11,Nuwara Eliya,0.0,15.3
2022-09-12,Anuradhapura,0.1,27.0
2022-09-12,Badulla,0.5,23.3
2022-09-12,Dambulla,0.3,25.9
2022-09-12,Nuwara Eliya,0.0,15.4
2022-09-13,Anuradhapura,0.3,27.0
2022-09-13,Badulla,0.1,23.5
2022-09-13,Dambulla,0.2,26.2
2022-09-13,Nuwara Eliya,0.2,15.9
2022-09-14,Anuradhapura,1.0,27.0
2022-09-14,Badulla,0.0,24.1
2022-09-14,Dambulla,0.3,26.1
2022-09-14,Nuwara Eliya,0.4,16.1
2022-09-15,Anuradhapura,0.4,27.1
2022-09-15,Badulla,1.4,23.8
2022-09-15,Dambulla,1.6,25.9
2022-09-15,Nuwara Eliya,1.0,15.9
2022-09-16,Anuradhapura,0.0,27.1
2022-09-16,Badulla,0.0,24.0
2022-09-16,Dambulla,0.0,26.2
2022-09-16,Nuwara Eliya,0.0,15.9
2022-09-17,Anuradhapura,0.0,27.0
2022-09-17,Badulla,0.0,24.3
2022-09-17,Dambulla,0.0,26.2
2022-09-17,Nuwara Eliya,0.3,16.5
2022-09-18,Anuradhapura,0.0,27.1
2022-09-18,Badulla,0.3,24.4
2022-09-18,Dambulla,0.0,26.1
2022-09-18,Nuwara Eliya,0.2,15.6
2022-09-19,Anuradhapura,0.3,27.1
2022-09-19,Badulla,0.3,24.5
2022-09-19,Dambulla,1.0,26.0
2022-09-19,Nuwara Eliya,0.1,15.6
2022-09-20,Anuradhapura,0.0,27.6
2022-09-20,Badulla,0.7,25.1
2022-09-20,Dambulla,0.0,26.3
2022-09-20,Nuwara Eliya,0.5,15.8
2022-09-21,Anuradhapura,0.0,27.6
2022-09-21,Badulla,0.6,24.7
2022-09-21,Dambulla,0.0,26.6
2022-09-21,Nuwara Eliya,0.7,15.9
2022-09-22,Anuradhapura,0.1,27.7
2022-09-22,Badulla,0.5,24.7
2022-09-22,Dambulla,0.0,26.6
2022-09-22,Nuwara Eliya,1.0,15.5
2022-09-23,Anuradhapura,0.0,27.8
2022-09-23,Badulla,1.1,24.6
2022-09-23,Dambulla,0.0,26.6
2022-09-23,Nuwara Eliya,0.5,15.4
2022-09-24,Anuradhapura,0.0,28.2
2022-09-24,Badulla,0.7,24.4
2022-09-24,Dambulla,0.0,27.0
2022-09-24,Nuwara Eliya,0.0,15.2
2022-09-25,Anuradhapura,3.2,27.6
2022-09-25,Badulla,6.6,24.0
2022-09-25,Dambulla,12.5,26.8
2022-09-25,Nuwara Eliya,3.8,16.3
2022-09-26,Anuradhapura,3.4,27.4
2022-09-26,Badulla,18.6,23.9
2022-09-26,Dambulla,4.0,26.4
2022-09-26,Nuwara Eliya,17.9,15.7
2022-09-27,Anuradhapura,9.0,27.4
2022-09-27,Badulla,0.9,23.7
2022-09-27,Dambulla,1.8,26.9
2022-09-27,Nuwara Eliya,2.6,15.8
2022-09-28,Anuradhapura,1.7,27.4
2022-09-28,Badulla,2.4,23.8
2022-09-28,Dambulla,0.0,26.6
2022-09-28,Nuwara Eliya,6.0,15.2
2022-09-29,Anuradhapura,0.3,27.7
2022-09-29,Badulla,2.7,24.4
2022-09-29,Dambulla,0.1,26.6
2022-09-29,Nuwara Eliya,1.1,15.8
2022-09-30,Anuradhapura,0.8,27.1
2022-09-30,Badulla,0.3,25.7
2022-09-30,Dambulla,1.4,25.8
2022-09-30,Nuwara Eliya,0.7,15.7
2022-10-01,Anuradhapura,1.8,27.0
2022-10-01,Badulla,1.9,24.7
2022-10-01,Dambulla,3.7,24.7
2022-10-01,Nuwara Eliya,11.0,14.8
2022-10-02,Anuradhapura,0.7,27.2
2022-10-02,Badulla,2.2,24.7
2022-10-02,Dambulla,4.7,24.8
2022-10-02,Nuwara Eliya,17.9,15.3
2022-10-03,Anuradhapura,0.8,27.4
2022-10-03,Badulla,0.9,25.3
2022-10-03,Dambulla,1.7,24.9
2022-10-03,Nuwara Eliya,4.1,15.2
2022-10-04,Anuradhapura,0.5,27.7
2022-10-04,Badulla,0.0,25.5
2022-10-04,Dambulla,1.5,25.8
2022-10-04,Nuwara Eliya,0.2,15.9
2022-10-05,Anuradhapura,5.6,27.2
2022-10-05,Badulla,1.2,24.9
2022-10-05,Dambulla,0.8,26.0
2022-10-05,Nuwara Eliya,0.4,15.2
2022-10-06,Anuradhapura,0.1,27.0
2022-10-06,Badulla,0.4,25.2
2022-10-06,Dambulla,0.2,25.7
2022-10-06,Nuwara Eliya,0.5,15.0
2022-10-07,Anuradhapura,0.7,27.2
2022-10-07,Badulla,0.1,24.6
2022-10-07,Dambulla,0.8,26.4
2022-10-07,Nuwara Eliya,0.0,14.9
2022-10-08,Anuradhapura,15.4,26.1
2022-10-08,Badulla,3.9,23.6
2022-10-08,Dambulla,11.0,25.9
2022-10-08,Nuwara Eliya,1.9,15.5
2022-10-09,Anuradhapura,16.5,25.6
2022-10-09,Badulla,6.2,23.2
2022-10-09,Dambulla,10.0,25.2
2022-10-09,Nuwara Eliya,11.4,15.4
2022-10-10,Anuradhapura,18.4,25.9
2022-10-10,Badulla,32.1,23.0
2022-10-10,Dambulla,12.5,25.5
2022-10-10,Nuwara Eliya,17.2,15.9
2022-10-11,Anuradhapura,2.0,26.4
2022-10-11,Badulla,9.7,22.6
2022-10-11,Dambulla,2.1,25.5
2022-10-11,Nuwara Eliya,4.4,15.5
2022-10-12,Anuradhapura,12.1,25.8
2022-10-12,Badulla,16.0,21.9
2022-10-12,Dambulla,6.4,25.1
2022-10-12,Nuwara Eliya,6.3,15.3
2022-10-13,Anuradhapura,25.9,25.2
2022-10-13,Badulla,13.9,21.5
2022-10-13,Dambulla,20.2,24.8
2022-10-13,Nuwara Eliya,27.4,15.8
2022-10-14,Anuradhapura,14.2,25.0
2022-10-14,Badulla,18.7,21.9
2022-10-14,Dambulla,4.6,24.2
2022-10-14,Nuwara Eliya,14.8,15.8
2022-10-15,Anuradhapura,4.1,24.8
2022-10-15,Badulla,12.1,21.6
2022-10-15,Dambulla,10.6,24.1
2022-10-15,Nuwara Eliya,3.6,15.5
2022-10-16,Anuradhapura,6.4,25.3
2022-10-16,Badulla,6.2,21.8
2022-10-16,Dambulla,9.0,24.4
2022-10-16,Nuwara Eliya,3.2,15.7
2022-10-17,Anuradhapura,14.5,24.9
2022-10-17,Badulla,10.9,21.8
2022-10-17,Dambulla,2.3,24.2
2022-10-17,Nuwara Eliya,11.0,15.6
2022-10-18,Anuradhapura,17.4,24.6
2022-10-18,Badulla,5.6,22.3
2022-10-18,Dambulla,8.6,23.7
2022-10-18,Nuwara Eliya,5.0,15.3
2022-10-19,Anuradhapura,8.9,26.1
2022-10-19,Badulla,0.8,23.1
2022-10-19,Dambulla,6.4,25.1
2022-10-19,Nuwara Eliya,3.0,15.8
2022-10-20,Anuradhapura,16.3,25.1
2022-10-20,Badulla,3.8,22.7
2022-10-20,Dambulla,6.2,23.6
2022-10-20,Nuwara Eliya,4.8,15.2
2022-10-21,Anuradhapura,16.6,24.4
2022-10-21,Badulla,14.1,21.5
2022-10-21,Dambulla,13.5,23.2
2022-10-21,Nuwara Eliya,10.7,15.5
2022-10-22,Anuradhapura,0.7,25.3
2022-10-22,Badulla,2.7,22.0
2022-10-22,Dambulla,1.0,24.3
2022-10-22,Nuwara Eliya,2.7,15.6
2022-10-23,Anuradhapura,12.8,25.0
2022-10-23,Badulla,3.2,22.3
2022-10-23,Dambulla,6.8,24.0
2022-10-23,Nuwara Eliya,3.0,15.6
2022-10-24,Anuradhapura,2.6,25.1
2022-10-24,Badulla,2.7,21.8
2022-10-24,Dambulla,0.9,24.2
2022-10-24,Nuwara Eliya,3.8,15.5
2022-10-25,Anuradhapura,3.3,25.6
2022-10-25,Badulla,3.1,22.1
2022-10-25,Dambulla,6.2,25.0
2022-10-25,Nuwara Eliya,3.5,15.9
2022-10-26,Anuradhapura,0.9,26.4
2022-10-26,Badulla,4.7,21.9
2022-10-26,Dambulla,2.7,25.3
2022-10-26,Nuwara Eliya,2.6,15.3
2022-10-27,Anuradhapura,0.0,26.1
2022-10-27,Badulla,3.2,21.8
2022-10-27,Dambulla,0.6,25.4
2022-10-27,Nuwara Eliya,4.3,14.8
2022-10-28,Anuradhapura,0.3,25.7
2022-10-28,Badulla,0.0,22.2
2022-10-28,Dambulla,0.3,25.2
2022-10-28,Nuwara Eliya,0.0,15.4
2022-10-29,Anuradhapura,4.6,25.0
2022-10-29,Badulla,0.6,22.0
2022-10-29,Dambulla,0.3,25.2
2022-10-29,Nuwara Eliya,2.4,14.9
2022-10-30,Anuradhapura,16.2,24.5
2022-10-30,Badulla,11.1,21.4
2022-10-30,Dambulla,11.4,24.0
2022-10-30,Nuwara Eliya,8.0,15.1
2022-10-31,Anuradhapura,14.2,24.7
2022-10-31,Badulla,11.5,22.0
2022-10-31,Dambulla,17.9,24.3
2022-10-31,Nuwara Eliya,31.0,16.0
2022-11-01,Anuradhapura,22.6,24.4
2022-11-01,Badulla,15.8,21.9
2022-11-01,Dambulla,34.3,23.4
2022-11-01,Nuwara Eliya,24.6,15.6
2022-11-02,Anuradhapura,15.7,24.9
2022-11-02,Badulla,13.8,21.7
2022-11-02,Dambulla,8.6,24.1
2022-11-02,Nuwara Eliya,1.7,15.6
2022-11-03,Anuradhapura,13.3,24.8
2022-11-03,Badulla,7.8,21.6
2022-11-03,Dambulla,5.8,23.8
2022-11-03,Nuwara Eliya,2.4,15.5
2022-11-04,Anuradhapura,17.2,24.5
2022-11-04,Badulla,14.1,21.5
2022-11-04,Dambulla,16.2,24.0
2022-11-04,Nuwara Eliya,3.7,15.5
2022-11-05,Anuradhapura,7.6,24.4
2022-11-05,Badulla,42.6,21.0
2022-11-05,Dambulla,28.0,23.6
2022-11-05,Nuwara Eliya,34.1,15.1
2022-11-06,Anuradhapura,0.0,25.7
2022-11-06,Badulla,5.9,21.6
2022-11-06,Dambulla,0.2,24.6
2022-11-06,Nuwara Eliya,2.1,14.9
2022-11-07,Anuradhapura,16.9,24.7
2022-11-07,Badulla,23.6,20.5
2022-11-07,Dambulla,12.9,23.4
2022-11-07,Nuwara Eliya,6.9,14.2
2022-11-08,Anuradhapura,8.6,25.2
2022-11-08,Badulla,8.3,21.2
2022-11-08,Dambulla,15.4,23.7
2022-11-08,Nuwara Eliya,4.9,15.0
2022-11-09,Anuradhapura,3.5,24.4
2022-11-09,Badulla,14.7,20.9
2022-11-09,Dambulla,6.8,23.0
2022-11-09,Nuwara Eliya,4.2,15.3
2022-11-10,Anuradhapura,1.8,25.1
2022-11-10,Badulla,1.0,21.3
2022-11-10,Dambulla,3.3,24.1
2022-11-10,Nuwara Eliya,0.3,14.9
2022-11-11,Anuradhapura,40.7,23.9
2022-11-11,Badulla,11.7,22.1
2022-11-11,Dambulla,59.5,23.0
2022-11-11,Nuwara Eliya,19.7,15.6
2022-11-12,Anuradhapura,14.1,24.7
2022-11-12,Badulla,26.2,21.5
2022-11-12,Dambulla,10.5,24.0
2022-11-12,Nuwara Eliya,2.6,15.8
2022-11-13,Anuradhapura,15.6,24.7
2022-11-13,Badulla,10.8,21.4
2022-11-13,Dambulla,19.7,23.8
2022-11-13,Nuwara Eliya,10.9,15.7
2022-11-14,Anuradhapura,11.2,24.3
2022-11-14,Badulla,12.5,21.1
2022-11-14,Dambulla,8.5,23.3
2022-11-14,Nuwara Eliya,5.9,15.2
2022-11-15,Anuradhapura,2.4,24.9
2022-11-15,Badulla,0.6,21.5
2022-11-15,Dambulla,1.4,24.1
2022-11-15,Nuwara Eliya,1.3,15.0
2022-11-16,Anuradhapura,0.5,25.5
2022-11-16,Badulla,3.7,21.6
2022-11-16,Dambulla,0.9,24.6
2022-11-16,Nuwara Eliya,2.5,14.8
2022-11-17,Anuradhapura,0.0,24.9
2022-11-17,Badulla,0.0,21.0
2022-11-17,Dambulla,0.0,23.9
2022-11-17,Nuwara Eliya,0.0,14.7
2022-11-18,Anuradhapura,0.0,24.4
2022-11-18,Badulla,0.0,20.3
2022-11-18,Dambulla,0.0,23.8
2022-11-18,Nuwara Eliya,0.0,13.7
2022-11-19,Anuradhapura,0.0,24.6
2022-11-19,Badulla,0.1,20.4
2022-11-19,Dambulla,2.6,23.4
2022-11-19,Nuwara Eliya,0.9,13.2
2022-11-20,Anuradhapura,0.0,24.5
2022-11-20,Badulla,0.3,21.4
2022-11-20,Dambulla,0.1,24.1
2022-11-20,Nuwara Eliya,0.0,14.5
2022-11-21,Anuradhapura,0.0,24.8
2022-11-21,Badulla,0.0,21.6
2022-11-21,Dambulla,0.0,23.8
2022-11-21,Nuwara Eliya,0.0,14.3
2022-11-22,Anuradhapura,0.0,25.4
2022-11-22,Badulla,0.4,22.1
2022-11-22,Dambulla,0.0,24.8
2022-11-22,Nuwara Eliya,0.0,15.6
2022-11-23,Anuradhapura,0.1,25.4
2022-11-23,Badulla,0.0,21.4
2022-11-23,Dambulla,0.0,24.9
2022-11-23,Nuwara Eliya,0.1,14.1
2022-11-24,Anuradhapura,0.0,25.6
2022-11-24,Badulla,0.9,22.1
2022-11-24,Dambulla,0.0,24.9
2022-11-24,Nuwara Eliya,0.0,14.6
2022-11-25,Anuradhapura,0.0,25.5
2022-11-25,Badulla,0.7,21.9
2022-11-25,Dambulla,0.0,25.1
2022-11-25,Nuwara Eliya,0.0,15.1
2022-11-26,Anuradhapura,0.0,26.0
2022-11-26,Badulla,1.0,22.1
2022-11-26,Dambulla,2.0,25.4
2022-11-26,Nuwara Eliya,0.4,15.1
2022-11-27,Anuradhapura,1.4,25.8
2022-11-27,Badulla,2.1,21.6
2022-11-27,Dambulla,1.3,25.0
2022-11-27,Nuwara Eliya,1.8,15.0
2022-11-28,Anuradhapura,0.8,26.0
2022-11-28,Badulla,0.6,22.7
2022-11-28,Dambulla,0.8,25.5
2022-11-28,Nuwara Eliya,5.4,15.4
2022-11-29,Anuradhapura,0.0,26.1
2022-11-29,Badulla,2.1,21.9
2022-11-29,Dambulla,0.1,25.2
2022-11-29,Nuwara Eliya,2.3,15.2
2022-11-30,Anuradhapura,0.9,25.2
2022-11-30,Badulla,0.5,21.8
2022-11-30,Dambulla,0.4,24.4
2022-11-30,Nuwara Eliya,0.0,15.0
2022-12-01,Anuradhapura,2.4,25.6
2022-12-01,Badulla,3.6,21.4
2022-12-01,Dambulla,1.2,24.7
2022-12-01,Nuwara Eliya,1.8,15.4
2022-12-02,Anuradhapura,9.0,25.0
2022-12-02,Badulla,21.2,21.3
2022-12-02,Dambulla,11.7,24.2
2022-12-02,Nuwara Eliya,3.0,15.1
2022-12-03,Anuradhapura,6.1,24.8
2022-12-03,Badulla,11.4,21.0
2022-12-03,Dambulla,6.8,23.7
2022-12-03,Nuwara Eliya,5.3,15.0
2022-12-04,Anuradhapura,18.5,24.8
2022-12-04,Badulla,44.7,20.9
2022-12-04,Dambulla,19.9,23.8
2022-12-04,Nuwara Eliya,10.3,14.8
2022-12-05,Anuradhapura,2.2,24.9
2022-12-05,Badulla,5.7,21.4
2022-12-05,Dambulla,2.3,23.9
2022-12-05,Nuwara Eliya,1.7,14.7
2022-12-06,Anuradhapura,0.9,25.1
2022-12-06,Badulla,1.4,21.4
2022-12-06,Dambulla,1.4,24.2
2022-12-06,Nuwara Eliya,0.8,15.0
2022-12-07,Anuradhapura,0.9,24.3
2022-12-07,Badulla,0.1,21.1
2022-12-07,Dambulla,0.9,23.3
2022-12-07,Nuwara Eliya,0.2,14.0
2022-12-08,Anuradhapura,15.8,23.0
2022-12-08,Badulla,0.6,21.0
2022-12-08,Dambulla,10.4,21.7
2022-12-08,Nuwara Eliya,2.9,12.9
2022-12-09,Anuradhapura,35.9,22.6
2022-12-09,Badulla,0.0,20.4
2022-12-09,Dambulla,16.7,22.5
2022-12-09,Nuwara Eliya,1.8,12.7
2022-12-10,Anuradhapura,1.4,25.1
2022-12-10,Badulla,1.5,21.4
2022-12-10,Dambulla,0.8,24.3
2022-12-10,Nuwara Eliya,6.1,14.5
2022-12-11,Anuradhapura,3.3,24.9
2022-12-11,Badulla,2.1,21.4
2022-12-11,Dambulla,16.9,24.0
2022-12-11,Nuwara Eliya,4.5,13.9
2022-12-12,Anuradhapura,17.7,24.4
2022-12-12,Badulla,0.4,20.5
2022-12-12,Dambulla,9.7,23.7
2022-12-12,Nuwara Eliya,2.7,13.7
2022-12-13,Anuradhapura,1.9,24.9
2022-12-13,Badulla,0.3,21.1
2022-12-13,Dambulla,0.0,24.5
2022-12-13,Nuwara Eliya,0.0,14.2
2022-12-14,Anuradhapura,0.3,25.3
2022-12-14,Badulla,5.2,21.1
2022-12-14,Dambulla,0.2,24.5
2022-12-14,Nuwara Eliya,3.9,14.5
2022-12-15,Anuradhapura,0.6,24.9
2022-12-15,Badulla,3.4,21.0
2022-12-15,Dambulla,3.0,23.7
2022-12-15,Nuwara Eliya,1.3,14.3
2022-12-16,Anuradhapura,0.2,24.8
2022-12-16,Badulla,5.0,20.0
2022-12-16,Dambulla,1.1,23.5
2022-12-16,Nuwara Eliya,1.5,14.0
2022-12-17,Anuradhapura,1.5,24.3
2022-12-17,Badulla,17.8,20.2
2022-12-17,Dambulla,4.0,23.1
2022-12-17,Nuwara Eliya,8.5,13.7
2022-12-18,Anuradhapura,4.7,24.4
2022-12-18,Badulla,33.3,19.9
2022-12-18,Dambulla,10.4,22.9
2022-12-18,Nuwara Eliya,13.4,13.7
2022-12-19,Anuradhapura,28.2,23.3
2022-12-19,Badulla,38.3,20.3
2022-12-19,Dambulla,30.4,22.4
2022-12-19,Nuwara Eliya,26.1,14.6
2022-12-20,Anuradhapura,1.9,25.1
2022-12-20,Badulla,16.1,20.9
2022-12-20,Dambulla,5.0,23.4
2022-12-20,Nuwara Eliya,6.4,14.7
2022-12-21,Anuradhapura,8.4,23.8
2022-12-21,Badulla,7.2,20.9
2022-12-21,Dambulla,5.6,23.2
2022-12-21,Nuwara Eliya,2.9,15.0
2022-12-22,Anuradhapura,0.8,24.4
2022-12-22,Badulla,3.4,20.9
2022-12-22,Dambulla,1.8,23.4
2022-12-22,Nuwara Eliya,3.8,14.9
2022-12-23,Anuradhapura,2.3,24.8
2022-12-23,Badulla,2.1,21.0
2022-12-23,Dambulla,3.4,23.3
2022-12-23,Nuwara Eliya,0.1,15.4
2022-12-24,Anuradhapura,6.8,25.0
2022-12-24,Badulla,4.3,21.1
2022-12-24,Dambulla,5.9,23.9
2022-12-24,Nuwara Eliya,2.1,15.2
2022-12-25,Anuradhapura,29.4,24.1
2022-12-25,Badulla,37.2,21.3
2022-12-25,Dambulla,53.2,22.8
2022-12-25,Nuwara Eliya,29.2,15.5
2022-12-26,Anuradhapura,9.7,25.3
2022-12-26,Badulla,1.0,22.4
2022-12-26,Dambulla,4.5,24.1
2022-12-26,Nuwara Eliya,0.9,15.2
2022-12-27,Anuradhapura,2.6,25.3
2022-12-27,Badulla,2.7,21.6
2022-12-27,Dambulla,2.3,24.2
2022-12-27,Nuwara Eliya,0.9,15.7
2022-12-28,Anuradhapura,1.3,25.3
2022-12-28,Badulla,6.0,20.8
2022-12-28,Dambulla,1.1,24.3
2022-12-28,Nuwara Eliya,2.3,14.8
2022-12-29,Anuradhapura,0.2,25.5
2022-12-29,Badulla,1.5,21.7
2022-12-29,Dambulla,0.1,24.3
2022-12-29,Nuwara Eliya,0.0,13.9
2022-12-30,Anuradhapura,0.0,24.8
2022-12-30,Badulla,0.2,20.1
2022-12-30,Dambulla,0.0,23.5
2022-12-30,Nuwara Eliya,0.0,13.2
2022-12-31,Anuradhapura,0.0,24.5
2022-12-31,Badulla,0.0,19.3
2022-12-31,Dambulla,0.0,22.9
2022-12-31,Nuwara Eliya,0.0,12.0
2023-01-01,Anuradhapura,0.0,24.4
2023-01-01,Badulla,0.4,19.8
2023-01-01,Dambulla,0.0,23.2
2023-01-01,Nuwara Eliya,0.0,11.8
2023-01-02,Anuradhapura,0.0,24.4
2023-01-02,Badulla,1.7,19.8
2023-01-02,Dambulla,0.0,23.2
2023-01-02,Nuwara Eliya,0.0,11.9
2023-01-03,Anuradhapura,0.0,24.2
2023-01-03,Badulla,5.4,19.5
2023-01-03,Dambulla,0.1,23.2
2023-01-03,Nuwara Eliya,1.3,12.6
2023-01-04,Anuradhapura,0.0,24.6
2023-01-04,Badulla,3.1,20.1
2023-01-04,Dambulla,0.0,23.3
2023-01-04,Nuwara Eliya,2.2,13.1
2023-01-05,Anuradhapura,1.5,24.6
2023-01-05,Badulla,6.5,20.5
2023-01-05,Dambulla,2.5,23.7
2023-01-05,Nuwara Eliya,0.7,14.0
2023-01-06,Anuradhapura,11.4,23.4
2023-01-06,Badulla,26.2,20.6
2023-01-06,Dambulla,16.5,22.9
2023-01-06,Nuwara Eliya,4.6,14.7
2023-01-07,Anuradhapura,15.5,23.5
2023-01-07,Badulla,26.8,20.4
2023-01-07,Dambulla,13.5,22.7
2023-01-07,Nuwara Eliya,7.5,14.4
2023-01-08,Anuradhapura,0.0,24.6
2023-01-08,Badulla,19.7,20.2
2023-01-08,Dambulla,2.5,23.2
2023-01-08,Nuwara Eliya,6.5,14.0
2023-01-09,Anuradhapura,0.0,23.7
2023-01-09,Badulla,8.8,20.3
2023-01-09,Dambulla,0.0,22.9
2023-01-09,Nuwara Eliya,0.1,14.2
2023-01-10,Anuradhapura,0.0,23.1
2023-01-10,Badulla,0.7,19.3
2023-01-10,Dambulla,0.0,22.2
2023-01-10,Nuwara Eliya,1.8,14.2
2023-01-11,Anuradhapura,0.0,23.3
2023-01-11,Badulla,0.3,19.0
2023-01-11,Dambulla,0.0,21.9
2023-01-11,Nuwara Eliya,0.0,14.6
2023-01-12,Anuradhapura,0.0,22.9
2023-01-12,Badulla,0.3,18.9
2023-01-12,Dambulla,0.0,21.8
2023-01-12,Nuwara Eliya,0.0,13.8
2023-01-13,Anuradhapura,0.0,23.2
2023-01-13,Badulla,0.7,19.1
2023-01-13,Dambulla,0.0,22.2
2023-01-13,Nuwara Eliya,0.0,14.5
2023-01-14,Anuradhapura,0.0,23.9
2023-01-14,Badulla,1.0,20.0
2023-01-14,Dambulla,0.0,23.0
2023-01-14,Nuwara Eliya,0.0,15.0
2023-01-15,Anuradhapura,0.3,24.2
2023-01-15,Badulla,2.4,20.8
2023-01-15,Dambulla,0.4,23.3
2023-01-15,Nuwara Eliya,3.6,15.3
2023-01-16,Anuradhapura,7.3,23.9
2023-01-16,Badulla,9.2,20.7
2023-01-16,Dambulla,7.6,23.2
2023-01-16,Nuwara Eliya,4.6,15.0
2023-01-17,Anuradhapura,4.4,24.6
2023-01-17,Badulla,8.2,20.9
2023-01-17,Dambulla,2.2,23.5
2023-01-17,Nuwara Eliya,1.7,14.7
2023-01-18,Anuradhapura,0.0,24.1
2023-01-18,Badulla,6.0,20.6
2023-01-18,Dambulla,0.1,23.2
2023-01-18,Nuwara Eliya,0.4,14.1
2023-01-19,Anuradhapura,0.0,23.6
2023-01-19,Badulla,1.9,19.3
2023-01-19,Dambulla,0.0,22.6
2023-01-19,Nuwara Eliya,0.0,11.6
2023-01-20,Anuradhapura,0.9,24.0
2023-01-20,Badulla,0.6,19.8
2023-01-20,Dambulla,0.0,23.4
2023-01-20,Nuwara Eliya,0.0,12.5
2023-01-21,Anuradhapura,1.9,23.8
2023-01-21,Badulla,34.5,19.3
2023-01-21,Dambulla,6.4,22.3
2023-01-21,Nuwara Eliya,14.8,13.2
2023-01-22,Anuradhapura,5.1,23.3
2023-01-22,Badulla,31.6,19.8
2023-01-22,Dambulla,10.6,22.4
2023-01-22,Nuwara Eliya,11.6,13.6
2023-01-23,Anuradhapura,6.8,24.3
2023-01-23,Badulla,9.9,21.5
2023-01-23,Dambulla,4.4,23.6
2023-01-23,Nuwara Eliya,7.6,14.4
2023-01-24,Anuradhapura,1.7,24.4
2023-01-24,Badulla,21.4,21.0
2023-01-24,Dambulla,3.9,23.5
2023-01-24,Nuwara Eliya,6.5,14.5
2023-01-25,Anuradhapura,0.0,23.8
2023-01-25,Badulla,1.7,20.5
2023-01-25,Dambulla,0.0,23.0
2023-01-25,Nuwara Eliya,0.3,14.3
2023-01-26,Anuradhapura,0.0,24.0
2023-01-26,Badulla,6.6,20.5
2023-01-26,Dambulla,1.1,23.1
2023-01-26,Nuwara Eliya,1.5,14.8
2023-01-27,Anuradhapura,0.2,24.3
2023-01-27,Badulla,4.1,20.4
2023-01-27,Dambulla,1.2,23.0
2023-01-27,Nuwara Eliya,0.9,14.5
2023-01-28,Anuradhapura,0.0,23.9
2023-01-28,Badulla,4.0,20.3
2023-01-28,Dambulla,0.1,23.0
2023-01-28,Nuwara Eliya,0.6,14.7
2023-01-29,Anuradhapura,0.3,23.9
2023-01-29,Badulla,1.2,18.9
2023-01-29,Dambulla,0.8,22.6
2023-01-29,Nuwara Eliya,1.9,13.0
2023-01-30,Anuradhapura,2.5,24.7
2023-01-30,Badulla,7.0,20.1
2023-01-30,Dambulla,11.7,23.4
2023-01-30,Nuwara Eliya,2.3,14.5
2023-01-31,Anuradhapura,20.9,23.3
2023-01-31,Badulla,11.2,20.6
2023-01-31,Dambulla,22.4,22.3
2023-01-31,Nuwara Eliya,8.9,14.2
2023-02-01,Anuradhapura,6.5,24.2
2023-02-01,Badulla,5.2,21.8
2023-02-01,Dambulla,4.2,23.4
2023-02-01,Nuwara Eliya,2.9,15.4
2023-02-02,Anuradhapura,90.5,23.7
2023-02-02,Badulla,4.4,22.0
2023-02-02,Dambulla,29.1,23.0
2023-02-02,Nuwara Eliya,5.1,15.3
2023-02-03,Anuradhapura,2.1,25.4
2023-02-03,Badulla,9.7,21.5
2023-02-03,Dambulla,3.7,23.7
2023-02-03,Nuwara Eliya,7.2,15.1
2023-02-04,Anuradhapura,7.6,24.6
2023-02-04,Badulla,14.0,21.0
2023-02-04,Dambulla,10.4,23.5
2023-02-04,Nuwara Eliya,6.3,14.7
2023-02-05,Anuradhapura,1.1,25.4
2023-02-05,Badulla,6.8,21.7
2023-02-05,Dambulla,1.0,24.4
2023-02-05,Nuwara Eliya,0.9,15.4
2023-02-06,Anuradhapura,1.2,24.8
2023-02-06,Badulla,9.7,20.8
2023-02-06,Dambulla,2.4,23.5
2023-02-06,Nuwara Eliya,4.9,14.4
2023-02-07,Anuradhapura,2.2,25.2
2023-02-07,Badulla,7.8,21.3
2023-02-07,Dambulla,2.1,23.7
2023-02-07,Nuwara Eliya,4.9,15.2
2023-02-08,Anuradhapura,0.0,25.4
2023-02-08,Badulla,1.3,21.6
2023-02-08,Dambulla,0.6,24.5
2023-02-08,Nuwara Eliya,0.0,13.7
2023-02-09,Anuradhapura,0.5,25.6
2023-02-09,Badulla,1.2,20.8
2023-02-09,Dambulla,0.0,24.4
2023-02-09,Nuwara Eliya,0.4,13.5
2023-02-10,Anuradhapura,0.2,25.3
2023-02-10,Badulla,1.1,20.8
2023-02-10,Dambulla,0.2,24.2
2023-02-10,Nuwara Eliya,2.6,14.0
2023-02-11,Anuradhapura,0.0,24.7
2023-02-11,Badulla,1.4,20.7
2023-02-11,Dambulla,0.0,24.0
2023-02-11,Nuwara Eliya,2.2,15.1
2023-02-12,Anuradhapura,0.0,24.4
2023-02-12,Badulla,0.3,20.9
2023-02-12,Dambulla,0.0,23.6
2023-02-12,Nuwara Eliya,1.7,15.4
2023-02-13,Anuradhapura,0.0,24.3
2023-02-13,Badulla,0.0,20.6
2023-02-13,Dambulla,0.0,23.3
2023-02-13,Nuwara Eliya,0.2,15.8
2023-02-14,Anuradhapura,0.0,24.3
2023-02-14,Badulla,0.0,20.0
2023-02-14,Dambulla,0.0,23.5
2023-02-14,Nuwara Eliya,1.0,15.3
2023-02-15,Anuradhapura,0.0,23.5
2023-02-15,Badulla,0.0,19.2
2023-02-15,Dambulla,0.0,22.6
2023-02-15,Nuwara Eliya,0.0,15.0
2023-02-16,Anuradhapura,0.0,23.8
2023-02-16,Badulla,0.0,19.4
2023-02-16,Dambulla,0.0,22.7
2023-02-16,Nuwara Eliya,0.0,14.6
2023-02-17,Anuradhapura,0.0,25.1
2023-02-17,Badulla,1.2,20.6
2023-02-17,Dambulla,0.0,23.9
2023-02-17,Nuwara Eliya,0.0,13.8
2023-02-18,Anuradhapura,0.9,25.1
2023-02-18,Badulla,5.0,21.1
2023-02-18,Dambulla,1.3,23.9
2023-02-18,Nuwara Eliya,1.3,14.9
2023-02-19,Anuradhapura,0.7,25.2
2023-02-19,Badulla,42.0,21.0
2023-02-19,Dambulla,2.9,23.9
2023-02-19,Nuwara Eliya,9.7,14.9
2023-02-20,Anuradhapura,2.0,25.1
2023-02-20,Badulla,24.7,21.0
2023-02-20,Dambulla,3.3,23.4
2023-02-20,Nuwara Eliya,22.7,14.9
2023-02-21,Anuradhapura,0.0,25.7
2023-02-21,Badulla,6.3,21.4
2023-02-21,Dambulla,1.7,24.1
2023-02-21,Nuwara Eliya,3.0,15.3
2023-02-22,Anuradhapura,0.0,24.7
2023-02-22,Badulla,2.7,21.1
2023-02-22,Dambulla,0.0,23.7
2023-02-22,Nuwara Eliya,3.0,14.2
2023-02-23,Anuradhapura,0.0,25.2
2023-02-23,Badulla,2.8,21.4
2023-02-23,Dambulla,0.0,24.2
2023-02-23,Nuwara Eliya,1.8,15.0
2023-02-24,Anuradhapura,0.0,25.6
2023-02-24,Badulla,2.1,21.3
2023-02-24,Dambulla,0.5,24.5
2023-02-24,Nuwara Eliya,3.4,15.0
2023-02-25,Anuradhapura,0.0,25.7
2023-02-25,Badulla,6.2,21.7
2023-02-25,Dambulla,0.3,24.9
2023-02-25,Nuwara Eliya,3.0,14.8
2023-02-26,Anuradhapura,0.0,24.4
2023-02-26,Badulla,1.5,20.6
2023-02-26,Dambulla,0.0,23.4
2023-02-26,Nuwara Eliya,0.0,13.8
2023-02-27,Anuradhapura,0.3,25.3
2023-02-27,Badulla,22.5,20.0
2023-02-27,Dambulla,5.6,23.7
2023-02-27,Nuwara Eliya,5.5,13.8
2023-02-28,Anuradhapura,4.6,24.9
2023-02-28,Badulla,28.0,20.5
2023-02-28,Dambulla,4.4,23.2
2023-02-28,Nuwara Eliya,7.5,14.5
2023-03-01,Anuradhapura,1.0,25.7
2023-03-01,Badulla,19.6,20.8
2023-03-01,Dambulla,3.9,24.0
2023-03-01,Nuwara Eliya,6.3,14.2
2023-03-02,Anuradhapura,0.0,26.0
2023-03-02,Badulla,2.0,21.1
2023-03-02,Dambulla,0.9,24.9
2023-03-02,Nuwara Eliya,0.0,13.6
2023-03-03,Anuradhapura,0.0,26.0
2023-03-03,Badulla,8.0,21.0
2023-03-03,Dambulla,0.6,24.3
2023-03-03,Nuwara Eliya,4.5,13.7
2023-03-04,Anuradhapura,3.5,24.9
2023-03-04,Badulla,13.2,21.0
2023-03-04,Dambulla,5.4,23.0
2023-03-04,Nuwara Eliya,9.1,14.4
2023-03-05,Anuradhapura,0.8,25.6
2023-03-05,Badulla,5.4,21.5
2023-03-05,Dambulla,0.3,24.1
2023-03-05,Nuwara Eliya,1.5,14.3
2023-03-06,Anuradhapura,0.0,26.4
2023-03-06,Badulla,6.7,21.0
2023-03-06,Dambulla,0.8,25.2
2023-03-06,Nuwara Eliya,1.7,14.3
2023-03-07,Anuradhapura,0.3,26.1
2023-03-07,Badulla,2.7,21.9
2023-03-07,Dambulla,0.2,25.1
2023-03-07,Nuwara Eliya,1.9,14.1
2023-03-08,Anuradhapura,0.0,26.4
2023-03-08,Badulla,6.0,21.2
2023-03-08,Dambulla,1.5,24.8
2023-03-08,Nuwara Eliya,3.3,14.0
2023-03-09,Anuradhapura,0.8,26.1
2023-03-09,Badulla,5.1,21.7
2023-03-09,Dambulla,1.4,24.5
2023-03-09,Nuwara Eliya,0.9,14.9
2023-03-10,Anuradhapura,1.0,26.0
2023-03-10,Badulla,6.7,21.5
2023-03-10,Dambulla,0.5,24.5
2023-03-10,Nuwara Eliya,2.5,14.8
2023-03-11,Anuradhapura,0.3,26.6
2023-03-11,Badulla,12.3,21.2
2023-03-11,Dambulla,2.7,25.1
2023-03-11,Nuwara Eliya,11.9,14.8
2023-03-12,Anuradhapura,4.5,26.1
2023-03-12,Badulla,14.3,21.3
2023-03-12,Dambulla,2.2,24.5
2023-03-12,Nuwara Eliya,5.9,15.0
2023-03-13,Anuradhapura,0.5,26.5
2023-03-13,Badulla,9.3,21.8
2023-03-13,Dambulla,1.6,24.9
2023-03-13,Nuwara Eliya,7.2,14.9
2023-03-14,Anuradhapura,0.1,26.9
2023-03-14,Badulla,6.1,21.8
2023-03-14,Dambulla,0.0,25.6
2023-03-14,Nuwara Eliya,2.2,15.1
2023-03-15,Anuradhapura,9.3,26.2
2023-03-15,Badulla,4.0,22.0
2023-03-15,Dambulla,0.3,25.6
2023-03-15,Nuwara Eliya,3.4,16.1
2023-03-16,Anuradhapura,7.0,26.1
2023-03-16,Badulla,6.7,21.5
2023-03-16,Dambulla,3.6,25.1
2023-03-16,Nuwara Eliya,12.5,15.5
2023-03-17,Anuradhapura,0.2,27.2
2023-03-17,Badulla,0.4,22.3
2023-03-17,Dambulla,0.6,26.0
2023-03-17,Nuwara Eliya,0.4,16.0
2023-03-18,Anuradhapura,17.4,26.3
2023-03-18,Badulla,1.9,22.3
2023-03-18,Dambulla,11.6,25.5
2023-03-18,Nuwara Eliya,2.7,16.3
2023-03-19,Anuradhapura,7.2,25.9
2023-03-19,Badulla,5.7,22.1
2023-03-19,Dambulla,6.7,25.4
2023-03-19,Nuwara Eliya,2.7,15.8
2023-03-20,Anuradhapura,15.8,25.5
2023-03-20,Badulla,18.3,21.7
2023-03-20,Dambulla,8.8,25.0
2023-03-20,Nuwara Eliya,13.4,15.5
2023-03-21,Anuradhapura,4.7,26.9
2023-03-21,Badulla,2.2,22.2
2023-03-21,Dambulla,13.6,25.4
2023-03-21,Nuwara Eliya,12.3,16.0
2023-03-22,Anuradhapura,4.2,26.8
2023-03-22,Badulla,0.7,22.8
2023-03-22,Dambulla,0.0,25.9
2023-03-22,Nuwara Eliya,2.6,16.9
2023-03-23,Anuradhapura,3.6,26.5
2023-03-23,Badulla,16.8,21.9
2023-03-23,Dambulla,10.6,25.2
2023-03-23,Nuwara Eliya,2.2,15.9
2023-03-24,Anuradhapura,0.2,27.1
2023-03-24,Badulla,0.2,23.2
2023-03-24,Dambulla,0.8,26.3
2023-03-24,Nuwara Eliya,1.2,16.7
2023-03-25,Anuradhapura,0.1,27.3
2023-03-25,Badulla,0.0,23.6
2023-03-25,Dambulla,0.0,26.3
2023-03-25,Nuwara Eliya,0.7,16.6
2023-03-26,Anuradhapura,0.1,27.6
2023-03-26,Badulla,0.6,23.4
2023-03-26,Dambulla,0.5,26.4
2023-03-26,Nuwara Eliya,1.2,16.0
2023-03-27,Anuradhapura,0.2,27.9
2023-03-27,Badulla,0.0,22.9
2023-03-27,Dambulla,0.0,26.9
2023-03-27,Nuwara Eliya,1.1,15.5
2023-03-28,Anuradhapura,0.0,28.1
2023-03-28,Badulla,0.0,22.8
2023-03-28,Dambulla,0.0,27.0
2023-03-28,Nuwara Eliya,0.0,16.5
2023-03-29,Anuradhapura,0.0,27.8
2023-03-29,Badulla,0.0,22.8
2023-03-29,Dambulla,0.0,26.6
2023-03-29,Nuwara Eliya,0.8,17.4
2023-03-30,Anuradhapura,0.0,27.8
2023-03-30,Badulla,0.2,22.6
2023-03-30,Dambulla,0.3,26.9
2023-03-30,Nuwara Eliya,0.7,16.3
2023-03-31,Anuradhapura,0.1,28.2
2023-03-31,Badulla,0.1,23.5
2023-03-31,Dambulla,0.1,27.2
2023-03-31,Nuwara Eliya,0.3,17.1
2023-04-01,Anuradhapura,0.4,28.4
2023-04-01,Badulla,2.7,22.9
2023-04-01,Dambulla,0.2,27.0
2023-04-01,Nuwara Eliya,0.5,16.6
2023-04-02,Anuradhapura,3.5,27.1
2023-04-02,Badulla,15.1,21.8
2023-04-02,Dambulla,3.4,26.1
2023-04-02,Nuwara Eliya,4.9,16.2
2023-04-03,Anuradhapura,0.8,27.3
2023-04-03,Badulla,0.7,23.0
2023-04-03,Dambulla,2.4,26.6
2023-04-03,Nuwara Eliya,2.7,16.5
2023-04-04,Anuradhapura,4.2,26.0
2023-04-04,Badulla,10.4,21.4
2023-04-04,Dambulla,1.7,25.1
2023-04-04,Nuwara Eliya,4.7,15.6
2023-04-05,Anuradhapura,1.1,27.5
2023-04-05,Badulla,8.2,22.6
2023-04-05,Dambulla,1.2,26.7
2023-04-05,Nuwara Eliya,0.7,16.7
2023-04-06,Anuradhapura,0.2,28.0
2023-04-06,Badulla,3.5,22.3
2023-04-06,Dambulla,1.3,27.0
2023-04-06,Nuwara Eliya,0.2,16.0
2023-04-07,Anuradhapura,0.0,28.0
2023-04-07,Badulla,1.5,22.0
2023-04-07,Dambulla,0.0,26.6
2023-04-07,Nuwara Eliya,3.4,16.0
2023-04-08,Anuradhapura,5.7,26.4
2023-04-08,Badulla,8.9,21.8
2023-04-08,Dambulla,2.2,25.4
2023-04-08,Nuwara Eliya,5.5,15.5
2023-04-09,Anuradhapura,0.0,27.8
2023-04-09,Badulla,1.6,22.5
2023-04-09,Dambulla,0.0,26.5
2023-04-09,Nuwara Eliya,1.9,15.5
2023-04-10,Anuradhapura,0.0,27.9
2023-04-10,Badulla,3.4,22.1
2023-04-10,Dambulla,0.6,26.6
2023-04-10,Nuwara Eliya,2.0,15.6
2023-04-11,Anuradhapura,0.0,28.2
2023-04-11,Badulla,0.2,22.5
2023-04-11,Dambulla,0.4,26.8
2023-04-11,Nuwara Eliya,0.0,15.2
2023-04-12,Anuradhapura,0.0,28.7
2023-04-12,Badulla,0.4,23.1
2023-04-12,Dambulla,0.0,27.4
2023-04-12,Nuwara Eliya,0.0,16.0
2023-04-13,Anuradhapura,0.0,28.8
2023-04-13,Badulla,0.6,23.7
2023-04-13,Dambulla,0.0,27.5
2023-04-13,Nuwara Eliya,0.3,17.4
2023-04-14,Anuradhapura,0.1,28.7
2023-04-14,Badulla,0.3,23.9
2023-04-14,Dambulla,0.1,27.7
2023-04-14,Nuwara Eliya,0.7,17.2
2023-04-15,Anuradhapura,0.4,28.2
2023-04-15,Badulla,0.3,24.0
2023-04-15,Dambulla,1.1,27.5
2023-04-15,Nuwara Eliya,2.2,17.2
2023-04-16,Anuradhapura,2.4,27.4
2023-04-16,Badulla,0.7,23.8
2023-04-16,Dambulla,0.4,26.7
2023-04-16,Nuwara Eliya,3.3,17.1
2023-04-17,Anuradhapura,0.0,29.2
2023-04-17,Badulla,0.1,24.1
2023-04-17,Dambulla,0.0,28.0
2023-04-17,Nuwara Eliya,1.8,18.0
2023-04-18,Anuradhapura,0.0,29.2
2023-04-18,Badulla,0.3,24.2
2023-04-18,Dambulla,0.1,28.2
2023-04-18,Nuwara Eliya,3.8,18.2
2023-04-19,Anuradhapura,0.5,29.0
2023-04-19,Badulla,0.8,24.5
2023-04-19,Dambulla,0.3,28.3
2023-04-19,Nuwara Eliya,0.5,18.5
2023-04-20,Anuradhapura,0.2,28.3
2023-04-20,Badulla,1.9,24.1
2023-04-20,Dambulla,2.5,27.7
2023-04-20,Nuwara Eliya,3.8,17.2
2023-04-21,Anuradhapura,7.7,27.5
2023-04-21,Badulla,6.0,23.4
2023-04-21,Dambulla,2.7,27.3
2023-04-21,Nuwara Eliya,5.1,16.7
2023-04-22,Anuradhapura,9.7,27.2
2023-04-22,Badulla,9.2,23.2
2023-04-22,Dambulla,7.2,26.5
2023-04-22,Nuwara Eliya,16.9,16.5
2023-04-23,Anuradhapura,10.7,27.6
2023-04-23,Badulla,2.9,23.7
2023-04-23,Dambulla,9.4,26.6
2023-04-23,Nuwara Eliya,36.5,17.1
2023-04-24,Anuradhapura,19.5,27.2
2023-04-24,Badulla,9.2,23.5
2023-04-24,Dambulla,14.3,26.4
2023-04-24,Nuwara Eliya,4.8,17.4
2023-04-25,Anuradhapura,18.9,27.1
2023-04-25,Badulla,15.7,22.7
2023-04-25,Dambulla,11.1,26.2
2023-04-25,Nuwara Eliya,9.9,17.2
2023-04-26,Anuradhapura,7.8,26.4
2023-04-26,Badulla,12.6,22.8
2023-04-26,Dambulla,3.5,25.7
2023-04-26,Nuwara Eliya,3.1,16.7
2023-04-27,Anuradhapura,0.5,27.4
2023-04-27,Badulla,2.7,23.4
2023-04-27,Dambulla,2.7,26.2
2023-04-27,Nuwara Eliya,3.1,16.1
2023-04-28,Anuradhapura,9.4,27.2
2023-04-28,Badulla,9.4,23.0
2023-04-28,Dambulla,9.0,26.2
2023-04-28,Nuwara Eliya,7.5,16.8
2023-04-29,Anuradhapura,11.7,26.0
2023-04-29,Badulla,23.7,22.1
2023-04-29,Dambulla,7.3,24.8
2023-04-29,Nuwara Eliya,15.0,16.4
2023-04-30,Anuradhapura,22.7,26.6
2023-04-30,Badulla,15.6,22.9
2023-04-30,Dambulla,21.6,25.3
2023-04-30,Nuwara Eliya,16.5,16.7
2023-05-01,Anuradhapura,9.7,26.4
2023-05-01,Badulla,30.9,23.0
2023-05-01,Dambulla,11.9,25.2
2023-05-01,Nuwara Eliya,10.6,16.9
2023-05-02,Anuradhapura,8.6,26.2
2023-05-02,Badulla,18.3,23.0
2023-05-02,Dambulla,10.0,25.3
2023-05-02,Nuwara Eliya,7.2,16.7
2023-05-03,Anuradhapura,22.0,26.0
2023-05-03,Badulla,23.4,22.8
2023-05-03,Dambulla,12.3,25.3
2023-05-03,Nuwara Eliya,14.1,16.3
2023-05-04,Anuradhapura,32.3,25.9
2023-05-04,Badulla,21.4,22.7
2023-05-04,Dambulla,32.5,25.2
2023-05-04,Nuwara Eliya,9.8,16.9
2023-05-05,Anuradhapura,3.5,25.1
2023-05-05,Badulla,2.4,22.3
2023-05-05,Dambulla,5.5,24.4
2023-05-05,Nuwara Eliya,2.9,15.5
2023-05-06,Anuradhapura,7.7,26.9
2023-05-06,Badulla,1.3,23.2
2023-05-06,Dambulla,2.3,26.3
2023-05-06,Nuwara Eliya,1.2,16.5
2023-05-07,Anuradhapura,1.3,26.6
2023-05-07,Badulla,0.5,22.8
2023-05-07,Dambulla,1.8,25.2
2023-05-07,Nuwara Eliya,1.3,15.7
2023-05-08,Anuradhapura,4.9,26.5
2023-05-08,Badulla,1.6,23.2
2023-05-08,Dambulla,8.1,25.8
2023-05-08,Nuwara Eliya,1.0,16.9
2023-05-09,Anuradhapura,15.4,26.4
2023-05-09,Badulla,6.0,22.7
2023-05-09,Dambulla,7.6,25.8
2023-05-09,Nuwara Eliya,1.7,16.5
2023-05-10,Anuradhapura,0.4,26.7
2023-05-10,Badulla,1.3,23.6
2023-05-10,Dambulla,0.3,26.1
2023-05-10,Nuwara Eliya,3.0,16.9
2023-05-11,Anuradhapura,0.3,26.7
2023-05-11,Badulla,4.9,24.4
2023-05-11,Dambulla,0.3,26.0
2023-05-11,Nuwara Eliya,2.8,17.3
2023-05-12,Anuradhapura,0.0,27.7
2023-05-12,Badulla,1.2,25.7
2023-05-12,Dambulla,0.1,26.7
2023-05-12,Nuwara Eliya,0.1,17.3
2023-05-13,Anuradhapura,0.1,27.8
2023-05-13,Badulla,0.2,25.5
2023-05-13,Dambulla,0.0,26.7
2023-05-13,Nuwara Eliya,0.8,16.9
2023-05-14,Anuradhapura,0.2,28.2
2023-05-14,Badulla,0.0,25.7
2023-05-14,Dambulla,0.0,27.1
2023-05-14,Nuwara Eliya,0.0,17.7
2023-05-15,Anuradhapura,0.0,28.4
2023-05-15,Badulla,0.0,25.0
2023-05-15,Dambulla,0.0,27.5
2023-05-15,Nuwara Eliya,0.3,18.5
2023-05-16,Anuradhapura,0.0,29.1
2023-05-16,Badulla,0.0,25.0
2023-05-16,Dambulla,0.0,28.2
2023-05-16,Nuwara Eliya,0.0,19.3
2023-05-17,Anuradhapura,0.4,29.1
2023-05-17,Badulla,1.3,25.0
2023-05-17,Dambulla,0.8,28.0
2023-05-17,Nuwara Eliya,0.0,19.5
2023-05-18,Anuradhapura,5.3,28.1
2023-05-18,Badulla,4.0,23.8
2023-05-18,Dambulla,3.7,27.1
2023-05-18,Nuwara Eliya,3.4,17.4
2023-05-19,Anuradhapura,0.6,28.0
2023-05-19,Badulla,0.1,23.8
2023-05-19,Dambulla,1.1,26.9
2023-05-19,Nuwara Eliya,0.9,17.8
2023-05-20,Anuradhapura,0.5,27.9
2023-05-20,Badulla,0.2,24.0
2023-05-20,Dambulla,0.2,26.8
2023-05-20,Nuwara Eliya,2.0,17.2
2023-05-21,Anuradhapura,0.8,27.5
2023-05-21,Badulla,0.3,24.3
2023-05-21,Dambulla,1.5,26.7
2023-05-21,Nuwara Eliya,3.0,17.0
2023-05-22,Anuradhapura,1.4,27.4
2023-05-22,Badulla,2.0,23.7
2023-05-22,Dambulla,1.9,26.4
2023-05-22,Nuwara Eliya,7.0,16.3
2023-05-23,Anuradhapura,1.0,27.8
2023-05-23,Badulla,0.3,23.1
2023-05-23,Dambulla,3.4,26.9
2023-05-23,Nuwara Eliya,1.8,16.7
2023-05-24,Anuradhapura,0.4,28.0
2023-05-24,Badulla,0.0,24.0
2023-05-24,Dambulla,0.0,27.2
2023-05-24,Nuwara Eliya,0.9,17.8
2023-05-25,Anuradhapura,0.0,28.3
2023-05-25,Badulla,0.0,24.4
2023-05-25,Dambulla,0.1,27.3
2023-05-25,Nuwara Eliya,0.2,16.9
2023-05-26,Anuradhapura,0.0,28.7
2023-05-26,Badulla,0.0,24.4
2023-05-26,Dambulla,0.0,27.6
2023-05-26,Nuwara Eliya,0.4,16.9
2023-05-27,Anuradhapura,0.0,28.8
2023-05-27,Badulla,0.0,24.5
2023-05-27,Dambulla,0.0,27.8
2023-05-27,Nuwara Eliya,0.4,17.6
2023-05-28,Anuradhapura,1.1,28.5
2023-05-28,Badulla,0.6,25.0
2023-05-28,Dambulla,0.7,27.7
2023-05-28,Nuwara Eliya,2.5,17.7
2023-05-29,Anuradhapura,7.8,28.7
2023-05-29,Badulla,3.5,24.4
2023-05-29,Dambulla,1.4,27.9
2023-05-29,Nuwara Eliya,2.9,18.2
2023-05-30,Anuradhapura,4.4,28.3
2023-05-30,Badulla,0.8,24.5
2023-05-30,Dambulla,2.5,27.2
2023-05-30,Nuwara Eliya,7.6,17.6
2023-05-31,Anuradhapura,0.0,28.4
2023-05-31,Badulla,0.5,24.8
2023-05-31,Dambulla,0.7,27.6
2023-05-31,Nuwara Eliya,0.3,17.3
2023-06-01,Anuradhapura,0.0,27.9
2023-06-01,Badulla,0.7,25.2
2023-06-01,Dambulla,0.6,27.0
2023-06-01,Nuwara Eliya,0.4,17.0
2023-06-02,Anuradhapura,0.0,28.3
2023-06-02,Badulla,0.0,25.6
2023-06-02,Dambulla,0.3,27.6
2023-06-02,Nuwara Eliya,0.9,17.5
2023-06-03,Anuradhapura,1.8,28.6
2023-06-03,Badulla,1.0,25.4
2023-06-03,Dambulla,0.9,27.7
2023-06-03,Nuwara Eliya,1.6,17.6
2023-06-04,Anuradhapura,0.2,28.4
2023-06-04,Badulla,0.1,26.1
2023-06-04,Dambulla,0.0,27.2
2023-06-04,Nuwara Eliya,3.8,17.2
2023-06-05,Anuradhapura,0.1,28.2
2023-06-05,Badulla,0.6,25.5
2023-06-05,Dambulla,0.1,27.2
2023-06-05,Nuwara Eliya,2.6,17.0
2023-06-06,Anuradhapura,0.0,28.5
2023-06-06,Badulla,0.9,25.8
2023-06-06,Dambulla,0.0,27.7
2023-06-06,Nuwara Eliya,0.7,17.4
2023-06-07,Anuradhapura,1.1,28.0
2023-06-07,Badulla,6.3,26.0
2023-06-07,Dambulla,1.5,27.0
2023-06-07,Nuwara Eliya,1.2,17.1
2023-06-08,Anuradhapura,0.8,28.2
2023-06-08,Badulla,1.0,26.4
2023-06-08,Dambulla,1.6,27.1
2023-06-08,Nuwara Eliya,0.5,16.8
2023-06-09,Anuradhapura,0.2,28.4
2023-06-09,Badulla,0.6,26.2
2023-06-09,Dambulla,0.7,27.5
2023-06-09,Nuwara Eliya,0.2,16.7
2023-06-10,Anuradhapura,0.0,28.4
2023-06-10,Badulla,0.0,26.6
2023-06-10,Dambulla,0.0,27.8
2023-06-10,Nuwara Eliya,0.0,16.7
2023-06-11,Anuradhapura,0.1,28.9
2023-06-11,Badulla,0.1,25.9
2023-06-11,Dambulla,0.8,27.4
2023-06-11,Nuwara Eliya,0.7,16.7
2023-06-12,Anuradhapura,4.6,28.0
2023-06-12,Badulla,8.1,25.9
2023-06-12,Dambulla,3.1,27.1
2023-06-12,Nuwara Eliya,2.4,16.9
2023-06-13,Anuradhapura,1.2,27.8
2023-06-13,Badulla,13.5,25.4
2023-06-13,Dambulla,1.0,26.8
2023-06-13,Nuwara Eliya,0.2,16.5
2023-06-14,Anuradhapura,0.6,28.4
2023-06-14,Badulla,5.1,25.6
2023-06-14,Dambulla,0.1,27.5
2023-06-14,Nuwara Eliya,0.8,16.9
2023-06-15,Anuradhapura,0.0,29.0
2023-06-15,Badulla,0.7,25.8
2023-06-15,Dambulla,0.4,28.2
2023-06-15,Nuwara Eliya,1.5,17.7
2023-06-16,Anuradhapura,0.8,28.8
2023-06-16,Badulla,0.6,26.0
2023-06-16,Dambulla,0.4,28.0
2023-06-16,Nuwara Eliya,0.2,16.8
2023-06-17,Anuradhapura,0.0,28.6
2023-06-17,Badulla,0.0,25.3
2023-06-17,Dambulla,0.0,26.9
2023-06-17,Nuwara Eliya,0.2,16.0
2023-06-18,Anuradhapura,1.0,27.8
2023-06-18,Badulla,12.1,24.8
2023-06-18,Dambulla,0.7,26.4
2023-06-18,Nuwara Eliya,1.5,16.2
2023-06-19,Anuradhapura,0.6,28.1
2023-06-19,Badulla,0.5,25.7
2023-06-19,Dambulla,0.0,27.4
2023-06-19,Nuwara Eliya,0.0,16.3
2023-06-20,Anuradhapura,0.4,28.4
2023-06-20,Badulla,2.7,25.9
2023-06-20,Dambulla,1.5,27.2
2023-06-20,Nuwara Eliya,0.7,17.6
2023-06-21,Anuradhapura,3.0,27.0
2023-06-21,Badulla,1.5,25.0
2023-06-21,Dambulla,2.3,26.6
2023-06-21,Nuwara Eliya,3.4,17.4
2023-06-22,Anuradhapura,1.5,28.0
2023-06-22,Badulla,7.9,25.5
2023-06-22,Dambulla,0.8,27.7
2023-06-22,Nuwara Eliya,0.9,17.2
2023-06-23,Anuradhapura,0.2,28.1
2023-06-23,Badulla,2.3,25.1
2023-06-23,Dambulla,0.1,27.5
2023-06-23,Nuwara Eliya,0.0,17.1
2023-06-24,Anuradhapura,0.1,28.6
2023-06-24,Badulla,0.4,25.2
2023-06-24,Dambulla,0.0,27.9
2023-06-24,Nuwara Eliya,0.6,16.5
2023-06-25,Anuradhapura,0.1,27.7
2023-06-25,Badulla,4.1,24.7
2023-06-25,Dambulla,0.6,26.9
2023-06-25,Nuwara Eliya,4.1,16.9
2023-06-26,Anuradhapura,0.5,27.9
2023-06-26,Badulla,14.7,25.0
2023-06-26,Dambulla,1.8,26.1
2023-06-26,Nuwara Eliya,2.6,16.5
2023-06-27,Anuradhapura,1.0,27.4
2023-06-27,Badulla,25.8,25.3
2023-06-27,Dambulla,2.3,26.1
2023-06-27,Nuwara Eliya,1.5,16.6
2023-06-28,Anuradhapura,0.3,28.2
2023-06-28,Badulla,2.1,25.0
2023-06-28,Dambulla,0.8,26.7
2023-06-28,Nuwara Eliya,10.4,16.5
2023-06-29,Anuradhapura,3.1,27.5
2023-06-29,Badulla,10.9,24.8
2023-06-29,Dambulla,1.2,26.3
2023-06-29,Nuwara Eliya,2.4,16.3
2023-06-30,Anuradhapura,0.0,28.2
2023-06-30,Badulla,2.3,25.5
2023-06-30,Dambulla,0.4,27.3
2023-06-30,Nuwara Eliya,1.2,16.6
2023-07-01,Anuradhapura,2.8,28.0
2023-07-01,Badulla,0.2,25.6
2023-07-01,Dambulla,0.3,27.1
2023-07-01,Nuwara Eliya,0.9,16.6
2023-07-02,Anuradhapura,10.7,26.6
2023-07-02,Badulla,8.1,25.2
2023-07-02,Dambulla,3.8,26.1
2023-07-02,Nuwara Eliya,1.0,16.4
2023-07-03,Anuradhapura,0.3,27.4
2023-07-03,Badulla,2.0,25.0
2023-07-03,Dambulla,0.6,25.9
2023-07-03,Nuwara Eliya,15.9,15.5
2023-07-04,Anuradhapura,4.7,26.8
2023-07-04,Badulla,3.7,23.8
2023-07-04,Dambulla,4.8,24.8
2023-07-04,Nuwara Eliya,15.2,14.7
2023-07-05,Anuradhapura,2.4,27.3
2023-07-05,Badulla,3.1,23.3
2023-07-05,Dambulla,4.0,24.3
2023-07-05,Nuwara Eliya,33.7,15.3
2023-07-06,Anuradhapura,0.2,26.7
2023-07-06,Badulla,7.1,23.5
2023-07-06,Dambulla,0.4,25.5
2023-07-06,Nuwara Eliya,21.0,15.5
2023-07-07,Anuradhapura,2.2,27.7
2023-07-07,Badulla,0.3,23.8
2023-07-07,Dambulla,1.3,26.6
2023-07-07,Nuwara Eliya,3.3,15.9
2023-07-08,Anuradhapura,0.2,28.0
2023-07-08,Badulla,0.7,24.5
2023-07-08,Dambulla,0.7,27.1
2023-07-08,Nuwara Eliya,0.0,15.7
2023-07-09,Anuradhapura,0.0,28.4
2023-07-09,Badulla,0.4,24.8
2023-07-09,Dambulla,0.2,27.6
2023-07-09,Nuwara Eliya,0.2,16.5
2023-07-10,Anuradhapura,0.2,28.1
2023-07-10,Badulla,0.1,24.8
2023-07-10,Dambulla,0.0,27.2
2023-07-10,Nuwara Eliya,0.4,16.0
2023-07-11,Anuradhapura,0.1,27.8
2023-07-11,Badulla,0.5,25.1
2023-07-11,Dambulla,1.7,27.3
2023-07-11,Nuwara Eliya,1.4,16.3
2023-07-12,Anuradhapura,0.0,28.5
2023-07-12,Badulla,0.0,25.2
2023-07-12,Dambulla,0.0,27.7
2023-07-12,Nuwara Eliya,0.0,16.3
2023-07-13,Anuradhapura,0.6,27.9
2023-07-13,Badulla,0.7,25.0
2023-07-13,Dambulla,0.3,26.8
2023-07-13,Nuwara Eliya,3.2,16.0
2023-07-14,Anuradhapura,1.1,28.2
2023-07-14,Badulla,6.7,25.4
2023-07-14,Dambulla,0.7,26.9
2023-07-14,Nuwara Eliya,1.2,16.2
2023-07-15,Anuradhapura,5.4,28.4
2023-07-15,Badulla,1.6,25.6
2023-07-15,Dambulla,1.4,27.5
2023-07-15,Nuwara Eliya,4.9,16.3
2023-07-16,Anuradhapura,2.0,28.3
2023-07-16,Badulla,3.9,25.7
2023-07-16,Dambulla,0.2,27.7
2023-07-16,Nuwara Eliya,4.8,16.5
2023-07-17,Anuradhapura,0.3,28.4
2023-07-17,Badulla,6.9,26.1
2023-07-17,Dambulla,1.5,27.4
2023-07-17,Nuwara Eliya,0.4,16.0
2023-07-18,Anuradhapura,0.0,28.5
2023-07-18,Badulla,0.2,25.9
2023-07-18,Dambulla,0.5,27.0
2023-07-18,Nuwara Eliya,1.3,15.6
2023-07-19,Anuradhapura,0.1,28.6
2023-07-19,Badulla,0.0,26.0
2023-07-19,Dambulla,1.0,27.1
2023-07-19,Nuwara Eliya,1.8,15.0
2023-07-20,Anuradhapura,0.3,28.6
2023-07-20,Badulla,0.4,25.9
2023-07-20,Dambulla,2.0,26.7
2023-07-20,Nuwara Eliya,2.7,15.3
2023-07-21,Anuradhapura,0.0,28.9
2023-07-21,Badulla,0.0,25.4
2023-07-21,Dambulla,0.0,27.7
2023-07-21,Nuwara Eliya,0.3,15.3
2023-07-22,Anuradhapura,0.4,29.0
2023-07-22,Badulla,0.1,25.6
2023-07-22,Dambulla,1.0,27.4
2023-07-22,Nuwara Eliya,1.1,15.3
2023-07-23,Anuradhapura,0.0,28.7
2023-07-23,Badulla,0.2,25.8
2023-07-23,Dambulla,0.9,27.0
2023-07-23,Nuwara Eliya,1.6,15.5
2023-07-24,Anuradhapura,0.8,27.9
2023-07-24,Badulla,0.0,26.1
2023-07-24,Dambulla,1.6,25.9
2023-07-24,Nuwara Eliya,5.1,15.2
2023-07-25,Anuradhapura,0.1,28.5
2023-07-25,Badulla,0.0,26.4
2023-07-25,Dambulla,2.3,26.5
2023-07-25,Nuwara Eliya,1.8,15.2
2023-07-26,Anuradhapura,0.5,27.8
2023-07-26,Badulla,0.3,26.8
2023-07-26,Dambulla,1.4,26.8
2023-07-26,Nuwara Eliya,1.8,15.9
2023-07-27,Anuradhapura,0.0,28.6
2023-07-27,Badulla,0.1,27.0
2023-07-27,Dambulla,0.3,27.7
2023-07-27,Nuwara Eliya,2.1,16.4
2023-07-28,Anuradhapura,0.0,29.0
2023-07-28,Badulla,0.1,27.1
2023-07-28,Dambulla,0.0,27.8
2023-07-28,Nuwara Eliya,0.0,16.7
2023-07-29,Anuradhapura,0.9,29.3
2023-07-29,Badulla,0.1,27.4
2023-07-29,Dambulla,1.0,27.9
2023-07-29,Nuwara Eliya,0.6,16.2
2023-07-30,Anuradhapura,1.2,28.9
2023-07-30,Badulla,0.1,27.0
2023-07-30,Dambulla,0.5,27.8
2023-07-30,Nuwara Eliya,0.4,16.6
2023-07-31,Anuradhapura,0.0,28.8
2023-07-31,Badulla,0.1,26.7
2023-07-31,Dambulla,0.0,27.7
2023-07-31,Nuwara Eliya,0.0,16.0
2023-08-01,Anuradhapura,0.0,28.8
2023-08-01,Badulla,0.0,27.0
2023-08-01,Dambulla,0.0,27.5
2023-08-01,Nuwara Eliya,0.0,16.1
2023-08-02,Anuradhapura,0.0,28.7
2023-08-02,Badulla,0.0,26.6
2023-08-02,Dambulla,0.0,27.8
2023-08-02,Nuwara Eliya,0.0,15.7
2023-08-03,Anuradhapura,0.0,28.8
2023-08-03,Badulla,0.1,27.7
2023-08-03,Dambulla,0.0,27.8
2023-08-03,Nuwara Eliya,0.0,16.4
2023-08-04,Anuradhapura,0.1,29.2
2023-08-04,Badulla,0.0,27.2
2023-08-04,Dambulla,0.0,28.2
2023-08-04,Nuwara Eliya,0.4,16.7
2023-08-05,Anuradhapura,0.4,29.8
2023-08-05,Badulla,7.5,26.5
2023-08-05,Dambulla,0.7,28.7
2023-08-05,Nuwara Eliya,2.9,17.2
2023-08-06,Anuradhapura,0.2,29.7
2023-08-06,Badulla,1.4,27.1
2023-08-06,Dambulla,0.0,28.7
2023-08-06,Nuwara Eliya,2.8,17.7
2023-08-07,Anuradhapura,0.0,29.2
2023-08-07,Badulla,0.7,27.0
2023-08-07,Dambulla,0.0,28.1
2023-08-07,Nuwara Eliya,0.0,16.9
2023-08-08,Anuradhapura,0.0,29.0
2023-08-08,Badulla,1.4,26.7
2023-08-08,Dambulla,0.1,27.9
2023-08-08,Nuwara Eliya,4.2,16.7
2023-08-09,Anuradhapura,2.5,28.8
2023-08-09,Badulla,6.0,26.4
2023-08-09,Dambulla,1.2,28.5
2023-08-09,Nuwara Eliya,1.2,16.7
2023-08-10,Anuradhapura,0.0,29.3
2023-08-10,Badulla,2.0,26.2
2023-08-10,Dambulla,0.0,28.3
2023-08-10,Nuwara Eliya,8.1,16.7
2023-08-11,Anuradhapura,14.4,28.3
2023-08-11,Badulla,26.4,25.3
2023-08-11,Dambulla,1.7,28.1
2023-08-11,Nuwara Eliya,16.1,16.6
2023-08-12,Anuradhapura,1.4,28.0
2023-08-12,Badulla,2.5,25.4
2023-08-12,Dambulla,0.9,27.3
2023-08-12,Nuwara Eliya,2.6,16.0
2023-08-13,Anuradhapura,0.5,28.3
2023-08-13,Badulla,0.8,25.9
2023-08-13,Dambulla,0.1,28.1
2023-08-13,Nuwara Eliya,4.8,16.2
2023-08-14,Anuradhapura,0.0,28.5
2023-08-14,Badulla,0.8,25.9
2023-08-14,Dambulla,0.0,27.8
2023-08-14,Nuwara Eliya,1.6,15.9
2023-08-15,Anuradhapura,0.1,28.3
2023-08-15,Badulla,0.0,26.0
2023-08-15,Dambulla,0.1,27.7
2023-08-15,Nuwara Eliya,1.4,16.3
2023-08-16,Anuradhapura,0.1,28.4
2023-08-16,Badulla,0.3,25.8
2023-08-16,Dambulla,0.6,27.6
2023-08-16,Nuwara Eliya,0.7,16.5
2023-08-17,Anuradhapura,0.2,28.3
2023-08-17,Badulla,0.5,26.4
2023-08-17,Dambulla,0.0,27.8
2023-08-17,Nuwara Eliya,0.0,16.2
2023-08-18,Anuradhapura,0.2,28.5
2023-08-18,Badulla,0.3,26.8
2023-08-18,Dambulla,0.1,27.6
2023-08-18,Nuwara Eliya,0.1,16.2
2023-08-19,Anuradhapura,0.0,28.6
2023-08-19,Badulla,0.0,25.9
2023-08-19,Dambulla,0.0,27.8
2023-08-19,Nuwara Eliya,0.0,15.7
2023-08-20,Anuradhapura,0.0,29.1
2023-08-20,Badulla,0.3,26.4
2023-08-20,Dambulla,0.0,28.2
2023-08-20,Nuwara Eliya,0.6,16.5
2023-08-21,Anuradhapura,0.7,29.7
2023-08-21,Badulla,0.4,26.5
2023-08-21,Dambulla,1.6,28.9
2023-08-21,Nuwara Eliya,0.8,17.4
2023-08-22,Anuradhapura,5.2,29.1
2023-08-22,Badulla,1.7,26.4
2023-08-22,Dambulla,5.2,28.5
2023-08-22,Nuwara Eliya,4.7,17.5
2023-08-23,Anuradhapura,0.1,29.0
2023-08-23,Badulla,1.1,25.8
2023-08-23,Dambulla,0.0,28.1
2023-08-23,Nuwara Eliya,2.6,16.9
2023-08-24,Anuradhapura,0.0,29.0
2023-08-24,Badulla,0.0,26.7
2023-08-24,Dambulla,0.0,28.1
2023-08-24,Nuwara Eliya,0.4,17.0
2023-08-25,Anuradhapura,0.0,28.9
2023-08-25,Badulla,0.0,26.8
2023-08-25,Dambulla,0.4,28.0
2023-08-25,Nuwara Eliya,0.0,17.1
2023-08-26,Anuradhapura,0.1,29.0
2023-08-26,Badulla,0.0,27.6
2023-08-26,Dambulla,0.7,28.2
2023-08-26,Nuwara Eliya,0.6,17.4
2023-08-27,Anuradhapura,0.0,29.3
2023-08-27,Badulla,1.1,26.6
2023-08-27,Dambulla,0.2,28.6
2023-08-27,Nuwara Eliya,2.0,17.0
2023-08-28,Anuradhapura,0.1,29.2
2023-08-28,Badulla,1.3,26.2
2023-08-28,Dambulla,0.3,27.9
2023-08-28,Nuwara Eliya,2.9,17.0
2023-08-29,Anuradhapura,1.8,28.0
2023-08-29,Badulla,1.5,25.5
2023-08-29,Dambulla,0.3,27.4
2023-08-29,Nuwara Eliya,3.4,16.6
2023-08-30,Anuradhapura,22.6,28.2
2023-08-30,Badulla,3.7,24.7
2023-08-30,Dambulla,1.8,27.2
2023-08-30,Nuwara Eliya,7.4,16.7
2023-08-31,Anuradhapura,12.5,27.5
2023-08-31,Badulla,15.6,24.5
2023-08-31,Dambulla,6.0,26.7
2023-08-31,Nuwara Eliya,8.3,16.9
2023-09-01,Anuradhapura,7.6,27.5
2023-09-01,Badulla,2.6,24.6
2023-09-01,Dambulla,1.2,26.9
2023-09-01,Nuwara Eliya,9.0,17.0
2023-09-02,Anuradhapura,2.5,27.3
2023-09-02,Badulla,6.4,25.0
2023-09-02,Dambulla,1.4,26.4
2023-09-02,Nuwara Eliya,6.1,16.3
2023-09-03,Anuradhapura,1.6,27.2
2023-09-03,Badulla,5.7,23.8
2023-09-03,Dambulla,1.1,25.8
2023-09-03,Nuwara Eliya,5.5,16.0
2023-09-04,Anuradhapura,0.4,27.5
2023-09-04,Badulla,0.1,23.9
2023-09-04,Dambulla,3.5,24.9
2023-09-04,Nuwara Eliya,9.3,15.4
2023-09-05,Anuradhapura,2.4,26.7
2023-09-05,Badulla,3.0,24.9
2023-09-05,Dambulla,3.7,25.0
2023-09-05,Nuwara Eliya,8.9,15.9
2023-09-06,Anuradhapura,1.6,26.0
2023-09-06,Badulla,1.5,24.2
2023-09-06,Dambulla,7.6,23.7
2023-09-06,Nuwara Eliya,3.1,16.3
2023-09-07,Anuradhapura,2.1,26.2
2023-09-07,Badulla,5.9,24.0
2023-09-07,Dambulla,2.0,24.6
2023-09-07,Nuwara Eliya,3.2,16.4
2023-09-08,Anuradhapura,1.5,26.7
2023-09-08,Badulla,2.0,24.8
2023-09-08,Dambulla,1.8,25.0
2023-09-08,Nuwara Eliya,2.8,16.1
2023-09-09,Anuradhapura,0.8,27.7
2023-09-09,Badulla,1.2,25.4
2023-09-09,Dambulla,1.7,26.2
2023-09-09,Nuwara Eliya,1.9,16.3
2023-09-10,Anuradhapura,3.1,27.4
2023-09-10,Badulla,11.8,25.4
2023-09-10,Dambulla,2.7,26.0
2023-09-10,Nuwara Eliya,2.1,16.3
2023-09-11,Anuradhapura,8.5,26.9
2023-09-11,Badulla,9.9,24.6
2023-09-11,Dambulla,3.2,25.6
2023-09-11,Nuwara Eliya,17.7,16.2
2023-09-12,Anuradhapura,1.8,28.1
2023-09-12,Badulla,1.3,25.0
2023-09-12,Dambulla,1.5,26.5
2023-09-12,Nuwara Eliya,3.3,15.9
2023-09-13,Anuradhapura,3.5,27.8
2023-09-13,Badulla,8.5,25.0
2023-09-13,Dambulla,1.8,26.4
2023-09-13,Nuwara Eliya,3.1,16.6
2023-09-14,Anuradhapura,2.6,27.2
2023-09-14,Badulla,2.5,24.4
2023-09-14,Dambulla,1.1,26.1
2023-09-14,Nuwara Eliya,3.0,16.3
2023-09-15,Anuradhapura,0.1,27.8
2023-09-15,Badulla,1.3,24.7
2023-09-15,Dambulla,0.6,26.9
2023-09-15,Nuwara Eliya,1.1,16.2
2023-09-16,Anuradhapura,0.3,28.8
2023-09-16,Badulla,0.2,24.8
2023-09-16,Dambulla,1.6,27.7
2023-09-16,Nuwara Eliya,1.8,16.3
2023-09-17,Anuradhapura,5.4,27.5
2023-09-17,Badulla,8.9,23.7
2023-09-17,Dambulla,5.4,26.6
2023-09-17,Nuwara Eliya,6.5,15.9
2023-09-18,Anuradhapura,2.9,27.1
2023-09-18,Badulla,1.8,24.0
2023-09-18,Dambulla,1.3,26.4
2023-09-18,Nuwara Eliya,3.9,16.1
2023-09-19,Anuradhapura,7.1,26.4
2023-09-19,Badulla,17.7,23.6
2023-09-19,Dambulla,2.5,25.6
2023-09-19,Nuwara Eliya,13.2,15.8
2023-09-20,Anuradhapura,2.0,26.9
2023-09-20,Badulla,2.8,23.6
2023-09-20,Dambulla,2.2,26.1
2023-09-20,Nuwara Eliya,11.9,16.3
2023-09-21,Anuradhapura,2.7,28.1
2023-09-21,Badulla,0.4,24.3
2023-09-21,Dambulla,2.4,26.9
2023-09-21,Nuwara Eliya,1.6,16.2
2023-09-22,Anuradhapura,2.6,27.0
2023-09-22,Badulla,10.1,23.2
2023-09-22,Dambulla,0.7,26.1
2023-09-22,Nuwara Eliya,6.5,15.9
2023-09-23,Anuradhapura,0.9,27.7
2023-09-23,Badulla,4.6,23.4
2023-09-23,Dambulla,5.1,26.3
2023-09-23,Nuwara Eliya,7.9,16.1
2023-09-24,Anuradhapura,2.3,28.3
2023-09-24,Badulla,1.0,22.9
2023-09-24,Dambulla,2.4,26.6
2023-09-24,Nuwara Eliya,3.4,15.9
2023-09-25,Anuradhapura,1.3,28.3
2023-09-25,Badulla,17.7,23.5
2023-09-25,Dambulla,3.3,26.3
2023-09-25,Nuwara Eliya,9.0,16.1
2023-09-26,Anuradhapura,2.6,27.5
2023-09-26,Badulla,2.3,24.2
2023-09-26,Dambulla,1.1,26.1
2023-09-26,Nuwara Eliya,1.8,16.4
2023-09-27,Anuradhapura,3.0,27.5
2023-09-27,Badulla,4.9,24.1
2023-09-27,Dambulla,2.8,26.1
2023-09-27,Nuwara Eliya,4.8,16.2
2023-09-28,Anuradhapura,1.3,27.1
2023-09-28,Badulla,5.8,23.8
2023-09-28,Dambulla,1.6,25.8
2023-09-28,Nuwara Eliya,3.7,16.1
2023-09-29,Anuradhapura,1.4,25.7
2023-09-29,Badulla,24.0,23.9
2023-09-29,Dambulla,1.2,24.7
2023-09-29,Nuwara Eliya,11.3,16.0
2023-09-30,Anuradhapura,5.8,26.4
2023-09-30,Badulla,3.8,24.0
2023-09-30,Dambulla,3.0,25.6
2023-09-30,Nuwara Eliya,4.1,16.5
2023-10-01,Anuradhapura,9.0,25.9
2023-10-01,Badulla,3.7,23.9
2023-10-01,Dambulla,10.1,25.1
2023-10-01,Nuwara Eliya,6.3,16.4
2023-10-02,Anuradhapura,2.4,26.4
2023-10-02,Badulla,7.9,23.9
2023-10-02,Dambulla,6.1,25.3
2023-10-02,Nuwara Eliya,16.1,16.5
2023-10-03,Anuradhapura,4.1,26.5
2023-10-03,Badulla,10.1,23.9
2023-10-03,Dambulla,4.7,25.5
2023-10-03,Nuwara Eliya,8.7,16.8
2023-10-04,Anuradhapura,1.9,27.1
2023-10-04,Badulla,6.0,23.6
2023-10-04,Dambulla,0.7,25.5
2023-10-04,Nuwara Eliya,1.2,16.9
2023-10-05,Anuradhapura,6.9,26.6
2023-10-05,Badulla,5.3,23.4
2023-10-05,Dambulla,1.6,25.3
2023-10-05,Nuwara Eliya,5.3,16.4
2023-10-06,Anuradhapura,2.4,27.1
2023-10-06,Badulla,3.9,23.9
2023-10-06,Dambulla,3.3,25.7
2023-10-06,Nuwara Eliya,14.6,16.8
2023-10-07,Anuradhapura,7.8,27.1
2023-10-07,Badulla,5.6,23.5
2023-10-07,Dambulla,4.5,26.2
2023-10-07,Nuwara Eliya,28.6,16.7
2023-10-08,Anuradhapura,10.0,27.0
2023-10-08,Badulla,9.9,23.9
2023-10-08,Dambulla,14.8,26.1
2023-10-08,Nuwara Eliya,4.6,17.0
2023-10-09,Anuradhapura,14.0,26.4
2023-10-09,Badulla,26.6,22.9
2023-10-09,Dambulla,26.1,25.5
2023-10-09,Nuwara Eliya,3.9,16.4
2023-10-10,Anuradhapura,19.3,26.4
2023-10-10,Badulla,18.1,22.8
2023-10-10,Dambulla,20.8,25.3
2023-10-10,Nuwara Eliya,45.1,16.4
2023-10-11,Anuradhapura,9.6,26.0
2023-10-11,Badulla,5.9,22.9
2023-10-11,Dambulla,3.7,25.0
2023-10-11,Nuwara Eliya,43.1,16.0
2023-10-12,Anuradhapura,8.1,26.0
2023-10-12,Badulla,2.4,22.9
2023-10-12,Dambulla,2.5,25.2
2023-10-12,Nuwara Eliya,9.8,16.3
2023-10-13,Anuradhapura,26.6,25.8
2023-10-13,Badulla,13.8,22.3
2023-10-13,Dambulla,28.0,25.0
2023-10-13,Nuwara Eliya,5.0,16.4
2023-10-14,Anuradhapura,16.9,25.7
2023-10-14,Badulla,25.1,22.3
2023-10-14,Dambulla,22.9,24.8
2023-10-14,Nuwara Eliya,9.7,15.8
2023-10-15,Anuradhapura,3.6,25.7
2023-10-15,Badulla,7.8,22.2
2023-10-15,Dambulla,3.5,24.4
2023-10-15,Nuwara Eliya,18.3,15.2
2023-10-16,Anuradhapura,3.1,26.4
2023-10-16,Badulla,0.3,23.4
2023-10-16,Dambulla,0.7,25.5
2023-10-16,Nuwara Eliya,0.0,16.1
2023-10-17,Anuradhapura,23.2,25.3
2023-10-17,Badulla,7.1,22.4
2023-10-17,Dambulla,15.6,24.7
2023-10-17,Nuwara Eliya,7.8,15.8
2023-10-18,Anuradhapura,11.1,24.9
2023-10-18,Badulla,26.7,21.7
2023-10-18,Dambulla,24.1,24.0
2023-10-18,Nuwara Eliya,22.7,15.6
2023-10-19,Anuradhapura,24.7,25.3
2023-10-19,Badulla,18.9,21.9
2023-10-19,Dambulla,6.6,24.3
2023-10-19,Nuwara Eliya,15.8,15.4
2023-10-20,Anuradhapura,17.3,25.6
2023-10-20,Badulla,19.3,22.1
2023-10-20,Dambulla,6.9,24.5
2023-10-20,Nuwara Eliya,24.0,15.4
2023-10-21,Anuradhapura,18.5,25.8
2023-10-21,Badulla,24.1,22.2
2023-10-21,Dambulla,11.6,24.8
2023-10-21,Nuwara Eliya,12.2,15.8
2023-10-22,Anuradhapura,7.0,25.7
2023-10-22,Badulla,4.6,22.5
2023-10-22,Dambulla,20.6,24.8
2023-10-22,Nuwara Eliya,59.6,15.8
2023-10-23,Anuradhapura,2.3,26.1
2023-10-23,Badulla,0.6,23.3
2023-10-23,Dambulla,8.1,25.2
2023-10-23,Nuwara Eliya,7.1,15.8
2023-10-24,Anuradhapura,9.4,26.1
2023-10-24,Badulla,23.5,22.2
2023-10-24,Dambulla,12.3,24.9
2023-10-24,Nuwara Eliya,13.1,15.5
2023-10-25,Anuradhapura,1.1,26.4
2023-10-25,Badulla,1.1,23.1
2023-10-25,Dambulla,2.7,25.8
2023-10-25,Nuwara Eliya,1.4,15.7
2023-10-26,Anuradhapura,0.0,27.1
2023-10-26,Badulla,0.6,23.5
2023-10-26,Dambulla,0.4,26.1
2023-10-26,Nuwara Eliya,0.0,15.5
2023-10-27,Anuradhapura,1.7,27.0
2023-10-27,Badulla,1.2,23.3
2023-10-27,Dambulla,2.3,25.9
2023-10-27,Nuwara Eliya,0.8,15.6
2023-10-28,Anuradhapura,5.9,25.8
2023-10-28,Badulla,18.4,22.4
2023-10-28,Dambulla,10.3,25.0
2023-10-28,Nuwara Eliya,8.6,15.8
2023-10-29,Anuradhapura,20.0,25.4
2023-10-29,Badulla,8.7,22.5
2023-10-29,Dambulla,16.5,24.5
2023-10-29,Nuwara Eliya,8.4,15.7
2023-10-30,Anuradhapura,9.0,25.2
2023-10-30,Badulla,25.4,22.0
2023-10-30,Dambulla,11.6,24.7
2023-10-30,Nuwara Eliya,11.8,15.7
2023-10-31,Anuradhapura,1.3,26.4
2023-10-31,Badulla,3.7,22.3
2023-10-31,Dambulla,4.7,25.1
2023-10-31,Nuwara Eliya,5.6,15.4
2023-11-01,Anuradhapura,10.5,26.1
2023-11-01,Badulla,14.8,22.4
2023-11-01,Dambulla,7.8,25.1
2023-11-01,Nuwara Eliya,10.1,16.3
2023-11-02,Anuradhapura,13.7,25.6
2023-11-02,Badulla,12.0,22.4
2023-11-02,Dambulla,15.4,24.6
2023-11-02,Nuwara Eliya,8.3,15.9
2023-11-03,Anuradhapura,50.4,25.3
2023-11-03,Badulla,26.1,22.2
2023-11-03,Dambulla,43.8,24.3
2023-11-03,Nuwara Eliya,20.2,15.8
2023-11-04,Anuradhapura,76.6,24.9
2023-11-04,Badulla,15.7,22.2
2023-11-04,Dambulla,48.5,24.4
2023-11-04,Nuwara Eliya,4.5,15.9
2023-11-05,Anuradhapura,45.3,25.4
2023-11-05,Badulla,51.1,22.2
2023-11-05,Dambulla,13.2,24.4
2023-11-05,Nuwara Eliya,21.3,16.1
2023-11-06,Anuradhapura,18.3,25.4
2023-11-06,Badulla,7.3,22.5
2023-11-06,Dambulla,7.5,24.5
2023-11-06,Nuwara Eliya,3.8,16.2
2023-11-07,Anuradhapura,5.4,25.4
2023-11-07,Badulla,16.9,22.3
2023-11-07,Dambulla,4.1,24.4
2023-11-07,Nuwara Eliya,3.6,15.7
2023-11-08,Anuradhapura,16.3,25.4
2023-11-08,Badulla,22.1,22.2
2023-11-08,Dambulla,9.7,24.7
2023-11-08,Nuwara Eliya,20.8,16.1
2023-11-09,Anuradhapura,14.7,25.2
2023-11-09,Badulla,28.3,22.0
2023-11-09,Dambulla,13.3,24.5
2023-11-09,Nuwara Eliya,57.6,15.7
2023-11-10,Anuradhapura,21.0,25.0
2023-11-10,Badulla,48.3,22.4
2023-11-10,Dambulla,14.6,24.6
2023-11-10,Nuwara Eliya,37.3,16.1
2023-11-11,Anuradhapura,4.9,25.3
2023-11-11,Badulla,11.5,22.5
2023-11-11,Dambulla,24.0,24.6
2023-11-11,Nuwara Eliya,2.7,15.8
2023-11-12,Anuradhapura,19.3,24.6
2023-11-12,Badulla,18.0,22.3
2023-11-12,Dambulla,20.9,23.9
2023-11-12,Nuwara Eliya,4.1,16.0
2023-11-13,Anuradhapura,14.0,24.8
2023-11-13,Badulla,10.8,22.5
2023-11-13,Dambulla,21.4,24.2
2023-11-13,Nuwara Eliya,39.6,16.0
2023-11-14,Anuradhapura,8.9,25.1
2023-11-14,Badulla,5.2,22.4
2023-11-14,Dambulla,10.7,24.6
2023-11-14,Nuwara Eliya,17.1,16.0
2023-11-15,Anuradhapura,8.0,25.3
2023-11-15,Badulla,8.1,22.7
2023-11-15,Dambulla,4.5,24.7
2023-11-15,Nuwara Eliya,3.8,16.2
2023-11-16,Anuradhapura,12.9,25.6
2023-11-16,Badulla,10.2,22.9
2023-11-16,Dambulla,16.6,25.0
2023-11-16,Nuwara Eliya,4.5,16.1
2023-11-17,Anuradhapura,13.0,25.5
2023-11-17,Badulla,3.2,23.0
2023-11-17,Dambulla,3.0,25.3
2023-11-17,Nuwara Eliya,24.1,16.2
2023-11-18,Anuradhapura,13.5,25.2
2023-11-18,Badulla,33.1,22.3
2023-11-18,Dambulla,25.8,24.5
2023-11-18,Nuwara Eliya,39.9,16.4
2023-11-19,Anuradhapura,24.9,24.7
2023-11-19,Badulla,44.1,22.1
2023-11-19,Dambulla,17.4,24.2
2023-11-19,Nuwara Eliya,32.3,16.3
2023-11-20,Anuradhapura,26.5,25.5
2023-11-20,Badulla,28.6,22.7
2023-11-20,Dambulla,13.4,24.7
2023-11-20,Nuwara Eliya,5.7,16.3
2023-11-21,Anuradhapura,17.0,25.8
2023-11-21,Badulla,31.7,22.6
2023-11-21,Dambulla,44.0,24.9
2023-11-21,Nuwara Eliya,31.6,16.4
2023-11-22,Anuradhapura,32.1,24.9
2023-11-22,Badulla,49.3,22.1
2023-11-22,Dambulla,33.8,24.3
2023-11-22,Nuwara Eliya,22.0,16.2
2023-11-23,Anuradhapura,1.3,26.4
2023-11-23,Badulla,9.4,23.2
2023-11-23,Dambulla,12.7,25.6
2023-11-23,Nuwara Eliya,6.5,16.0
2023-11-24,Anuradhapura,1.3,26.1
2023-11-24,Badulla,1.2,22.6
2023-11-24,Dambulla,1.0,25.6
2023-11-24,Nuwara Eliya,0.7,15.3
2023-11-25,Anuradhapura,2.5,26.1
2023-11-25,Badulla,5.6,22.3
2023-11-25,Dambulla,2.0,25.1
2023-11-25,Nuwara Eliya,1.4,14.8
2023-11-26,Anuradhapura,1.0,26.1
2023-11-26,Badulla,8.2,21.7
2023-11-26,Dambulla,3.3,24.6
2023-11-26,Nuwara Eliya,3.8,14.5
2023-11-27,Anuradhapura,13.1,25.7
2023-11-27,Badulla,14.3,22.5
2023-11-27,Dambulla,5.4,24.6
2023-11-27,Nuwara Eliya,6.4,15.6
2023-11-28,Anuradhapura,17.2,25.2
2023-11-28,Badulla,30.2,22.1
2023-11-28,Dambulla,9.4,24.2
2023-11-28,Nuwara Eliya,9.6,15.8
2023-11-29,Anuradhapura,11.4,24.8
2023-11-29,Badulla,7.6,21.9
2023-11-29,Dambulla,6.9,24.0
2023-11-29,Nuwara Eliya,6.1,15.8
2023-11-30,Anuradhapura,12.9,24.9
2023-11-30,Badulla,5.3,22.0
2023-11-30,Dambulla,6.1,24.3
2023-11-30,Nuwara Eliya,6.1,15.7
2023-12-01,Anuradhapura,23.0,24.3
2023-12-01,Badulla,23.2,21.7
2023-12-01,Dambulla,17.4,23.8
2023-12-01,Nuwara Eliya,20.7,15.7
2023-12-02,Anuradhapura,18.7,25.1
2023-12-02,Badulla,9.3,22.2
2023-12-02,Dambulla,23.9,24.0
2023-12-02,Nuwara Eliya,7.5,15.7
2023-12-03,Anuradhapura,7.3,25.3
2023-12-03,Badulla,3.8,22.6
2023-12-03,Dambulla,4.1,24.3
2023-12-03,Nuwara Eliya,1.3,16.4
2023-12-04,Anuradhapura,11.7,25.2
2023-12-04,Badulla,0.7,23.2
2023-12-04,Dambulla,2.6,24.7
2023-12-04,Nuwara Eliya,9.3,16.5
2023-12-05,Anuradhapura,3.1,25.9
2023-12-05,Badulla,7.1,23.0
2023-12-05,Dambulla,2.9,25.2
2023-12-05,Nuwara Eliya,3.5,16.5
2023-12-06,Anuradhapura,3.9,26.0
2023-12-06,Badulla,1.5,22.5
2023-12-06,Dambulla,2.5,25.2
2023-12-06,Nuwara Eliya,4.0,16.2
2023-12-07,Anuradhapura,12.5,26.2
2023-12-07,Badulla,10.8,22.9
2023-12-07,Dambulla,13.9,25.2
2023-12-07,Nuwara Eliya,7.1,16.6
2023-12-08,Anuradhapura,17.3,25.5
2023-12-08,Badulla,23.5,22.4
2023-12-08,Dambulla,26.8,24.8
2023-12-08,Nuwara Eliya,18.2,16.3
2023-12-09,Anuradhapura,13.7,25.2
2023-12-09,Badulla,17.1,22.1
2023-12-09,Dambulla,14.9,24.3
2023-12-09,Nuwara Eliya,5.8,15.9
2023-12-10,Anuradhapura,6.9,25.2
2023-12-10,Badulla,28.6,22.2
2023-12-10,Dambulla,10.9,24.2
2023-12-10,Nuwara Eliya,5.5,15.5
2023-12-11,Anuradhapura,3.2,25.2
2023-12-11,Badulla,6.7,22.3
2023-12-11,Dambulla,2.3,24.9
2023-12-11,Nuwara Eliya,2.0,16.5
2023-12-12,Anuradhapura,5.5,25.4
2023-12-12,Badulla,33.8,21.5
2023-12-12,Dambulla,8.2,24.0
2023-12-12,Nuwara Eliya,13.2,14.9
2023-12-13,Anuradhapura,0.0,25.8
2023-12-13,Badulla,16.2,21.9
2023-12-13,Dambulla,2.8,24.8
2023-12-13,Nuwara Eliya,4.1,15.1
2023-12-14,Anuradhapura,12.1,25.1
2023-12-14,Badulla,31.8,21.7
2023-12-14,Dambulla,23.5,23.9
2023-12-14,Nuwara Eliya,14.9,15.8
2023-12-15,Anuradhapura,1.5,25.5
2023-12-15,Badulla,38.9,21.4
2023-12-15,Dambulla,10.4,23.7
2023-12-15,Nuwara Eliya,29.5,15.4
2023-12-16,Anuradhapura,46.2,24.2
2023-12-16,Badulla,35.3,22.1
2023-12-16,Dambulla,26.3,23.7
2023-12-16,Nuwara Eliya,14.4,16.0
2023-12-17,Anuradhapura,21.9,24.7
2023-12-17,Badulla,8.6,23.1
2023-12-17,Dambulla,5.7,24.1
2023-12-17,Nuwara Eliya,5.4,16.3
2023-12-18,Anuradhapura,23.8,24.6
2023-12-18,Badulla,24.2,21.8
2023-12-18,Dambulla,11.7,24.0
2023-12-18,Nuwara Eliya,81.5,15.9
2023-12-19,Anuradhapura,22.8,24.9
2023-12-19,Badulla,32.3,22.1
2023-12-19,Dambulla,7.0,24.1
2023-12-19,Nuwara Eliya,7.9,15.3
2023-12-20,Anuradhapura,1.7,25.8
2023-12-20,Badulla,5.7,22.6
2023-12-20,Dambulla,2.6,24.7
2023-12-20,Nuwara Eliya,8.6,15.3
2023-12-21,Anuradhapura,1.3,25.8
2023-12-21,Badulla,2.7,22.9
2023-12-21,Dambulla,2.0,25.0
2023-12-21,Nuwara Eliya,0.7,15.0
2023-12-22,Anuradhapura,1.8,25.3
2023-12-22,Badulla,2.0,22.5
2023-12-22,Dambulla,0.3,24.9
2023-12-22,Nuwara Eliya,0.0,14.8
2023-12-23,Anuradhapura,1.9,25.2
2023-12-23,Badulla,2.6,22.1
2023-12-23,Dambulla,0.7,24.9
2023-12-23,Nuwara Eliya,0.0,14.3
2023-12-24,Anuradhapura,1.0,25.7
2023-12-24,Badulla,12.9,22.2
2023-12-24,Dambulla,2.2,24.8
2023-12-24,Nuwara Eliya,6.1,15.0
2023-12-25,Anuradhapura,0.9,25.8
2023-12-25,Badulla,3.0,22.3
2023-12-25,Dambulla,0.9,24.9
2023-12-25,Nuwara Eliya,1.8,14.7
2023-12-26,Anuradhapura,1.0,25.6
2023-12-26,Badulla,13.2,21.3
2023-12-26,Dambulla,2.4,24.6
2023-12-26,Nuwara Eliya,4.8,14.2
2023-12-27,Anuradhapura,4.0,25.1
2023-12-27,Badulla,19.3,21.6
2023-12-27,Dambulla,12.6,23.8
2023-12-27,Nuwara Eliya,13.5,15.5
2023-12-28,Anuradhapura,4.6,25.4
2023-12-28,Badulla,28.2,21.9
2023-12-28,Dambulla,9.7,23.6
2023-12-28,Nuwara Eliya,29.3,15.4
2023-12-29,Anuradhapura,0.7,25.5
2023-12-29,Badulla,31.7,21.9
2023-12-29,Dambulla,3.9,23.8
2023-12-29,Nuwara Eliya,14.6,15.3
2023-12-30,Anuradhapura,2.4,25.3
2023-12-30,Badulla,21.7,21.9
2023-12-30,Dambulla,7.0,23.7
2023-12-30,Nuwara Eliya,9.4,15.3
2023-12-31,Anuradhapura,2.5,25.4
2023-12-31,Badulla,34.3,21.8
2023-12-31,Dambulla,4.3,23.9
2023-12-31,Nuwara Eliya,8.7,15.3
2024-01-01,Anuradhapura,15.1,25.0
2024-01-01,Badulla,23.1,21.7
2024-01-01,Dambulla,15.6,23.5
2024-01-01,Nuwara Eliya,18.6,15.7
2024-01-02,Anuradhapura,1.8,25.0
2024-01-02,Badulla,7.8,21.9
2024-01-02,Dambulla,2.5,24.0
2024-01-02,Nuwara Eliya,16.3,16.0
2024-01-03,Anuradhapura,2.1,25.6
2024-01-03,Badulla,3.9,22.1
2024-01-03,Dambulla,1.1,24.8
2024-01-03,Nuwara Eliya,2.2,15.5
2024-01-04,Anuradhapura,0.9,25.9
2024-01-04,Badulla,1.9,22.6
2024-01-04,Dambulla,0.2,25.4
2024-01-04,Nuwara Eliya,2.2,16.0
2024-01-05,Anuradhapura,9.7,25.6
2024-01-05,Badulla,11.1,22.7
2024-01-05,Dambulla,9.7,24.9
2024-01-05,Nuwara Eliya,2.3,16.1
2024-01-06,Anuradhapura,2.5,25.3
2024-01-06,Badulla,16.5,22.1
2024-01-06,Dambulla,9.1,24.5
2024-01-06,Nuwara Eliya,14.3,15.9
2024-01-07,Anuradhapura,7.6,24.8
2024-01-07,Badulla,15.6,21.7
2024-01-07,Dambulla,16.3,24.0
2024-01-07,Nuwara Eliya,4.6,15.5
2024-01-08,Anuradhapura,13.5,24.7
2024-01-08,Badulla,13.9,21.7
2024-01-08,Dambulla,4.1,23.9
2024-01-08,Nuwara Eliya,5.9,15.1
2024-01-09,Anuradhapura,13.3,24.1
2024-01-09,Badulla,23.8,21.3
2024-01-09,Dambulla,18.3,22.9
2024-01-09,Nuwara Eliya,28.6,15.0
2024-01-10,Anuradhapura,20.6,24.2
2024-01-10,Badulla,35.0,21.8
2024-01-10,Dambulla,13.6,23.2
2024-01-10,Nuwara Eliya,30.7,15.0
2024-01-11,Anuradhapura,3.7,25.7
2024-01-11,Badulla,18.6,21.6
2024-01-11,Dambulla,5.7,23.9
2024-01-11,Nuwara Eliya,15.8,15.4
2024-01-12,Anuradhapura,0.1,26.1
2024-01-12,Badulla,4.7,21.9
2024-01-12,Dambulla,0.8,24.7
2024-01-12,Nuwara Eliya,0.0,14.1
2024-01-13,Anuradhapura,0.0,25.5
2024-01-13,Badulla,5.7,21.3
2024-01-13,Dambulla,0.1,24.3
2024-01-13,Nuwara Eliya,0.0,13.6
2024-01-14,Anuradhapura,0.3,25.3
2024-01-14,Badulla,2.0,20.6
2024-01-14,Dambulla,0.5,24.0
2024-01-14,Nuwara Eliya,0.0,12.8
2024-01-15,Anuradhapura,0.0,23.9
2024-01-15,Badulla,0.0,19.8
2024-01-15,Dambulla,0.0,23.0
2024-01-15,Nuwara Eliya,0.5,13.8
2024-01-16,Anuradhapura,0.3,24.1
2024-01-16,Badulla,1.1,20.0
2024-01-16,Dambulla,0.5,23.1
2024-01-16,Nuwara Eliya,0.7,13.5
2024-01-17,Anuradhapura,0.0,24.8
2024-01-17,Badulla,1.3,21.3
2024-01-17,Dambulla,0.3,24.0
2024-01-17,Nuwara Eliya,0.6,15.5
2024-01-18,Anuradhapura,1.9,25.4
2024-01-18,Badulla,8.9,22.3
2024-01-18,Dambulla,3.4,24.7
2024-01-18,Nuwara Eliya,0.9,15.8
2024-01-19,Anuradhapura,3.4,25.1
2024-01-19,Badulla,4.3,21.6
2024-01-19,Dambulla,3.3,24.1
2024-01-19,Nuwara Eliya,3.1,15.7
2024-01-20,Anuradhapura,1.1,25.4
2024-01-20,Badulla,9.3,21.7
2024-01-20,Dambulla,4.6,24.2
2024-01-20,Nuwara Eliya,4.2,15.7
2024-01-21,Anuradhapura,0.2,26.2
2024-01-21,Badulla,4.2,22.4
2024-01-21,Dambulla,0.7,25.1
2024-01-21,Nuwara Eliya,0.5,16.0
2024-01-22,Anuradhapura,0.0,26.0
2024-01-22,Badulla,0.5,22.5
2024-01-22,Dambulla,0.0,25.2
2024-01-22,Nuwara Eliya,0.7,15.6
2024-01-23,Anuradhapura,0.6,25.6
2024-01-23,Badulla,1.5,21.6
2024-01-23,Dambulla,0.2,24.4
2024-01-23,Nuwara Eliya,0.5,14.4
2024-01-24,Anuradhapura,0.0,24.8
2024-01-24,Badulla,0.0,20.8
2024-01-24,Dambulla,0.0,24.1
2024-01-24,Nuwara Eliya,0.0,13.6
2024-01-25,Anuradhapura,0.0,24.9
2024-01-25,Badulla,0.0,20.7
2024-01-25,Dambulla,0.0,23.9
2024-01-25,Nuwara Eliya,0.3,13.4
2024-01-26,Anuradhapura,0.2,24.9
2024-01-26,Badulla,6.8,20.5
2024-01-26,Dambulla,0.5,23.7
2024-01-26,Nuwara Eliya,0.4,13.6
2024-01-27,Anuradhapura,0.0,25.1
2024-01-27,Badulla,7.7,21.2
2024-01-27,Dambulla,0.6,24.1
2024-01-27,Nuwara Eliya,1.7,14.6
2024-01-28,Anuradhapura,0.7,25.5
2024-01-28,Badulla,17.2,21.6
2024-01-28,Dambulla,2.2,24.4
2024-01-28,Nuwara Eliya,2.6,15.1
2024-01-29,Anuradhapura,0.3,25.6
2024-01-29,Badulla,11.6,21.1
2024-01-29,Dambulla,3.2,24.4
2024-01-29,Nuwara Eliya,5.7,14.8
2024-01-30,Anuradhapura,6.7,25.6
2024-01-30,Badulla,12.4,22.0
2024-01-30,Dambulla,10.4,24.2
2024-01-30,Nuwara Eliya,8.3,16.1
2024-01-31,Anuradhapura,27.6,25.0
2024-01-31,Badulla,29.5,22.4
2024-01-31,Dambulla,22.9,24.3
2024-01-31,Nuwara Eliya,15.7,15.8
2024-02-01,Anuradhapura,3.0,25.5
2024-02-01,Badulla,7.0,21.8
2024-02-01,Dambulla,7.1,24.6
2024-02-01,Nuwara Eliya,17.7,15.7
2024-02-02,Anuradhapura,0.3,26.7
2024-02-02,Badulla,1.2,22.6
2024-02-02,Dambulla,0.0,25.7
2024-02-02,Nuwara Eliya,1.1,16.3
2024-02-03,Anuradhapura,0.0,26.6
2024-02-03,Badulla,1.3,22.9
2024-02-03,Dambulla,0.0,25.6
2024-02-03,Nuwara Eliya,0.0,15.0
2024-02-04,Anuradhapura,1.6,25.8
2024-02-04,Badulla,7.9,21.5
2024-02-04,Dambulla,1.6,24.5
2024-02-04,Nuwara Eliya,5.6,15.2
2024-02-05,Anuradhapura,0.7,25.9
2024-02-05,Badulla,12.8,22.1
2024-02-05,Dambulla,2.3,24.7
2024-02-05,Nuwara Eliya,4.3,15.6
2024-02-06,Anuradhapura,0.0,25.7
2024-02-06,Badulla,2.0,22.6
2024-02-06,Dambulla,0.3,24.9
2024-02-06,Nuwara Eliya,0.0,14.9
2024-02-07,Anuradhapura,0.0,25.5
2024-02-07,Badulla,0.1,21.7
2024-02-07,Dambulla,0.1,24.4
2024-02-07,Nuwara Eliya,0.0,15.2
2024-02-08,Anuradhapura,0.0,25.6
2024-02-08,Badulla,0.0,21.5
2024-02-08,Dambulla,0.0,24.5
2024-02-08,Nuwara Eliya,0.0,13.7
2024-02-09,Anuradhapura,0.0,25.9
2024-02-09,Badulla,0.2,21.3
2024-02-09,Dambulla,0.0,24.7
2024-02-09,Nuwara Eliya,0.0,13.5
2024-02-10,Anuradhapura,0.0,26.3
2024-02-10,Badulla,2.4,21.7
2024-02-10,Dambulla,0.1,24.9
2024-02-10,Nuwara Eliya,0.0,13.9
2024-02-11,Anuradhapura,0.1,26.0
2024-02-11,Badulla,2.9,21.1
2024-02-11,Dambulla,0.3,24.7
2024-02-11,Nuwara Eliya,0.0,13.6
2024-02-12,Anuradhapura,0.1,26.2
2024-02-12,Badulla,3.0,22.0
2024-02-12,Dambulla,0.3,25.0
2024-02-12,Nuwara Eliya,1.3,14.5
2024-02-13,Anuradhapura,1.1,26.3
2024-02-13,Badulla,6.7,22.2
2024-02-13,Dambulla,3.1,25.1
2024-02-13,Nuwara Eliya,4.1,14.8
2024-02-14,Anuradhapura,1.5,26.8
2024-02-14,Badulla,12.0,22.4
2024-02-14,Dambulla,3.6,25.3
2024-02-14,Nuwara Eliya,9.2,15.6
2024-02-15,Anuradhapura,1.7,26.5
2024-02-15,Badulla,15.3,22.3
2024-02-15,Dambulla,2.7,25.4
2024-02-15,Nuwara Eliya,7.6,16.0
2024-02-16,Anuradhapura,0.4,26.9
2024-02-16,Badulla,9.7,22.3
2024-02-16,Dambulla,1.2,25.3
2024-02-16,Nuwara Eliya,5.5,14.7
2024-02-17,Anuradhapura,0.2,27.0
2024-02-17,Badulla,2.7,22.6
2024-02-17,Dambulla,2.4,25.4
2024-02-17,Nuwara Eliya,0.8,15.3
2024-02-18,Anuradhapura,0.0,26.8
2024-02-18,Badulla,0.0,22.1
2024-02-18,Dambulla,0.0,25.5
2024-02-18,Nuwara Eliya,0.0,15.2
2024-02-19,Anuradhapura,0.1,27.1
2024-02-19,Badulla,0.1,22.4
2024-02-19,Dambulla,0.0,25.8
2024-02-19,Nuwara Eliya,0.0,15.3
2024-02-20,Anuradhapura,0.0,27.4
2024-02-20,Badulla,3.3,22.8
2024-02-20,Dambulla,0.1,26.1
2024-02-20,Nuwara Eliya,1.8,16.6
2024-02-21,Anuradhapura,0.0,27.4
2024-02-21,Badulla,0.0,23.1
2024-02-21,Dambulla,0.0,26.3
2024-02-21,Nuwara Eliya,1.3,16.5
2024-02-22,Anuradhapura,0.2,27.2
2024-02-22,Badulla,0.0,23.4
2024-02-22,Dambulla,0.1,26.4
2024-02-22,Nuwara Eliya,1.0,17.6
2024-02-23,Anuradhapura,0.1,28.3
2024-02-23,Badulla,0.3,23.7
2024-02-23,Dambulla,0.0,27.0
2024-02-23,Nuwara Eliya,0.8,17.1
2024-02-24,Anuradhapura,0.0,27.8
2024-02-24,Badulla,0.0,23.1
2024-02-24,Dambulla,0.0,26.5
2024-02-24,Nuwara Eliya,1.2,15.9
2024-02-25,Anuradhapura,0.0,27.6
2024-02-25,Badulla,0.3,22.4
2024-02-25,Dambulla,0.0,26.4
2024-02-25,Nuwara Eliya,0.0,16.1
2024-02-26,Anuradhapura,0.6,27.8
2024-02-26,Badulla,3.9,23.0
2024-02-26,Dambulla,1.5,26.5
2024-02-26,Nuwara Eliya,1.8,15.6
2024-02-27,Anuradhapura,0.3,27.9
2024-02-27,Badulla,5.4,23.0
2024-02-27,Dambulla,1.4,26.4
2024-02-27,Nuwara Eliya,2.3,15.8
2024-02-28,Anuradhapura,0.0,27.2
2024-02-28,Badulla,10.6,21.8
2024-02-28,Dambulla,1.0,25.9
2024-02-28,Nuwara Eliya,2.9,15.5
2024-02-29,Anuradhapura,0.0,27.2
2024-02-29,Badulla,1.5,22.5
2024-02-29,Dambulla,0.7,25.8
2024-02-29,Nuwara Eliya,0.5,15.2
2024-03-01,Anuradhapura,0.0,27.3
2024-03-01,Badulla,1.7,22.1
2024-03-01,Dambulla,0.1,26.0
2024-03-01,Nuwara Eliya,1.0,15.1
2024-03-02,Anuradhapura,0.0,27.6
2024-03-02,Badulla,0.0,22.3
2024-03-02,Dambulla,0.0,26.3
2024-03-02,Nuwara Eliya,0.2,15.4
2024-03-03,Anuradhapura,0.0,27.4
2024-03-03,Badulla,0.0,21.8
2024-03-03,Dambulla,0.0,26.1
2024-03-03,Nuwara Eliya,2.7,15.8
2024-03-04,Anuradhapura,0.0,27.0
2024-03-04,Badulla,0.0,21.8
2024-03-04,Dambulla,0.0,25.9
2024-03-04,Nuwara Eliya,0.0,15.9
2024-03-05,Anuradhapura,0.0,27.3
2024-03-05,Badulla,0.0,22.4
2024-03-05,Dambulla,0.0,26.4
2024-03-05,Nuwara Eliya,0.0,17.1
2024-03-06,Anuradhapura,0.0,27.5
2024-03-06,Badulla,0.0,22.5
2024-03-06,Dambulla,0.0,26.5
2024-03-06,Nuwara Eliya,2.2,16.7
2024-03-07,Anuradhapura,0.0,27.2
2024-03-07,Badulla,0.0,23.3
2024-03-07,Dambulla,0.0,26.0
2024-03-07,Nuwara Eliya,0.8,17.7
2024-03-08,Anuradhapura,0.0,28.1
2024-03-08,Badulla,0.0,23.5
2024-03-08,Dambulla,0.0,27.0
2024-03-08,Nuwara Eliya,3.5,16.7
2024-03-09,Anuradhapura,0.1,28.2
2024-03-09,Badulla,0.0,23.9
2024-03-09,Dambulla,0.0,26.8
2024-03-09,Nuwara Eliya,0.0,16.5
2024-03-10,Anuradhapura,0.0,27.9
2024-03-10,Badulla,0.0,23.7
2024-03-10,Dambulla,0.0,26.4
2024-03-10,Nuwara Eliya,0.0,15.3
2024-03-11,Anuradhapura,0.1,28.0
2024-03-11,Badulla,0.0,23.5
2024-03-11,Dambulla,0.0,26.8
2024-03-11,Nuwara Eliya,0.0,14.7
2024-03-12,Anuradhapura,0.0,27.9
2024-03-12,Badulla,0.0,23.7
2024-03-12,Dambulla,0.0,26.9
2024-03-12,Nuwara Eliya,0.4,16.5
2024-03-13,Anuradhapura,0.0,28.0
2024-03-13,Badulla,0.0,23.7
2024-03-13,Dambulla,0.0,27.3
2024-03-13,Nuwara Eliya,0.2,17.4
2024-03-14,Anuradhapura,0.0,28.3
2024-03-14,Badulla,0.0,24.1
2024-03-14,Dambulla,0.0,28.2
2024-03-14,Nuwara Eliya,2.7,17.1
2024-03-15,Anuradhapura,0.1,29.0
2024-03-15,Badulla,0.0,24.6
2024-03-15,Dambulla,0.0,28.1
2024-03-15,Nuwara Eliya,1.7,17.3
2024-03-16,Anuradhapura,0.0,29.4
2024-03-16,Badulla,0.0,24.4
2024-03-16,Dambulla,0.0,28.2
2024-03-16,Nuwara Eliya,0.8,16.3
2024-03-17,Anuradhapura,0.0,28.4
2024-03-17,Badulla,0.0,23.8
2024-03-17,Dambulla,0.0,27.3
2024-03-17,Nuwara Eliya,0.0,17.2
2024-03-18,Anuradhapura,0.0,27.8
2024-03-18,Badulla,0.0,23.3
2024-03-18,Dambulla,0.0,27.0
2024-03-18,Nuwara Eliya,0.0,16.9
2024-03-19,Anuradhapura,0.0,28.4
2024-03-19,Badulla,0.0,23.8
2024-03-19,Dambulla,0.0,27.4
2024-03-19,Nuwara Eliya,1.0,16.4
2024-03-20,Anuradhapura,0.1,28.6
2024-03-20,Badulla,0.1,24.1
2024-03-20,Dambulla,0.0,27.6
2024-03-20,Nuwara Eliya,0.1,17.0
2024-03-21,Anuradhapura,2.8,27.2
2024-03-21,Badulla,7.4,23.3
2024-03-21,Dambulla,1.3,26.1
2024-03-21,Nuwara Eliya,4.1,16.7
2024-03-22,Anuradhapura,4.7,26.9
2024-03-22,Badulla,11.5,23.1
2024-03-22,Dambulla,4.9,26.0
2024-03-22,Nuwara Eliya,7.7,16.5
2024-03-23,Anuradhapura,1.5,28.4
2024-03-23,Badulla,5.8,23.5
2024-03-23,Dambulla,0.4,27.4
2024-03-23,Nuwara Eliya,7.5,16.7
2024-03-24,Anuradhapura,3.6,28.1
2024-03-24,Badulla,8.5,22.9
2024-03-24,Dambulla,3.3,26.8
2024-03-24,Nuwara Eliya,5.3,17.0
2024-03-25,Anuradhapura,0.2,28.8
2024-03-25,Badulla,2.5,24.0
2024-03-25,Dambulla,0.7,27.5
2024-03-25,Nuwara Eliya,0.0,16.9
2024-03-26,Anuradhapura,2.5,27.7
2024-03-26,Badulla,7.5,23.5
2024-03-26,Dambulla,3.5,26.5
2024-03-26,Nuwara Eliya,1.5,17.7
2024-03-27,Anuradhapura,24.9,27.1
2024-03-27,Badulla,23.8,23.2
2024-03-27,Dambulla,23.3,25.8
2024-03-27,Nuwara Eliya,29.3,16.7
2024-03-28,Anuradhapura,0.0,28.8
2024-03-28,Badulla,10.5,23.8
2024-03-28,Dambulla,1.7,27.5
2024-03-28,Nuwara Eliya,3.6,17.3
2024-03-29,Anuradhapura,0.0,29.1
2024-03-29,Badulla,0.0,25.0
2024-03-29,Dambulla,0.0,27.6
2024-03-29,Nuwara Eliya,0.0,17.3
2024-03-30,Anuradhapura,1.6,28.4
2024-03-30,Badulla,0.0,24.3
2024-03-30,Dambulla,2.6,27.6
2024-03-30,Nuwara Eliya,0.1,17.4
2024-03-31,Anuradhapura,0.7,29.0
2024-03-31,Badulla,1.7,23.7
2024-03-31,Dambulla,0.9,28.0
2024-03-31,Nuwara Eliya,2.0,16.8
2024-04-01,Anuradhapura,1.5,29.2
2024-04-01,Badulla,5.3,24.4
2024-04-01,Dambulla,1.1,28.5
2024-04-01,Nuwara Eliya,0.4,17.2
2024-04-02,Anuradhapura,2.7,29.0
2024-04-02,Badulla,5.8,25.0
2024-04-02,Dambulla,2.5,28.3
2024-04-02,Nuwara Eliya,1.8,17.9
2024-04-03,Anuradhapura,2.6,28.9
2024-04-03,Badulla,2.2,24.5
2024-04-03,Dambulla,1.2,28.1
2024-04-03,Nuwara Eliya,2.2,18.0
2024-04-04,Anuradhapura,0.5,29.2
2024-04-04,Badulla,4.2,24.5
2024-04-04,Dambulla,0.8,28.3
2024-04-04,Nuwara Eliya,3.9,17.9
2024-04-05,Anuradhapura,0.7,29.3
2024-04-05,Badulla,0.4,25.2
2024-04-05,Dambulla,0.2,29.0
2024-04-05,Nuwara Eliya,0.8,18.4
2024-04-06,Anuradhapura,0.7,30.2
2024-04-06,Badulla,0.0,25.7
2024-04-06,Dambulla,0.0,29.4
2024-04-06,Nuwara Eliya,0.4,18.9
2024-04-07,Anuradhapura,0.7,30.1
2024-04-07,Badulla,0.0,25.8
2024-04-07,Dambulla,1.3,29.6
2024-04-07,Nuwara Eliya,1.3,18.5
2024-04-08,Anuradhapura,0.2,30.3
2024-04-08,Badulla,0.2,25.3
2024-04-08,Dambulla,0.1,29.4
2024-04-08,Nuwara Eliya,0.4,17.6
2024-04-09,Anuradhapura,0.0,29.3
2024-04-09,Badulla,0.0,24.8
2024-04-09,Dambulla,0.0,28.0
2024-04-09,Nuwara Eliya,0.0,16.9
2024-04-10,Anuradhapura,0.1,29.4
2024-04-10,Badulla,1.8,24.3
2024-04-10,Dambulla,0.0,28.4
2024-04-10,Nuwara Eliya,2.1,17.2
2024-04-11,Anuradhapura,9.5,28.5
2024-04-11,Badulla,14.9,23.6
2024-04-11,Dambulla,1.3,27.7
2024-04-11,Nuwara Eliya,3.1,17.4
2024-04-12,Anuradhapura,13.2,27.0
2024-04-12,Badulla,30.8,23.1
2024-04-12,Dambulla,11.3,25.9
2024-04-12,Nuwara Eliya,21.7,16.1
2024-04-13,Anuradhapura,2.0,27.6
2024-04-13,Badulla,9.7,23.8
2024-04-13,Dambulla,2.3,27.1
2024-04-13,Nuwara Eliya,4.4,16.4
2024-04-14,Anuradhapura,1.0,28.3
2024-04-14,Badulla,22.1,23.4
2024-04-14,Dambulla,1.1,26.8
2024-04-14,Nuwara Eliya,6.9,16.4
2024-04-15,Anuradhapura,1.4,28.3
2024-04-15,Badulla,7.7,23.6
2024-04-15,Dambulla,10.3,26.6
2024-04-15,Nuwara Eliya,2.8,16.6
2024-04-16,Anuradhapura,1.4,28.3
2024-04-16,Badulla,1.8,24.3
2024-04-16,Dambulla,1.8,27.3
2024-04-16,Nuwara Eliya,2.3,16.9
2024-04-17,Anuradhapura,2.2,28.8
2024-04-17,Badulla,1.8,24.2
2024-04-17,Dambulla,1.7,28.3
2024-04-17,Nuwara Eliya,1.1,17.3
2024-04-18,Anuradhapura,0.6,28.9
2024-04-18,Badulla,0.0,25.5
2024-04-18,Dambulla,2.0,28.5
2024-04-18,Nuwara Eliya,0.0,17.3
2024-04-19,Anuradhapura,1.0,28.9
2024-04-19,Badulla,0.0,24.6
2024-04-19,Dambulla,0.6,28.7
2024-04-19,Nuwara Eliya,0.0,17.7
2024-04-20,Anuradhapura,6.9,28.8
2024-04-20,Badulla,0.0,25.8
2024-04-20,Dambulla,2.1,28.7
2024-04-20,Nuwara Eliya,0.0,18.4
2024-04-21,Anuradhapura,1.6,29.7
2024-04-21,Badulla,0.1,25.9
2024-04-21,Dambulla,1.5,29.5
2024-04-21,Nuwara Eliya,0.3,18.0
2024-04-22,Anuradhapura,1.4,29.3
2024-04-22,Badulla,0.0,26.0
2024-04-22,Dambulla,2.3,29.1
2024-04-22,Nuwara Eliya,0.0,17.8
2024-04-23,Anuradhapura,0.1,29.8
2024-04-23,Badulla,0.0,26.0
2024-04-23,Dambulla,0.0,29.9
2024-04-23,Nuwara Eliya,0.0,18.3
2024-04-24,Anuradhapura,0.1,30.3
2024-04-24,Badulla,0.0,25.6
2024-04-24,Dambulla,0.8,30.1
2024-04-24,Nuwara Eliya,1.6,18.2
2024-04-25,Anuradhapura,0.0,30.5
2024-04-25,Badulla,0.0,25.8
2024-04-25,Dambulla,0.0,29.8
2024-04-25,Nuwara Eliya,0.3,18.2
2024-04-26,Anuradhapura,0.0,30.5
2024-04-26,Badulla,0.5,26.1
2024-04-26,Dambulla,0.0,29.6
2024-04-26,Nuwara Eliya,0.4,18.7
2024-04-27,Anuradhapura,0.2,30.5
2024-04-27,Badulla,2.6,25.6
2024-04-27,Dambulla,1.1,29.7
2024-04-27,Nuwara Eliya,2.5,18.2
2024-04-28,Anuradhapura,0.0,30.5
2024-04-28,Badulla,1.1,25.5
2024-04-28,Dambulla,1.7,29.8
2024-04-28,Nuwara Eliya,1.1,18.5
2024-04-29,Anuradhapura,9.4,29.0
2024-04-29,Badulla,9.7,24.7
2024-04-29,Dambulla,6.2,28.1
2024-04-29,Nuwara Eliya,4.0,18.4
2024-04-30,Anuradhapura,1.7,29.0
2024-04-30,Badulla,2.1,25.1
2024-04-30,Dambulla,2.1,27.9
2024-04-30,Nuwara Eliya,2.3,18.3
2024-05-01,Anuradhapura,0.1,29.9
2024-05-01,Badulla,0.3,26.4
2024-05-01,Dambulla,0.5,29.0
2024-05-01,Nuwara Eliya,1.6,19.2
2024-05-02,Anuradhapura,0.0,30.7
2024-05-02,Badulla,0.0,27.2
2024-05-02,Dambulla,0.1,30.2
2024-05-02,Nuwara Eliya,0.0,19.7
2024-05-03,Anuradhapura,0.0,30.5
2024-05-03,Badulla,0.0,27.4
2024-05-03,Dambulla,0.0,30.0
2024-05-03,Nuwara Eliya,0.8,20.1
2024-05-04,Anuradhapura,0.8,30.6
2024-05-04,Badulla,0.0,27.1
2024-05-04,Dambulla,0.8,29.7
2024-05-04,Nuwara Eliya,0.8,18.8
2024-05-05,Anuradhapura,1.1,30.6
2024-05-05,Badulla,0.5,27.9
2024-05-05,Dambulla,1.4,29.7
2024-05-05,Nuwara Eliya,0.0,18.9
2024-05-06,Anuradhapura,1.2,30.3
2024-05-06,Badulla,0.6,28.0
2024-05-06,Dambulla,2.3,29.8
2024-05-06,Nuwara Eliya,0.0,19.1
2024-05-07,Anuradhapura,4.4,29.8
2024-05-07,Badulla,0.1,27.7
2024-05-07,Dambulla,3.2,29.4
2024-05-07,Nuwara Eliya,0.2,18.8
2024-05-08,Anuradhapura,9.2,27.9
2024-05-08,Badulla,7.1,26.0
2024-05-08,Dambulla,26.5,27.3
2024-05-08,Nuwara Eliya,1.2,17.9
2024-05-09,Anuradhapura,5.9,28.0
2024-05-09,Badulla,1.4,25.9
2024-05-09,Dambulla,22.8,27.3
2024-05-09,Nuwara Eliya,24.7,17.5
2024-05-10,Anuradhapura,19.2,27.2
2024-05-10,Badulla,9.6,25.2
2024-05-10,Dambulla,15.7,26.6
2024-05-10,Nuwara Eliya,11.8,17.7
2024-05-11,Anuradhapura,18.1,28.4
2024-05-11,Badulla,10.4,25.5
2024-05-11,Dambulla,17.4,27.4
2024-05-11,Nuwara Eliya,13.5,17.7
2024-05-12,Anuradhapura,24.4,26.6
2024-05-12,Badulla,13.2,24.7
2024-05-12,Dambulla,19.8,26.4
2024-05-12,Nuwara Eliya,7.9,17.9
2024-05-13,Anuradhapura,8.1,27.5
2024-05-13,Badulla,21.9,24.6
2024-05-13,Dambulla,12.1,26.9
2024-05-13,Nuwara Eliya,7.1,17.8
2024-05-14,Anuradhapura,32.4,27.2
2024-05-14,Badulla,34.7,24.2
2024-05-14,Dambulla,29.5,26.5
2024-05-14,Nuwara Eliya,12.0,17.7
2024-05-15,Anuradhapura,28.1,27.2
2024-05-15,Badulla,2.9,24.7
2024-05-15,Dambulla,22.9,26.8
2024-05-15,Nuwara Eliya,5.3,18.1
2024-05-16,Anuradhapura,19.0,26.9
2024-05-16,Badulla,11.8,23.9
2024-05-16,Dambulla,14.9,26.1
2024-05-16,Nuwara Eliya,5.6,17.4
2024-05-17,Anuradhapura,12.1,26.7
2024-05-17,Badulla,4.1,23.7
2024-05-17,Dambulla,7.1,26.2
2024-05-17,Nuwara Eliya,4.7,17.4
2024-05-18,Anuradhapura,14.4,26.5
2024-05-18,Badulla,13.9,23.4
2024-05-18,Dambulla,24.2,25.4
2024-05-18,Nuwara Eliya,6.9,17.2
2024-05-19,Anuradhapura,10.2,25.9
2024-05-19,Badulla,3.9,24.1
2024-05-19,Dambulla,6.7,25.5
2024-05-19,Nuwara Eliya,6.3,16.9
2024-05-20,Anuradhapura,27.4,25.1
2024-05-20,Badulla,20.9,23.2
2024-05-20,Dambulla,14.0,24.5
2024-05-20,Nuwara Eliya,26.5,16.0
2024-05-21,Anuradhapura,7.0,26.5
2024-05-21,Badulla,3.1,24.9
2024-05-21,Dambulla,1.7,25.9
2024-05-21,Nuwara Eliya,6.9,16.3
2024-05-22,Anuradhapura,8.4,26.6
2024-05-22,Badulla,2.0,25.4
2024-05-22,Dambulla,7.3,25.4
2024-05-22,Nuwara Eliya,25.8,17.0
2024-05-23,Anuradhapura,7.0,26.6
2024-05-23,Badulla,8.5,25.5
2024-05-23,Dambulla,9.7,25.3
2024-05-23,Nuwara Eliya,38.8,17.1
2024-05-24,Anuradhapura,10.6,26.7
2024-05-24,Badulla,3.7,25.3
2024-05-24,Dambulla,15.4,25.5
2024-05-24,Nuwara Eliya,27.9,17.3
2024-05-25,Anuradhapura,7.3,27.0
2024-05-25,Badulla,6.4,25.1
2024-05-25,Dambulla,12.0,25.1
2024-05-25,Nuwara Eliya,36.0,17.3
2024-05-26,Anuradhapura,1.5,27.3
2024-05-26,Badulla,3.8,26.1
2024-05-26,Dambulla,2.0,25.7
2024-05-26,Nuwara Eliya,13.1,17.1
2024-05-27,Anuradhapura,0.1,27.6
2024-05-27,Badulla,2.1,26.3
2024-05-27,Dambulla,0.1,26.2
2024-05-27,Nuwara Eliya,4.5,17.4
2024-05-28,Anuradhapura,0.6,27.9
2024-05-28,Badulla,2.9,25.9
2024-05-28,Dambulla,0.5,26.5
2024-05-28,Nuwara Eliya,12.0,17.0
2024-05-29,Anuradhapura,0.4,28.4
2024-05-29,Badulla,2.9,25.9
2024-05-29,Dambulla,0.3,26.8
2024-05-29,Nuwara Eliya,2.3,17.2
2024-05-30,Anuradhapura,0.6,28.3
2024-05-30,Badulla,0.5,26.0
2024-05-30,Dambulla,0.9,26.9
2024-05-30,Nuwara Eliya,4.2,17.5
2024-05-31,Anuradhapura,0.4,29.0
2024-05-31,Badulla,0.5,25.8
2024-05-31,Dambulla,0.6,27.9
2024-05-31,Nuwara Eliya,2.5,18.9
2024-06-01,Anuradhapura,3.6,27.8
2024-06-01,Badulla,1.5,25.7
2024-06-01,Dambulla,0.5,27.2
2024-06-01,Nuwara Eliya,4.2,18.6
2024-06-02,Anuradhapura,10.3,26.9
2024-06-02,Badulla,21.0,24.8
2024-06-02,Dambulla,2.1,26.7
2024-06-02,Nuwara Eliya,33.0,17.4
2024-06-03,Anuradhapura,0.4,27.3
2024-06-03,Badulla,1.8,24.9
2024-06-03,Dambulla,0.8,26.6
2024-06-03,Nuwara Eliya,4.0,18.0
2024-06-04,Anuradhapura,1.3,27.8
2024-06-04,Badulla,0.0,25.2
2024-06-04,Dambulla,0.9,26.9
2024-06-04,Nuwara Eliya,0.6,18.0
2024-06-05,Anuradhapura,0.3,27.9
2024-06-05,Badulla,1.8,25.0
2024-06-05,Dambulla,0.5,26.9
2024-06-05,Nuwara Eliya,1.4,18.1
2024-06-06,Anuradhapura,2.6,27.5
2024-06-06,Badulla,0.2,24.6
2024-06-06,Dambulla,3.1,26.5
2024-06-06,Nuwara Eliya,1.6,17.3
2024-06-07,Anuradhapura,1.8,27.1
2024-06-07,Badulla,2.6,24.7
2024-06-07,Dambulla,0.9,26.5
2024-06-07,Nuwara Eliya,2.5,18.2
2024-06-08,Anuradhapura,0.3,27.2
2024-06-08,Badulla,0.9,24.9
2024-06-08,Dambulla,0.6,26.4
2024-06-08,Nuwara Eliya,0.9,17.5
2024-06-09,Anuradhapura,1.7,26.9
2024-06-09,Badulla,3.6,24.8
2024-06-09,Dambulla,1.1,26.0
2024-06-09,Nuwara Eliya,1.6,17.1
2024-06-10,Anuradhapura,0.4,27.8
2024-06-10,Badulla,2.0,25.7
2024-06-10,Dambulla,0.5,26.7
2024-06-10,Nuwara Eliya,0.4,16.8
2024-06-11,Anuradhapura,0.2,27.9
2024-06-11,Badulla,1.5,25.5
2024-06-11,Dambulla,0.8,26.8
2024-06-11,Nuwara Eliya,0.7,17.5
2024-06-12,Anuradhapura,1.6,27.7
2024-06-12,Badulla,3.0,25.6
2024-06-12,Dambulla,0.5,26.2
2024-06-12,Nuwara Eliya,1.0,17.2
2024-06-13,Anuradhapura,0.2,28.0
2024-06-13,Badulla,0.0,26.0
2024-06-13,Dambulla,0.1,27.0
2024-06-13,Nuwara Eliya,0.0,17.2
2024-06-14,Anuradhapura,0.5,27.9
2024-06-14,Badulla,0.0,25.1
2024-06-14,Dambulla,0.5,26.8
2024-06-14,Nuwara Eliya,0.0,16.6
2024-06-15,Anuradhapura,0.3,27.7
2024-06-15,Badulla,0.0,25.7
2024-06-15,Dambulla,0.1,26.6
2024-06-15,Nuwara Eliya,0.3,16.9
2024-06-16,Anuradhapura,0.0,27.8
2024-06-16,Badulla,0.0,26.0
2024-06-16,Dambulla,0.0,27.0
2024-06-16,Nuwara Eliya,0.0,16.8
2024-06-17,Anuradhapura,0.0,28.1
2024-06-17,Badulla,0.2,25.4
2024-06-17,Dambulla,1.0,27.3
2024-06-17,Nuwara Eliya,2.1,17.0
2024-06-18,Anuradhapura,1.4,27.5
2024-06-18,Badulla,0.9,25.6
2024-06-18,Dambulla,1.2,26.5
2024-06-18,Nuwara Eliya,1.5,16.8
2024-06-19,Anuradhapura,9.7,26.5
2024-06-19,Badulla,3.1,25.7
2024-06-19,Dambulla,1.5,25.8
2024-06-19,Nuwara Eliya,0.8,16.8
2024-06-20,Anuradhapura,1.0,27.1
2024-06-20,Badulla,0.7,25.9
2024-06-20,Dambulla,2.3,26.0
2024-06-20,Nuwara Eliya,0.7,17.1
2024-06-21,Anuradhapura,1.8,27.5
2024-06-21,Badulla,3.4,26.6
2024-06-21,Dambulla,1.5,26.0
2024-06-21,Nuwara Eliya,4.9,16.6
2024-06-22,Anuradhapura,0.8,27.7
2024-06-22,Badulla,1.4,26.3
2024-06-22,Dambulla,1.9,26.0
2024-06-22,Nuwara Eliya,9.0,16.4
2024-06-23,Anuradhapura,1.1,27.7
2024-06-23,Badulla,0.3,26.3
2024-06-23,Dambulla,3.2,25.6
2024-06-23,Nuwara Eliya,12.4,16.1
2024-06-24,Anuradhapura,1.2,27.9
2024-06-24,Badulla,0.0,26.2
2024-06-24,Dambulla,2.9,25.9
2024-06-24,Nuwara Eliya,13.9,16.0
2024-06-25,Anuradhapura,3.7,27.1
2024-06-25,Badulla,2.0,25.6
2024-06-25,Dambulla,2.3,25.2
2024-06-25,Nuwara Eliya,10.0,16.1
2024-06-26,Anuradhapura,0.3,27.4
2024-06-26,Badulla,9.5,24.4
2024-06-26,Dambulla,2.5,25.0
2024-06-26,Nuwara Eliya,17.9,15.5
2024-06-27,Anuradhapura,0.3,27.2
2024-06-27,Badulla,2.8,25.4
2024-06-27,Dambulla,0.9,25.9
2024-06-27,Nuwara Eliya,1.1,16.1
2024-06-28,Anuradhapura,0.0,27.9
2024-06-28,Badulla,0.0,25.6
2024-06-28,Dambulla,0.0,26.8
2024-06-28,Nuwara Eliya,0.6,15.9
2024-06-29,Anuradhapura,0.5,27.7
2024-06-29,Badulla,0.0,24.7
2024-06-29,Dambulla,0.7,26.7
2024-06-29,Nuwara Eliya,0.5,16.8
2024-06-30,Anuradhapura,0.3,28.0
2024-06-30,Badulla,0.3,25.9
2024-06-30,Dambulla,0.5,26.9
2024-06-30,Nuwara Eliya,1.2,17.1
2024-07-01,Anuradhapura,1.4,27.8
2024-07-01,Badulla,5.9,25.6
2024-07-01,Dambulla,1.7,26.7
2024-07-01,Nuwara Eliya,2.8,17.0
2024-07-02,Anuradhapura,0.0,28.2
2024-07-02,Badulla,0.3,25.9
2024-07-02,Dambulla,0.0,27.4
2024-07-02,Nuwara Eliya,0.4,17.3
2024-07-03,Anuradhapura,0.5,28.3
2024-07-03,Badulla,1.0,25.9
2024-07-03,Dambulla,0.3,27.1
2024-07-03,Nuwara Eliya,1.4,17.2
2024-07-04,Anuradhapura,3.5,27.7
2024-07-04,Badulla,12.5,25.2
2024-07-04,Dambulla,1.4,26.5
2024-07-04,Nuwara Eliya,8.0,16.7
2024-07-05,Anuradhapura,2.2,27.6
2024-07-05,Badulla,1.3,24.4
2024-07-05,Dambulla,1.5,26.1
2024-07-05,Nuwara Eliya,5.9,16.4
2024-07-06,Anuradhapura,0.1,27.5
2024-07-06,Badulla,0.5,25.1
2024-07-06,Dambulla,0.0,26.0
2024-07-06,Nuwara Eliya,0.9,16.3
2024-07-07,Anuradhapura,1.2,27.9
2024-07-07,Badulla,10.0,24.7
2024-07-07,Dambulla,0.6,26.6
2024-07-07,Nuwara Eliya,0.7,16.5
2024-07-08,Anuradhapura,0.6,27.8
2024-07-08,Badulla,13.7,24.3
2024-07-08,Dambulla,1.2,26.4
2024-07-08,Nuwara Eliya,4.1,15.5
2024-07-09,Anuradhapura,0.0,28.2
2024-07-09,Badulla,0.0,25.1
2024-07-09,Dambulla,0.6,26.9
2024-07-09,Nuwara Eliya,0.7,15.6
2024-07-10,Anuradhapura,0.2,28.1
2024-07-10,Badulla,0.9,25.1
2024-07-10,Dambulla,0.1,27.0
2024-07-10,Nuwara Eliya,0.3,16.3
2024-07-11,Anuradhapura,0.0,28.4
2024-07-11,Badulla,0.0,25.9
2024-07-11,Dambulla,0.0,27.4
2024-07-11,Nuwara Eliya,0.6,16.8
2024-07-12,Anuradhapura,2.0,27.9
2024-07-12,Badulla,0.5,25.8
2024-07-12,Dambulla,1.3,26.8
2024-07-12,Nuwara Eliya,0.5,16.5
2024-07-13,Anuradhapura,4.7,27.0
2024-07-13,Badulla,33.1,24.7
2024-07-13,Dambulla,3.5,25.5
2024-07-13,Nuwara Eliya,22.1,16.2
2024-07-14,Anuradhapura,0.6,28.1
2024-07-14,Badulla,0.0,25.6
2024-07-14,Dambulla,0.9,26.7
2024-07-14,Nuwara Eliya,2.3,15.9
2024-07-15,Anuradhapura,4.2,27.2
2024-07-15,Badulla,1.5,25.7
2024-07-15,Dambulla,2.6,25.6
2024-07-15,Nuwara Eliya,8.4,15.9
2024-07-16,Anuradhapura,0.4,27.5
2024-07-16,Badulla,0.5,25.3
2024-07-16,Dambulla,1.1,25.7
2024-07-16,Nuwara Eliya,9.7,15.6
2024-07-17,Anuradhapura,1.1,27.8
2024-07-17,Badulla,0.0,25.3
2024-07-17,Dambulla,2.8,25.8
2024-07-17,Nuwara Eliya,3.9,15.4
2024-07-18,Anuradhapura,1.7,27.5
2024-07-18,Badulla,0.0,25.7
2024-07-18,Dambulla,2.3,25.4
2024-07-18,Nuwara Eliya,3.1,15.4
2024-07-19,Anuradhapura,0.0,28.5
2024-07-19,Badulla,0.0,25.7
2024-07-19,Dambulla,0.2,27.0
2024-07-19,Nuwara Eliya,2.0,15.4
2024-07-20,Anuradhapura,0.0,28.8
2024-07-20,Badulla,0.0,26.1
2024-07-20,Dambulla,0.4,27.4
2024-07-20,Nuwara Eliya,0.5,16.1
2024-07-21,Anuradhapura,0.0,28.8
2024-07-21,Badulla,0.0,24.9
2024-07-21,Dambulla,0.0,27.7
2024-07-21,Nuwara Eliya,0.0,16.0
2024-07-22,Anuradhapura,0.0,28.5
2024-07-22,Badulla,0.6,25.7
2024-07-22,Dambulla,0.7,27.5
2024-07-22,Nuwara Eliya,1.9,16.1
2024-07-23,Anuradhapura,0.3,28.7
2024-07-23,Badulla,0.0,27.0
2024-07-23,Dambulla,0.0,27.8
2024-07-23,Nuwara Eliya,0.0,16.6
2024-07-24,Anuradhapura,0.1,28.8
2024-07-24,Badulla,0.0,27.1
2024-07-24,Dambulla,0.0,27.9
2024-07-24,Nuwara Eliya,0.0,16.3
2024-07-25,Anuradhapura,0.3,28.7
2024-07-25,Badulla,1.8,27.0
2024-07-25,Dambulla,2.0,27.5
2024-07-25,Nuwara Eliya,1.3,16.4
2024-07-26,Anuradhapura,0.3,28.6
2024-07-26,Badulla,0.0,27.0
2024-07-26,Dambulla,0.2,27.6
2024-07-26,Nuwara Eliya,0.9,16.0
2024-07-27,Anuradhapura,0.0,28.9
2024-07-27,Badulla,0.0,27.5
2024-07-27,Dambulla,0.4,27.8
2024-07-27,Nuwara Eliya,2.8,16.0
2024-07-28,Anuradhapura,0.3,28.6
2024-07-28,Badulla,0.2,27.5
2024-07-28,Dambulla,0.4,27.2
2024-07-28,Nuwara Eliya,12.3,15.8
2024-07-29,Anuradhapura,1.3,27.9
2024-07-29,Badulla,2.8,27.6
2024-07-29,Dambulla,1.4,26.2
2024-07-29,Nuwara Eliya,5.4,15.9
2024-07-30,Anuradhapura,0.5,27.8
2024-07-30,Badulla,0.1,27.1
2024-07-30,Dambulla,0.8,26.8
2024-07-30,Nuwara Eliya,1.4,15.7
2024-07-31,Anuradhapura,1.0,28.6
2024-07-31,Badulla,4.8,27.3
2024-07-31,Dambulla,3.4,27.0
2024-07-31,Nuwara Eliya,1.2,16.2
2024-08-01,Anuradhapura,0.1,28.7
2024-08-01,Badulla,2.1,27.3
2024-08-01,Dambulla,0.4,27.3
2024-08-01,Nuwara Eliya,0.9,16.6
2024-08-02,Anuradhapura,1.7,27.8
2024-08-02,Badulla,0.1,27.3
2024-08-02,Dambulla,1.6,26.4
2024-08-02,Nuwara Eliya,1.8,16.2
2024-08-03,Anuradhapura,0.3,28.6
2024-08-03,Badulla,1.6,26.4
2024-08-03,Dambulla,3.6,27.4
2024-08-03,Nuwara Eliya,1.3,15.9
2024-08-04,Anuradhapura,2.0,28.5
2024-08-04,Badulla,2.0,25.7
2024-08-04,Dambulla,3.4,27.6
2024-08-04,Nuwara Eliya,6.0,16.8
2024-08-05,Anuradhapura,6.8,28.0
2024-08-05,Badulla,2.2,25.2
2024-08-05,Dambulla,1.9,27.1
2024-08-05,Nuwara Eliya,1.6,16.6
2024-08-06,Anuradhapura,0.1,28.2
2024-08-06,Badulla,0.6,25.4
2024-08-06,Dambulla,1.5,27.2
2024-08-06,Nuwara Eliya,1.8,16.6
2024-08-07,Anuradhapura,2.9,28.5
2024-08-07,Badulla,0.7,26.1
2024-08-07,Dambulla,2.8,27.5
2024-08-07,Nuwara Eliya,1.1,16.6
2024-08-08,Anuradhapura,3.8,27.7
2024-08-08,Badulla,7.7,25.1
2024-08-08,Dambulla,3.6,26.4
2024-08-08,Nuwara Eliya,1.6,15.6
2024-08-09,Anuradhapura,0.8,28.3
2024-08-09,Badulla,0.0,26.0
2024-08-09,Dambulla,0.3,27.2
2024-08-09,Nuwara Eliya,0.0,16.5
2024-08-10,Anuradhapura,4.8,27.8
2024-08-10,Badulla,0.7,25.6
2024-08-10,Dambulla,5.8,26.7
2024-08-10,Nuwara Eliya,4.7,16.1
2024-08-11,Anuradhapura,7.5,27.3
2024-08-11,Badulla,2.7,25.0
2024-08-11,Dambulla,0.7,26.7
2024-08-11,Nuwara Eliya,3.7,16.5
2024-08-12,Anuradhapura,17.2,27.0
2024-08-12,Badulla,29.7,24.7
2024-08-12,Dambulla,27.0,26.2
2024-08-12,Nuwara Eliya,9.8,16.7
2024-08-13,Anuradhapura,10.8,26.6
2024-08-13,Badulla,20.7,23.7
2024-08-13,Dambulla,3.4,25.9
2024-08-13,Nuwara Eliya,11.9,16.5
2024-08-14,Anuradhapura,1.5,26.8
2024-08-14,Badulla,2.6,24.0
2024-08-14,Dambulla,0.9,26.0
2024-08-14,Nuwara Eliya,2.1,17.1
2024-08-15,Anuradhapura,1.2,27.5
2024-08-15,Badulla,1.2,24.2
2024-08-15,Dambulla,2.0,26.2
2024-08-15,Nuwara Eliya,3.0,17.3
2024-08-16,Anuradhapura,8.5,27.2
2024-08-16,Badulla,11.7,23.9
2024-08-16,Dambulla,11.8,26.1
2024-08-16,Nuwara Eliya,5.8,17.2
2024-08-17,Anuradhapura,3.9,27.0
2024-08-17,Badulla,7.1,24.1
2024-08-17,Dambulla,1.9,25.5
2024-08-17,Nuwara Eliya,6.4,17.0
2024-08-18,Anuradhapura,2.0,27.1
2024-08-18,Badulla,3.1,24.3
2024-08-18,Dambulla,2.7,25.8
2024-08-18,Nuwara Eliya,3.0,16.7
2024-08-19,Anuradhapura,5.3,26.5
2024-08-19,Badulla,4.4,23.7
2024-08-19,Dambulla,11.0,25.6
2024-08-19,Nuwara Eliya,3.1,16.9
2024-08-20,Anuradhapura,13.5,26.3
2024-08-20,Badulla,10.5,24.1
2024-08-20,Dambulla,4.0,25.6
2024-08-20,Nuwara Eliya,4.7,16.8
2024-08-21,Anuradhapura,5.0,25.5
2024-08-21,Badulla,4.8,23.1
2024-08-21,Dambulla,2.4,24.7
2024-08-21,Nuwara Eliya,14.5,15.9
2024-08-22,Anuradhapura,0.7,26.7
2024-08-22,Badulla,0.0,24.1
2024-08-22,Dambulla,0.4,26.0
2024-08-22,Nuwara Eliya,0.6,16.4
2024-08-23,Anuradhapura,0.2,27.7
2024-08-23,Badulla,0.9,24.4
2024-08-23,Dambulla,0.8,26.8
2024-08-23,Nuwara Eliya,1.3,16.7
2024-08-24,Anuradhapura,0.1,27.3
2024-08-24,Badulla,0.3,24.0
2024-08-24,Dambulla,0.2,26.5
2024-08-24,Nuwara Eliya,2.2,16.5
2024-08-25,Anuradhapura,0.2,27.6
2024-08-25,Badulla,3.5,24.6
2024-08-25,Dambulla,1.3,26.6
2024-08-25,Nuwara Eliya,0.6,16.0
2024-08-26,Anuradhapura,0.0,27.8
2024-08-26,Badulla,0.0,25.3
2024-08-26,Dambulla,0.0,26.9
2024-08-26,Nuwara Eliya,0.0,16.0
2024-08-27,Anuradhapura,0.1,27.9
2024-08-27,Badulla,0.0,25.2
2024-08-27,Dambulla,0.1,27.0
2024-08-27,Nuwara Eliya,0.0,15.8
2024-08-28,Anuradhapura,0.8,27.6
2024-08-28,Badulla,0.1,25.5
2024-08-28,Dambulla,0.8,26.9
2024-08-28,Nuwara Eliya,0.0,16.6
2024-08-29,Anuradhapura,2.6,27.5
2024-08-29,Badulla,5.2,25.3
2024-08-29,Dambulla,2.1,26.2
2024-08-29,Nuwara Eliya,1.6,15.9
2024-08-30,Anuradhapura,2.8,26.4
2024-08-30,Badulla,4.6,25.4
2024-08-30,Dambulla,4.0,25.6
2024-08-30,Nuwara Eliya,1.4,16.1
2024-08-31,Anuradhapura,2.7,26.8
2024-08-31,Badulla,0.4,25.8
2024-08-31,Dambulla,3.7,25.4
2024-08-31,Nuwara Eliya,3.2,16.4
2024-09-01,Anuradhapura,2.8,27.2
2024-09-01,Badulla,17.8,26.2
2024-09-01,Dambulla,1.7,25.9
2024-09-01,Nuwara Eliya,10.5,16.7
2024-09-02,Anuradhapura,0.1,28.1
2024-09-02,Badulla,0.4,26.1
2024-09-02,Dambulla,1.6,26.2
2024-09-02,Nuwara Eliya,4.6,16.4
2024-09-03,Anuradhapura,6.6,26.1
2024-09-03,Badulla,4.1,25.7
2024-09-03,Dambulla,2.5,25.3
2024-09-03,Nuwara Eliya,3.0,16.0
2024-09-04,Anuradhapura,0.6,27.6
2024-09-04,Badulla,5.0,24.4
2024-09-04,Dambulla,0.8,25.5
2024-09-04,Nuwara Eliya,10.7,15.6
2024-09-05,Anuradhapura,0.0,28.2
2024-09-05,Badulla,1.5,25.9
2024-09-05,Dambulla,0.2,27.2
2024-09-05,Nuwara Eliya,0.2,16.2
2024-09-06,Anuradhapura,0.1,28.1
2024-09-06,Badulla,0.5,25.6
2024-09-06,Dambulla,1.6,26.7
2024-09-06,Nuwara Eliya,0.9,15.8
2024-09-07,Anuradhapura,0.3,28.3
2024-09-07,Badulla,0.9,26.5
2024-09-07,Dambulla,0.9,27.0
2024-09-07,Nuwara Eliya,0.6,16.3
2024-09-08,Anuradhapura,1.4,27.6
2024-09-08,Badulla,0.1,26.7
2024-09-08,Dambulla,1.3,26.2
2024-09-08,Nuwara Eliya,2.3,16.4
2024-09-09,Anuradhapura,1.3,27.6
2024-09-09,Badulla,3.9,26.9
2024-09-09,Dambulla,0.8,26.4
2024-09-09,Nuwara Eliya,0.9,16.9
2024-09-10,Anuradhapura,1.3,27.6
2024-09-10,Badulla,0.0,27.2
2024-09-10,Dambulla,3.2,25.9
2024-09-10,Nuwara Eliya,2.6,16.3
2024-09-11,Anuradhapura,0.9,27.6
2024-09-11,Badulla,0.9,26.5
2024-09-11,Dambulla,0.8,26.4
2024-09-11,Nuwara Eliya,0.9,16.6
2024-09-12,Anuradhapura,2.4,28.0
2024-09-12,Badulla,0.3,26.7
2024-09-12,Dambulla,0.0,27.1
2024-09-12,Nuwara Eliya,0.3,16.6
2024-09-13,Anuradhapura,0.0,28.6
2024-09-13,Badulla,1.5,27.0
2024-09-13,Dambulla,0.2,27.6
2024-09-13,Nuwara Eliya,1.0,17.1
2024-09-14,Anuradhapura,0.7,28.5
2024-09-14,Badulla,1.9,26.9
2024-09-14,Dambulla,1.1,27.1
2024-09-14,Nuwara Eliya,0.6,16.3
2024-09-15,Anuradhapura,1.4,28.6
2024-09-15,Badulla,0.7,27.4
2024-09-15,Dambulla,3.3,27.4
2024-09-15,Nuwara Eliya,0.0,16.1
2024-09-16,Anuradhapura,1.3,28.5
2024-09-16,Badulla,0.3,27.5
2024-09-16,Dambulla,1.7,26.9
2024-09-16,Nuwara Eliya,2.3,16.3
2024-09-17,Anuradhapura,0.0,28.6
2024-09-17,Badulla,0.0,27.3
2024-09-17,Dambulla,0.0,27.4
2024-09-17,Nuwara Eliya,0.5,16.0
2024-09-18,Anuradhapura,0.0,28.6
2024-09-18,Badulla,0.0,27.2
2024-09-18,Dambulla,0.0,27.4
2024-09-18,Nuwara Eliya,0.0,15.9
2024-09-19,Anuradhapura,0.3,28.0
2024-09-19,Badulla,0.0,26.4
2024-09-19,Dambulla,2.2,26.8
2024-09-19,Nuwara Eliya,0.0,15.3
2024-09-20,Anuradhapura,0.0,28.4
2024-09-20,Badulla,1.1,26.7
2024-09-20,Dambulla,0.3,27.2
2024-09-20,Nuwara Eliya,0.0,15.6
2024-09-21,Anuradhapura,0.0,28.4
2024-09-21,Badulla,0.0,26.5
2024-09-21,Dambulla,0.0,27.3
2024-09-21,Nuwara Eliya,1.2,15.5
2024-09-22,Anuradhapura,0.0,28.3
2024-09-22,Badulla,0.0,26.6
2024-09-22,Dambulla,0.0,27.0
2024-09-22,Nuwara Eliya,1.2,15.7
2024-09-23,Anuradhapura,0.3,28.4
2024-09-23,Badulla,0.5,26.4
2024-09-23,Dambulla,0.3,27.2
2024-09-23,Nuwara Eliya,0.3,15.1
2024-09-24,Anuradhapura,0.7,28.6
2024-09-24,Badulla,0.5,27.5
2024-09-24,Dambulla,1.3,26.8
2024-09-24,Nuwara Eliya,2.5,16.4
2024-09-25,Anuradhapura,2.2,28.3
2024-09-25,Badulla,0.0,28.1
2024-09-25,Dambulla,2.3,27.2
2024-09-25,Nuwara Eliya,2.0,16.7
2024-09-26,Anuradhapura,0.0,28.9
2024-09-26,Badulla,2.0,26.4
2024-09-26,Dambulla,0.0,28.1
2024-09-26,Nuwara Eliya,1.4,16.8
2024-09-27,Anuradhapura,8.3,27.9
2024-09-27,Badulla,2.3,25.6
2024-09-27,Dambulla,1.4,27.6
2024-09-27,Nuwara Eliya,10.3,16.1
2024-09-28,Anuradhapura,5.3,27.8
2024-09-28,Badulla,18.4,24.6
2024-09-28,Dambulla,9.9,27.4
2024-09-28,Nuwara Eliya,7.7,16.2
2024-09-29,Anuradhapura,1.3,28.1
2024-09-29,Badulla,7.3,24.4
2024-09-29,Dambulla,1.0,27.1
2024-09-29,Nuwara Eliya,5.2,16.3
2024-09-30,Anuradhapura,7.6,27.4
2024-09-30,Badulla,13.6,23.7
2024-09-30,Dambulla,8.4,26.4
2024-09-30,Nuwara Eliya,7.1,16.3
2024-10-01,Anuradhapura,5.3,28.3
2024-10-01,Badulla,0.4,25.2
2024-10-01,Dambulla,3.0,27.2
2024-10-01,Nuwara Eliya,1.2,16.6
2024-10-02,Anuradhapura,5.5,28.1
2024-10-02,Badulla,2.5,24.7
2024-10-02,Dambulla,1.2,27.3
2024-10-02,Nuwara Eliya,2.3,16.5
2024-10-03,Anuradhapura,1.3,28.3
2024-10-03,Badulla,0.3,24.8
2024-10-03,Dambulla,0.3,27.5
2024-10-03,Nuwara Eliya,4.6,16.6
2024-10-04,Anuradhapura,1.8,28.4
2024-10-04,Badulla,0.2,25.7
2024-10-04,Dambulla,1.4,27.8
2024-10-04,Nuwara Eliya,1.0,16.6
2024-10-05,Anuradhapura,0.8,28.1
2024-10-05,Badulla,0.5,25.2
2024-10-05,Dambulla,1.3,27.5
2024-10-05,Nuwara Eliya,2.4,16.5
2024-10-06,Anuradhapura,2.3,27.8
2024-10-06,Badulla,3.1,25.1
2024-10-06,Dambulla,1.6,27.2
2024-10-06,Nuwara Eliya,8.1,16.5
2024-10-07,Anuradhapura,25.3,25.5
2024-10-07,Badulla,10.0,23.2
2024-10-07,Dambulla,15.9,25.2
2024-10-07,Nuwara Eliya,12.7,16.4
2024-10-08,Anuradhapura,0.8,26.8
2024-10-08,Badulla,7.1,23.7
2024-10-08,Dambulla,0.6,25.7
2024-10-08,Nuwara Eliya,11.6,16.2
2024-10-09,Anuradhapura,6.6,26.7
2024-10-09,Badulla,3.7,23.5
2024-10-09,Dambulla,7.3,26.2
2024-10-09,Nuwara Eliya,2.6,16.3
2024-10-10,Anuradhapura,18.2,25.6
2024-10-10,Badulla,31.5,22.5
2024-10-10,Dambulla,12.4,25.0
2024-10-10,Nuwara Eliya,23.0,15.9
2024-10-11,Anuradhapura,4.4,25.3
2024-10-11,Badulla,13.1,22.4
2024-10-11,Dambulla,12.5,24.3
2024-10-11,Nuwara Eliya,10.6,15.8
2024-10-12,Anuradhapura,0.6,26.4
2024-10-12,Badulla,1.1,22.7
2024-10-12,Dambulla,2.0,25.0
2024-10-12,Nuwara Eliya,7.1,16.0
2024-10-13,Anuradhapura,6.1,25.4
2024-10-13,Badulla,12.5,22.5
2024-10-13,Dambulla,9.8,24.5
2024-10-13,Nuwara Eliya,10.9,15.6
2024-10-14,Anuradhapura,6.4,24.7
2024-10-14,Badulla,7.6,22.8
2024-10-14,Dambulla,6.2,23.9
2024-10-14,Nuwara Eliya,6.5,15.4
2024-10-15,Anuradhapura,6.2,24.8
2024-10-15,Badulla,1.2,22.8
2024-10-15,Dambulla,4.6,24.1
2024-10-15,Nuwara Eliya,1.5,15.7
2024-10-16,Anuradhapura,1.7,26.6
2024-10-16,Badulla,0.9,24.1
2024-10-16,Dambulla,2.7,25.6
2024-10-16,Nuwara Eliya,1.5,16.2
2024-10-17,Anuradhapura,0.0,27.5
2024-10-17,Badulla,0.0,24.0
2024-10-17,Dambulla,0.4,26.5
2024-10-17,Nuwara Eliya,0.0,15.7
2024-10-18,Anuradhapura,0.3,27.7
2024-10-18,Badulla,0.0,23.3
2024-10-18,Dambulla,0.3,26.8
2024-10-18,Nuwara Eliya,0.0,16.0
2024-10-19,Anuradhapura,1.3,26.9
2024-10-19,Badulla,0.5,23.6
2024-10-19,Dambulla,0.7,26.2
2024-10-19,Nuwara Eliya,0.1,16.0
2024-10-20,Anuradhapura,3.4,26.5
2024-10-20,Badulla,1.3,23.5
2024-10-20,Dambulla,2.8,25.8
2024-10-20,Nuwara Eliya,2.8,16.2
2024-10-21,Anuradhapura,7.2,26.0
2024-10-21,Badulla,4.2,23.3
2024-10-21,Dambulla,4.7,25.4
2024-10-21,Nuwara Eliya,4.9,16.2
2024-10-22,Anuradhapura,11.2,25.6
2024-10-22,Badulla,2.9,23.0
2024-10-22,Dambulla,8.9,25.0
2024-10-22,Nuwara Eliya,1.4,16.1
2024-10-23,Anuradhapura,12.1,25.4
2024-10-23,Badulla,20.1,22.7
2024-10-23,Dambulla,19.1,24.5
2024-10-23,Nuwara Eliya,16.1,16.1
2024-10-24,Anuradhapura,14.6,26.5
2024-10-24,Badulla,2.3,23.7
2024-10-24,Dambulla,0.8,25.7
2024-10-24,Nuwara Eliya,3.0,16.8
2024-10-25,Anuradhapura,4.2,26.3
2024-10-25,Badulla,5.4,23.4
2024-10-25,Dambulla,2.4,25.8
2024-10-25,Nuwara Eliya,1.3,16.8
2024-10-26,Anuradhapura,21.7,25.3
2024-10-26,Badulla,3.0,23.6
2024-10-26,Dambulla,15.2,24.8
2024-10-26,Nuwara Eliya,3.9,16.6
2024-10-27,Anuradhapura,4.6,26.0
2024-10-27,Badulla,2.0,23.8
2024-10-27,Dambulla,3.4,25.3
2024-10-27,Nuwara Eliya,4.9,16.3
2024-10-28,Anuradhapura,6.8,26.5
2024-10-28,Badulla,1.8,24.1
2024-10-28,Dambulla,2.2,25.5
2024-10-28,Nuwara Eliya,2.8,16.6
2024-10-29,Anuradhapura,6.2,26.8
2024-10-29,Badulla,2.0,23.8
2024-10-29,Dambulla,3.7,26.2
2024-10-29,Nuwara Eliya,2.9,16.7
2024-10-30,Anuradhapura,2.5,27.0
2024-10-30,Badulla,0.6,23.6
2024-10-30,Dambulla,7.1,26.2
2024-10-30,Nuwara Eliya,1.9,16.5
2024-10-31,Anuradhapura,22.2,25.7
2024-10-31,Badulla,11.9,23.0
2024-10-31,Dambulla,14.1,25.5
2024-10-31,Nuwara Eliya,17.3,16.0
2024-11-01,Anuradhapura,22.9,24.9
2024-11-01,Badulla,16.5,22.5
2024-11-01,Dambulla,23.5,24.4
2024-11-01,Nuwara Eliya,27.8,15.7
2024-11-02,Anuradhapura,14.8,24.8
2024-11-02,Badulla,12.5,22.1
2024-11-02,Dambulla,18.5,24.1
2024-11-02,Nuwara Eliya,42.1,15.6
2024-11-03,Anuradhapura,12.9,24.9
2024-11-03,Badulla,51.5,21.8
2024-11-03,Dambulla,22.9,24.5
2024-11-03,Nuwara Eliya,15.4,15.4
2024-11-04,Anuradhapura,17.4,24.8
2024-11-04,Badulla,21.3,22.2
2024-11-04,Dambulla,15.3,24.4
2024-11-04,Nuwara Eliya,7.5,15.7
2024-11-05,Anuradhapura,0.1,26.2
2024-11-05,Badulla,14.0,22.4
2024-11-05,Dambulla,0.1,25.5
2024-11-05,Nuwara Eliya,10.0,15.6
2024-11-06,Anuradhapura,0.0,26.6
2024-11-06,Badulla,0.0,23.0
2024-11-06,Dambulla,0.0,25.9
2024-11-06,Nuwara Eliya,0.0,15.8
2024-11-07,Anuradhapura,8.3,25.4
2024-11-07,Badulla,0.4,22.7
2024-11-07,Dambulla,7.0,24.8
2024-11-07,Nuwara Eliya,0.7,15.7
2024-11-08,Anuradhapura,16.2,25.0
2024-11-08,Badulla,6.0,21.9
2024-11-08,Dambulla,30.2,23.9
2024-11-08,Nuwara Eliya,6.1,16.4
2024-11-09,Anuradhapura,1.5,25.7
2024-11-09,Badulla,3.2,22.2
2024-11-09,Dambulla,1.5,24.9
2024-11-09,Nuwara Eliya,2.2,15.8
2024-11-10,Anuradhapura,1.9,25.8
2024-11-10,Badulla,1.2,22.5
2024-11-10,Dambulla,2.1,24.9
2024-11-10,Nuwara Eliya,3.4,15.4
2024-11-11,Anuradhapura,1.7,25.8
2024-11-11,Badulla,0.8,23.1
2024-11-11,Dambulla,1.3,25.3
2024-11-11,Nuwara Eliya,2.7,16.0
2024-11-12,Anuradhapura,1.2,26.3
2024-11-12,Badulla,0.7,23.1
2024-11-12,Dambulla,3.3,25.4
2024-11-12,Nuwara Eliya,3.4,16.1
2024-11-13,Anuradhapura,5.0,26.4
2024-11-13,Badulla,6.9,22.4
2024-11-13,Dambulla,2.3,25.8
2024-11-13,Nuwara Eliya,8.1,16.0
2024-11-14,Anuradhapura,15.7,25.8
2024-11-14,Badulla,10.3,22.5
2024-11-14,Dambulla,10.2,25.0
2024-11-14,Nuwara Eliya,4.7,15.9
2024-11-15,Anuradhapura,22.0,25.2
2024-11-15,Badulla,20.5,22.2
2024-11-15,Dambulla,19.1,24.6
2024-11-15,Nuwara Eliya,6.0,15.7
2024-11-16,Anuradhapura,1.2,26.2
2024-11-16,Badulla,5.2,22.4
2024-11-16,Dambulla,0.6,25.3
2024-11-16,Nuwara Eliya,2.6,15.8
2024-11-17,Anuradhapura,2.4,26.4
2024-11-17,Badulla,4.8,22.2
2024-11-17,Dambulla,1.1,25.9
2024-11-17,Nuwara Eliya,1.4,15.8
2024-11-18,Anuradhapura,12.2,25.7
2024-11-18,Badulla,11.5,22.5
2024-11-18,Dambulla,6.3,24.9
2024-11-18,Nuwara Eliya,2.6,15.9
2024-11-19,Anuradhapura,33.0,25.0
2024-11-19,Badulla,24.1,22.3
2024-11-19,Dambulla,4.5,24.7
2024-11-19,Nuwara Eliya,7.3,15.7
2024-11-20,Anuradhapura,12.9,25.0
2024-11-20,Badulla,19.9,21.8
2024-11-20,Dambulla,5.9,24.2
2024-11-20,Nuwara Eliya,8.3,15.8
2024-11-21,Anuradhapura,18.8,25.0
2024-11-21,Badulla,19.6,22.1
2024-11-21,Dambulla,5.9,24.6
2024-11-21,Nuwara Eliya,15.5,15.5
2024-11-22,Anuradhapura,24.7,24.7
2024-11-22,Badulla,28.9,22.0
2024-11-22,Dambulla,16.7,24.0
2024-11-22,Nuwara Eliya,12.0,15.8
2024-11-23,Anuradhapura,1.0,25.7
2024-11-23,Badulla,6.6,22.5
2024-11-23,Dambulla,0.8,25.1
2024-11-23,Nuwara Eliya,3.0,15.3
2024-11-24,Anuradhapura,20.0,24.3
2024-11-24,Badulla,33.3,21.1
2024-11-24,Dambulla,20.9,23.5
2024-11-24,Nuwara Eliya,20.2,15.0
2024-11-25,Anuradhapura,70.4,23.6
2024-11-25,Badulla,93.3,20.9
2024-11-25,Dambulla,77.1,22.6
2024-11-25,Nuwara Eliya,65.3,14.6
2024-11-26,Anuradhapura,137.5,23.5
2024-11-26,Badulla,130.8,21.3
2024-11-26,Dambulla,90.4,22.8
2024-11-26,Nuwara Eliya,63.0,15.5
2024-11-27,Anuradhapura,80.7,23.8
2024-11-27,Badulla,17.4,22.4
2024-11-27,Dambulla,66.7,23.1
2024-11-27,Nuwara Eliya,15.2,15.8
2024-11-28,Anuradhapura,15.9,23.6
2024-11-28,Badulla,3.5,22.3
2024-11-28,Dambulla,18.0,22.6
2024-11-28,Nuwara Eliya,7.6,14.3
2024-11-29,Anuradhapura,16.5,24.1
2024-11-29,Badulla,6.1,23.3
2024-11-29,Dambulla,20.7,23.1
2024-11-29,Nuwara Eliya,5.6,15.1
2024-11-30,Anuradhapura,0.2,25.4
2024-11-30,Badulla,5.1,22.5
2024-11-30,Dambulla,0.1,24.0
2024-11-30,Nuwara Eliya,3.3,14.4
2024-12-01,Anuradhapura,0.8,26.5
2024-12-01,Badulla,0.0,24.4
2024-12-01,Dambulla,0.1,25.7
2024-12-01,Nuwara Eliya,1.8,15.3
2024-12-02,Anuradhapura,0.0,26.5
2024-12-02,Badulla,0.0,22.1
2024-12-02,Dambulla,0.0,25.8
2024-12-02,Nuwara Eliya,0.0,15.4
2024-12-03,Anuradhapura,0.0,26.3
2024-12-03,Badulla,0.0,21.7
2024-12-03,Dambulla,0.0,25.4
2024-12-03,Nuwara Eliya,0.6,15.9
2024-12-04,Anuradhapura,1.7,25.9
2024-12-04,Badulla,2.8,22.9
2024-12-04,Dambulla,1.3,25.2
2024-12-04,Nuwara Eliya,1.3,16.3
2024-12-05,Anuradhapura,2.4,25.8
2024-12-05,Badulla,1.7,22.8
2024-12-05,Dambulla,1.2,25.2
2024-12-05,Nuwara Eliya,0.6,16.0
2024-12-06,Anuradhapura,0.2,26.2
2024-12-06,Badulla,2.2,22.5
2024-12-06,Dambulla,0.2,25.4
2024-12-06,Nuwara Eliya,1.0,15.4
2024-12-07,Anuradhapura,0.2,26.1
2024-12-07,Badulla,1.5,22.1
2024-12-07,Dambulla,0.5,25.2
2024-12-07,Nuwara Eliya,0.0,15.3
2024-12-08,Anuradhapura,0.6,26.0
2024-12-08,Badulla,2.4,22.0
2024-12-08,Dambulla,1.2,24.8
2024-12-08,Nuwara Eliya,1.0,14.7
2024-12-09,Anuradhapura,1.1,25.7
2024-12-09,Badulla,1.4,21.8
2024-12-09,Dambulla,0.2,24.9
2024-12-09,Nuwara Eliya,4.5,15.0
2024-12-10,Anuradhapura,5.0,25.0
2024-12-10,Badulla,0.4,22.1
2024-12-10,Dambulla,10.4,24.4
2024-12-10,Nuwara Eliya,2.2,15.4
2024-12-11,Anuradhapura,2.4,25.0
2024-12-11,Badulla,2.2,22.6
2024-12-11,Dambulla,3.2,24.3
2024-12-11,Nuwara Eliya,1.6,16.1
2024-12-12,Anuradhapura,28.5,24.9
2024-12-12,Badulla,16.6,22.2
2024-12-12,Dambulla,12.7,24.1
2024-12-12,Nuwara Eliya,4.0,15.8
2024-12-13,Anuradhapura,25.9,24.9
2024-12-13,Badulla,13.0,22.0
2024-12-13,Dambulla,28.8,24.0
2024-12-13,Nuwara Eliya,13.6,15.5
2024-12-14,Anuradhapura,7.7,24.8
2024-12-14,Badulla,11.2,21.7
2024-12-14,Dambulla,13.0,23.6
2024-12-14,Nuwara Eliya,6.4,15.3
2024-12-15,Anuradhapura,0.1,25.4
2024-12-15,Badulla,4.4,22.3
2024-12-15,Dambulla,0.4,24.8
2024-12-15,Nuwara Eliya,0.0,15.6
2024-12-16,Anuradhapura,38.8,24.0
2024-12-16,Badulla,19.2,21.1
2024-12-16,Dambulla,125.4,23.1
2024-12-16,Nuwara Eliya,12.8,15.2
2024-12-17,Anuradhapura,27.4,24.4
2024-12-17,Badulla,4.3,22.0
2024-12-17,Dambulla,16.1,23.5
2024-12-17,Nuwara Eliya,3.2,16.2
2024-12-18,Anuradhapura,0.2,25.6
2024-12-18,Badulla,4.2,22.7
2024-12-18,Dambulla,2.3,24.8
2024-12-18,Nuwara Eliya,6.2,16.1
2024-12-19,Anuradhapura,2.2,25.5
2024-12-19,Badulla,2.6,22.4
2024-12-19,Dambulla,1.5,24.9
2024-12-19,Nuwara Eliya,2.5,16.0
2024-12-20,Anuradhapura,1.0,26.1
2024-12-20,Badulla,4.4,22.4
2024-12-20,Dambulla,8.0,25.4
2024-12-20,Nuwara Eliya,2.8,15.8
2024-12-21,Anuradhapura,2.6,25.6
2024-12-21,Badulla,2.7,21.8
2024-12-21,Dambulla,2.5,24.9
2024-12-21,Nuwara Eliya,2.2,15.9
2024-12-22,Anuradhapura,1.2,25.6
2024-12-22,Badulla,2.7,21.8
2024-12-22,Dambulla,1.7,25.4
2024-12-22,Nuwara Eliya,0.7,15.7
2024-12-23,Anuradhapura,0.0,25.3
2024-12-23,Badulla,0.0,21.7
2024-12-23,Dambulla,0.0,24.8
2024-12-23,Nuwara Eliya,0.0,15.4
2024-12-24,Anuradhapura,0.8,24.8
2024-12-24,Badulla,0.0,21.3
2024-12-24,Dambulla,0.0,24.4
2024-12-24,Nuwara Eliya,0.0,14.7
2024-12-25,Anuradhapura,0.0,25.5
2024-12-25,Badulla,0.0,21.5
2024-12-25,Dambulla,0.0,24.5
2024-12-25,Nuwara Eliya,0.0,14.9
2024-12-26,Anuradhapura,0.2,25.6
2024-12-26,Badulla,0.0,21.7
2024-12-26,Dambulla,0.1,24.7
2024-12-26,Nuwara Eliya,0.0,14.9
2024-12-27,Anuradhapura,9.5,24.9
2024-12-27,Badulla,11.6,20.5
2024-12-27,Dambulla,11.8,23.8
2024-12-27,Nuwara Eliya,9.3,14.9
2024-12-28,Anuradhapura,0.5,25.5
2024-12-28,Badulla,4.8,21.4
2024-12-28,Dambulla,0.8,24.7
2024-12-28,Nuwara Eliya,0.7,14.9
2024-12-29,Anuradhapura,5.1,25.3
2024-12-29,Badulla,8.2,20.8
2024-12-29,Dambulla,6.3,24.0
2024-12-29,Nuwara Eliya,6.9,14.3
2024-12-30,Anuradhapura,10.4,25.0
2024-12-30,Badulla,14.0,21.6
2024-12-30,Dambulla,11.0,24.0
2024-12-30,Nuwara Eliya,5.2,15.7
2024-12-31,Anuradhapura,6.7,24.6
2024-12-31,Badulla,29.2,21.3
2024-12-31,Dambulla,16.0,23.5
2024-12-31,Nuwara Eliya,16.9,15.5
2025-01-01,Anuradhapura,12.2,24.4
2025-01-01,Badulla,56.4,20.8
2025-01-01,Dambulla,21.8,22.8
2025-01-01,Nuwara Eliya,50.9,14.9
2025-01-02,Anuradhapura,0.0,24.9
2025-01-02,Badulla,24.4,20.8
2025-01-02,Dambulla,0.7,23.7
2025-01-02,Nuwara Eliya,13.9,14.2
2025-01-03,Anuradhapura,0.3,24.6
2025-01-03,Badulla,6.8,21.1
2025-01-03,Dambulla,0.0,23.9
2025-01-03,Nuwara Eliya,6.4,14.3
2025-01-04,Anuradhapura,0.0,23.9
2025-01-04,Badulla,2.5,20.1
2025-01-04,Dambulla,0.0,23.0
2025-01-04,Nuwara Eliya,1.6,15.0
2025-01-05,Anuradhapura,0.0,24.7
2025-01-05,Badulla,0.2,21.2
2025-01-05,Dambulla,0.0,24.3
2025-01-05,Nuwara Eliya,1.5,15.3
2025-01-06,Anuradhapura,0.0,24.2
2025-01-06,Badulla,0.0,21.3
2025-01-06,Dambulla,0.0,23.7
2025-01-06,Nuwara Eliya,0.5,14.9
2025-01-07,Anuradhapura,1.6,24.4
2025-01-07,Badulla,1.0,21.5
2025-01-07,Dambulla,0.0,24.2
2025-01-07,Nuwara Eliya,0.9,14.8
2025-01-08,Anuradhapura,3.0,24.5
2025-01-08,Badulla,3.2,22.0
2025-01-08,Dambulla,2.4,24.0
2025-01-08,Nuwara Eliya,3.0,15.0
2025-01-09,Anuradhapura,0.9,24.8
2025-01-09,Badulla,5.7,21.7
2025-01-09,Dambulla,1.0,24.1
2025-01-09,Nuwara Eliya,4.1,15.6
2025-01-10,Anuradhapura,1.9,25.1
2025-01-10,Badulla,12.2,21.6
2025-01-10,Dambulla,3.5,24.1
2025-01-10,Nuwara Eliya,2.2,15.8
2025-01-11,Anuradhapura,34.0,23.5
2025-01-11,Badulla,48.9,20.7
2025-01-11,Dambulla,93.2,22.8
2025-01-11,Nuwara Eliya,41.4,15.1
2025-01-12,Anuradhapura,14.6,24.3
2025-01-12,Badulla,58.2,21.1
2025-01-12,Dambulla,15.9,23.3
2025-01-12,Nuwara Eliya,41.1,14.8
2025-01-13,Anuradhapura,2.2,25.2
2025-01-13,Badulla,11.7,21.7
2025-01-13,Dambulla,1.9,24.1
2025-01-13,Nuwara Eliya,6.5,15.0
2025-01-14,Anuradhapura,19.5,23.4
2025-01-14,Badulla,33.2,21.0
2025-01-14,Dambulla,24.9,22.7
2025-01-14,Nuwara Eliya,27.4,14.6
2025-01-15,Anuradhapura,5.7,24.3
2025-01-15,Badulla,11.9,20.9
2025-01-15,Dambulla,6.3,23.2
2025-01-15,Nuwara Eliya,17.3,14.3
2025-01-16,Anuradhapura,2.5,24.5
2025-01-16,Badulla,17.5,20.9
2025-01-16,Dambulla,9.6,23.1
2025-01-16,Nuwara Eliya,18.7,14.5
2025-01-17,Anuradhapura,0.9,25.0
2025-01-17,Badulla,10.1,21.0
2025-01-17,Dambulla,2.0,23.9
2025-01-17,Nuwara Eliya,0.6,14.3
2025-01-18,Anuradhapura,19.1,24.1
2025-01-18,Badulla,43.9,21.1
2025-01-18,Dambulla,20.5,23.0
2025-01-18,Nuwara Eliya,26.4,15.2
2025-01-19,Anuradhapura,35.5,23.3
2025-01-19,Badulla,68.1,20.5
2025-01-19,Dambulla,49.4,22.5
2025-01-19,Nuwara Eliya,54.3,14.3
2025-01-20,Anuradhapura,6.6,24.7
2025-01-20,Badulla,9.8,21.4
2025-01-20,Dambulla,6.8,23.6
2025-01-20,Nuwara Eliya,4.7,14.5
2025-01-21,Anuradhapura,8.6,24.1
2025-01-21,Badulla,32.1,21.2
2025-01-21,Dambulla,13.0,23.1
2025-01-21,Nuwara Eliya,11.5,15.0
2025-01-22,Anuradhapura,19.5,24.2
2025-01-22,Badulla,32.4,21.0
2025-01-22,Dambulla,7.7,23.3
2025-01-22,Nuwara Eliya,8.3,14.4
2025-01-23,Anuradhapura,0.6,25.0
2025-01-23,Badulla,4.1,21.6
2025-01-23,Dambulla,0.3,24.0
2025-01-23,Nuwara Eliya,4.4,15.0
2025-01-24,Anuradhapura,0.0,24.9
2025-01-24,Badulla,7.6,21.0
2025-01-24,Dambulla,5.6,24.0
2025-01-24,Nuwara Eliya,3.6,14.9
2025-01-25,Anuradhapura,1.9,24.8
2025-01-25,Badulla,22.8,21.1
2025-01-25,Dambulla,3.1,23.4
2025-01-25,Nuwara Eliya,5.8,15.3
2025-01-26,Anuradhapura,0.9,25.0
2025-01-26,Badulla,16.1,21.4
2025-01-26,Dambulla,2.2,24.3
2025-01-26,Nuwara Eliya,5.1,14.8
2025-01-27,Anuradhapura,0.0,24.0
2025-01-27,Badulla,1.8,20.9
2025-01-27,Dambulla,0.0,23.4
2025-01-27,Nuwara Eliya,0.0,14.0
2025-01-28,Anuradhapura,0.0,24.2
2025-01-28,Badulla,3.3,20.6
2025-01-28,Dambulla,1.4,23.3
2025-01-28,Nuwara Eliya,4.4,14.5
2025-01-29,Anuradhapura,7.6,24.9
2025-01-29,Badulla,17.6,21.0
2025-01-29,Dambulla,7.1,23.8
2025-01-29,Nuwara Eliya,10.9,14.7
2025-01-30,Anuradhapura,7.6,25.3
2025-01-30,Badulla,12.5,22.5
2025-01-30,Dambulla,12.4,24.3
2025-01-30,Nuwara Eliya,6.4,15.8
2025-01-31,Anuradhapura,2.4,25.7
2025-01-31,Badulla,4.7,21.7
2025-01-31,Dambulla,2.2,24.4
2025-01-31,Nuwara Eliya,2.0,15.0
2025-02-01,Anuradhapura,0.8,26.1
2025-02-01,Badulla,4.2,21.7
2025-02-01,Dambulla,0.3,25.1
2025-02-01,Nuwara Eliya,0.0,14.9
2025-02-02,Anuradhapura,0.0,25.6
2025-02-02,Badulla,0.5,21.9
2025-02-02,Dambulla,0.0,24.8
2025-02-02,Nuwara Eliya,0.0,13.8
2025-02-03,Anuradhapura,0.4,25.3
2025-02-03,Badulla,0.2,21.4
2025-02-03,Dambulla,0.2,24.2
2025-02-03,Nuwara Eliya,0.0,14.6
2025-02-04,Anuradhapura,0.0,24.4
2025-02-04,Badulla,0.5,20.9
2025-02-04,Dambulla,0.0,23.5
2025-02-04,Nuwara Eliya,0.2,14.5
2025-02-05,Anuradhapura,0.4,24.9
2025-02-05,Badulla,2.5,21.3
2025-02-05,Dambulla,0.5,23.9
2025-02-05,Nuwara Eliya,2.5,14.5
2025-02-06,Anuradhapura,0.1,25.4
2025-02-06,Badulla,5.2,22.6
2025-02-06,Dambulla,0.3,24.6
2025-02-06,Nuwara Eliya,0.0,14.9
2025-02-07,Anuradhapura,0.1,25.1
2025-02-07,Badulla,2.4,21.9
2025-02-07,Dambulla,0.0,24.4
2025-02-07,Nuwara Eliya,0.9,14.0
2025-02-08,Anuradhapura,0.4,24.6
2025-02-08,Badulla,2.8,20.3
2025-02-08,Dambulla,0.0,23.8
2025-02-08,Nuwara Eliya,0.1,13.0
2025-02-09,Anuradhapura,0.1,24.9
2025-02-09,Badulla,1.7,20.8
2025-02-09,Dambulla,1.9,23.8
2025-02-09,Nuwara Eliya,0.0,12.3
2025-02-10,Anuradhapura,0.0,25.3
2025-02-10,Badulla,0.5,21.4
2025-02-10,Dambulla,0.0,24.0
2025-02-10,Nuwara Eliya,2.0,14.4
2025-02-11,Anuradhapura,1.3,25.4
2025-02-11,Badulla,5.3,21.5
2025-02-11,Dambulla,2.6,24.4
2025-02-11,Nuwara Eliya,2.5,15.0
2025-02-12,Anuradhapura,0.8,25.8
2025-02-12,Badulla,3.7,22.3
2025-02-12,Dambulla,1.2,24.8
2025-02-12,Nuwara Eliya,0.0,15.3
2025-02-13,Anuradhapura,0.0,25.3
2025-02-13,Badulla,0.1,21.9
2025-02-13,Dambulla,0.1,24.3
2025-02-13,Nuwara Eliya,0.0,15.0
2025-02-14,Anuradhapura,0.0,24.9
2025-02-14,Badulla,0.0,21.2
2025-02-14,Dambulla,0.0,23.8
2025-02-14,Nuwara Eliya,0.0,15.0
2025-02-15,Anuradhapura,0.0,24.8
2025-02-15,Badulla,0.0,21.9
2025-02-15,Dambulla,0.0,24.1
2025-02-15,Nuwara Eliya,0.4,15.1
2025-02-16,Anuradhapura,0.0,24.6
2025-02-16,Badulla,0.0,21.8
2025-02-16,Dambulla,0.0,23.8
2025-02-16,Nuwara Eliya,0.0,15.7
2025-02-17,Anuradhapura,0.0,25.8
2025-02-17,Badulla,0.9,22.2
2025-02-17,Dambulla,0.0,24.5
2025-02-17,Nuwara Eliya,1.5,15.5
2025-02-18,Anuradhapura,0.0,26.1
2025-02-18,Badulla,1.8,23.1
2025-02-18,Dambulla,0.0,25.1
2025-02-18,Nuwara Eliya,1.1,15.5
2025-02-19,Anuradhapura,0.0,25.9
2025-02-19,Badulla,1.0,22.5
2025-02-19,Dambulla,0.0,25.0
2025-02-19,Nuwara Eliya,0.0,15.6
2025-02-20,Anuradhapura,0.0,26.1
2025-02-20,Badulla,1.3,22.7
2025-02-20,Dambulla,0.0,25.2
2025-02-20,Nuwara Eliya,0.3,15.3
2025-02-21,Anuradhapura,0.0,26.4
2025-02-21,Badulla,0.7,22.5
2025-02-21,Dambulla,0.0,25.3
2025-02-21,Nuwara Eliya,0.0,15.3
2025-02-22,Anuradhapura,0.0,26.4
2025-02-22,Badulla,0.3,22.2
2025-02-22,Dambulla,0.0,25.3
2025-02-22,Nuwara Eliya,0.4,15.1
2025-02-23,Anuradhapura,0.0,26.2
2025-02-23,Badulla,0.6,22.1
2025-02-23,Dambulla,0.0,25.3
2025-02-23,Nuwara Eliya,0.0,14.6
2025-02-24,Anuradhapura,0.0,26.6
2025-02-24,Badulla,2.2,22.1
2025-02-24,Dambulla,0.0,25.6
2025-02-24,Nuwara Eliya,2.7,14.6
2025-02-25,Anuradhapura,3.9,25.7
2025-02-25,Badulla,4.7,22.1
2025-02-25,Dambulla,1.3,24.7
2025-02-25,Nuwara Eliya,4.4,15.8
2025-02-26,Anuradhapura,9.7,25.4
2025-02-26,Badulla,17.1,21.8
2025-02-26,Dambulla,5.5,24.2
2025-02-26,Nuwara Eliya,8.2,15.4
2025-02-27,Anuradhapura,8.4,25.2
2025-02-27,Badulla,18.2,21.8
2025-02-27,Dambulla,6.7,23.7
2025-02-27,Nuwara Eliya,11.1,15.3
2025-02-28,Anuradhapura,7.5,24.9
2025-02-28,Badulla,45.0,21.6
2025-02-28,Dambulla,7.9,23.4
2025-02-28,Nuwara Eliya,12.7,15.3
2025-03-01,Anuradhapura,7.8,25.2
2025-03-01,Badulla,18.4,22.4
2025-03-01,Dambulla,6.5,24.2
2025-03-01,Nuwara Eliya,5.9,15.9
2025-03-02,Anuradhapura,8.2,25.5
2025-03-02,Badulla,11.1,22.1
2025-03-02,Dambulla,1.9,24.6
2025-03-02,Nuwara Eliya,5.5,15.4
2025-03-03,Anuradhapura,0.3,26.3
2025-03-03,Badulla,4.4,22.1
2025-03-03,Dambulla,0.9,25.1
2025-03-03,Nuwara Eliya,2.8,15.0
2025-03-04,Anuradhapura,0.0,26.7
2025-03-04,Badulla,0.0,22.7
2025-03-04,Dambulla,0.0,25.7
2025-03-04,Nuwara Eliya,0.0,15.2
2025-03-05,Anuradhapura,0.0,26.6
2025-03-05,Badulla,0.0,22.7
2025-03-05,Dambulla,0.0,25.8
2025-03-05,Nuwara Eliya,0.0,15.7
2025-03-06,Anuradhapura,0.0,26.5
2025-03-06,Badulla,0.0,22.9
2025-03-06,Dambulla,0.0,25.8
2025-03-06,Nuwara Eliya,0.0,15.3
2025-03-07,Anuradhapura,0.0,26.6
2025-03-07,Badulla,0.0,22.4
2025-03-07,Dambulla,0.0,25.4
2025-03-07,Nuwara Eliya,0.0,15.0
2025-03-08,Anuradhapura,0.0,26.2
2025-03-08,Badulla,0.0,21.6
2025-03-08,Dambulla,0.0,25.2
2025-03-08,Nuwara Eliya,0.0,14.5
2025-03-09,Anuradhapura,0.0,25.6
2025-03-09,Badulla,0.0,21.5
2025-03-09,Dambulla,0.0,25.0
2025-03-09,Nuwara Eliya,0.0,14.6
2025-03-10,Anuradhapura,5.5,25.7
2025-03-10,Badulla,10.0,21.6
2025-03-10,Dambulla,2.6,24.4
2025-03-10,Nuwara Eliya,6.8,15.0
2025-03-11,Anuradhapura,21.2,24.7
2025-03-11,Badulla,14.0,22.5
2025-03-11,Dambulla,19.7,23.8
2025-03-11,Nuwara Eliya,28.5,15.6
2025-03-12,Anuradhapura,2.2,26.2
2025-03-12,Badulla,3.0,23.9
2025-03-12,Dambulla,4.7,25.6
2025-03-12,Nuwara Eliya,0.6,15.7
2025-03-13,Anuradhapura,0.1,26.6
2025-03-13,Badulla,2.2,23.0
2025-03-13,Dambulla,0.2,26.0
2025-03-13,Nuwara Eliya,2.6,15.7
2025-03-14,Anuradhapura,0.0,27.2
2025-03-14,Badulla,1.9,23.2
2025-03-14,Dambulla,0.3,26.6
2025-03-14,Nuwara Eliya,1.0,16.6
2025-03-15,Anuradhapura,6.9,26.3
2025-03-15,Badulla,7.2,22.8
2025-03-15,Dambulla,7.7,25.4
2025-03-15,Nuwara Eliya,2.5,16.1
2025-03-16,Anuradhapura,19.6,25.7
2025-03-16,Badulla,12.7,21.5
2025-03-16,Dambulla,5.7,24.9
2025-03-16,Nuwara Eliya,5.1,15.2
2025-03-17,Anuradhapura,21.1,25.9
2025-03-17,Badulla,9.6,22.6
2025-03-17,Dambulla,6.1,25.1
2025-03-17,Nuwara Eliya,0.5,15.9
2025-03-18,Anuradhapura,2.3,27.0
2025-03-18,Badulla,1.2,23.3
2025-03-18,Dambulla,0.6,26.3
2025-03-18,Nuwara Eliya,3.6,16.5
2025-03-19,Anuradhapura,6.0,26.1
2025-03-19,Badulla,8.9,22.3
2025-03-19,Dambulla,2.8,25.3
2025-03-19,Nuwara Eliya,7.1,15.3
2025-03-20,Anuradhapura,1.8,27.1
2025-03-20,Badulla,3.5,22.1
2025-03-20,Dambulla,3.4,26.0
2025-03-20,Nuwara Eliya,3.0,15.7
2025-03-21,Anuradhapura,0.4,27.7
2025-03-21,Badulla,2.8,23.2
2025-03-21,Dambulla,0.0,27.1
2025-03-21,Nuwara Eliya,0.4,16.4
2025-03-22,Anuradhapura,12.1,27.2
2025-03-22,Badulla,7.5,22.5
2025-03-22,Dambulla,3.6,26.5
2025-03-22,Nuwara Eliya,3.9,15.7
2025-03-23,Anuradhapura,0.0,27.6
2025-03-23,Badulla,1.9,23.0
2025-03-23,Dambulla,0.0,27.0
2025-03-23,Nuwara Eliya,0.3,16.3
2025-03-24,Anuradhapura,0.2,27.6
2025-03-24,Badulla,4.2,23.4
2025-03-24,Dambulla,0.2,26.9
2025-03-24,Nuwara Eliya,1.7,16.2
2025-03-25,Anuradhapura,0.6,27.5
2025-03-25,Badulla,5.5,23.2
2025-03-25,Dambulla,6.6,26.0
2025-03-25,Nuwara Eliya,3.3,15.7
2025-03-26,Anuradhapura,0.2,27.5
2025-03-26,Badulla,9.9,22.5
2025-03-26,Dambulla,0.0,26.7
2025-03-26,Nuwara Eliya,7.8,15.6
2025-03-27,Anuradhapura,0.0,27.5
2025-03-27,Badulla,2.3,22.6
2025-03-27,Dambulla,0.2,27.0
2025-03-27,Nuwara Eliya,2.7,15.8
2025-03-28,Anuradhapura,0.0,27.9
2025-03-28,Badulla,0.0,23.1
2025-03-28,Dambulla,0.0,27.2
2025-03-28,Nuwara Eliya,1.1,16.2
2025-03-29,Anuradhapura,0.0,27.9
2025-03-29,Badulla,0.0,23.0
2025-03-29,Dambulla,0.0,27.5
2025-03-29,Nuwara Eliya,1.0,15.7
2025-03-30,Anuradhapura,0.1,28.2
2025-03-30,Badulla,0.7,23.0
2025-03-30,Dambulla,0.1,27.6
2025-03-30,Nuwara Eliya,0.1,16.0
2025-03-31,Anuradhapura,0.3,28.3
2025-03-31,Badulla,5.6,22.8
2025-03-31,Dambulla,0.4,27.2
2025-03-31,Nuwara Eliya,2.1,16.2
2025-04-01,Anuradhapura,3.2,27.5
2025-04-01,Badulla,8.1,22.9
2025-04-01,Dambulla,9.6,26.4
2025-04-01,Nuwara Eliya,4.3,16.6
2025-04-02,Anuradhapura,8.7,26.9
2025-04-02,Badulla,11.4,22.8
2025-04-02,Dambulla,16.6,25.8
2025-04-02,Nuwara Eliya,13.7,16.1
2025-04-03,Anuradhapura,22.4,25.8
2025-04-03,Badulla,16.4,22.0
2025-04-03,Dambulla,14.5,25.0
2025-04-03,Nuwara Eliya,21.3,15.8
2025-04-04,Anuradhapura,16.2,25.7
2025-04-04,Badulla,21.1,22.1
2025-04-04,Dambulla,36.0,24.7
2025-04-04,Nuwara Eliya,18.0,15.7
2025-04-05,Anuradhapura,11.0,26.1
2025-04-05,Badulla,0.6,22.6
2025-04-05,Dambulla,1.8,25.3
2025-04-05,Nuwara Eliya,10.8,15.7
2025-04-06,Anuradhapura,27.1,25.9
2025-04-06,Badulla,11.6,22.6
2025-04-06,Dambulla,16.5,25.5
2025-04-06,Nuwara Eliya,8.8,16.1
2025-04-07,Anuradhapura,7.3,26.6
2025-04-07,Badulla,9.3,23.3
2025-04-07,Dambulla,8.0,25.5
2025-04-07,Nuwara Eliya,4.0,16.7
2025-04-08,Anuradhapura,1.0,27.2
2025-04-08,Badulla,3.5,23.6
2025-04-08,Dambulla,0.8,26.7
2025-04-08,Nuwara Eliya,2.4,16.5
2025-04-09,Anuradhapura,0.9,27.2
2025-04-09,Badulla,1.1,23.1
2025-04-09,Dambulla,0.9,26.4
2025-04-09,Nuwara Eliya,1.3,16.5
2025-04-10,Anuradhapura,4.1,26.3
2025-04-10,Badulla,1.1,22.7
2025-04-10,Dambulla,11.5,25.4
2025-04-10,Nuwara Eliya,8.7,15.5
2025-04-11,Anuradhapura,1.2,26.9
2025-04-11,Badulla,1.1,22.6
2025-04-11,Dambulla,0.4,26.1
2025-04-11,Nuwara Eliya,3.8,15.4
2025-04-12,Anuradhapura,0.2,27.4
2025-04-12,Badulla,2.9,23.3
2025-04-12,Dambulla,5.9,26.4
2025-04-12,Nuwara Eliya,1.9,16.2
2025-04-13,Anuradhapura,3.9,27.8
2025-04-13,Badulla,0.8,23.3
2025-04-13,Dambulla,1.4,27.2
2025-04-13,Nuwara Eliya,6.4,16.6
2025-04-14,Anuradhapura,2.1,27.6
2025-04-14,Badulla,2.2,23.3
2025-04-14,Dambulla,9.8,26.3
2025-04-14,Nuwara Eliya,14.2,16.2
2025-04-15,Anuradhapura,3.9,28.0
2025-04-15,Badulla,2.8,23.5
2025-04-15,Dambulla,0.8,26.8
2025-04-15,Nuwara Eliya,8.0,16.2
2025-04-16,Anuradhapura,0.2,28.5
2025-04-16,Badulla,2.7,23.2
2025-04-16,Dambulla,8.0,26.7
2025-04-16,Nuwara Eliya,7.7,16.0
2025-04-17,Anuradhapura,0.6,28.8
2025-04-17,Badulla,0.8,23.8
2025-04-17,Dambulla,0.7,27.4
2025-04-17,Nuwara Eliya,1.2,16.6
2025-04-18,Anuradhapura,1.5,28.5
2025-04-18,Badulla,0.4,23.5
2025-04-18,Dambulla,1.5,27.7
2025-04-18,Nuwara Eliya,3.2,16.5
2025-04-19,Anuradhapura,2.5,28.6
2025-04-19,Badulla,0.2,23.6
2025-04-19,Dambulla,1.1,27.7
2025-04-19,Nuwara Eliya,1.9,16.4
2025-04-20,Anuradhapura,5.6,28.7
2025-04-20,Badulla,0.7,23.8
2025-04-20,Dambulla,0.7,27.6
2025-04-20,Nuwara Eliya,0.6,16.8
2025-04-21,Anuradhapura,16.1,27.8
2025-04-21,Badulla,2.3,23.5
2025-04-21,Dambulla,10.1,26.8
2025-04-21,Nuwara Eliya,11.1,16.2
2025-04-22,Anuradhapura,9.1,27.5
2025-04-22,Badulla,1.0,23.2
2025-04-22,Dambulla,1.5,26.9
2025-04-22,Nuwara Eliya,10.3,15.7
2025-04-23,Anuradhapura,3.3,27.9
2025-04-23,Badulla,2.6,23.4
2025-04-23,Dambulla,2.0,27.2
2025-04-23,Nuwara Eliya,6.1,16.1
2025-04-24,Anuradhapura,2.7,28.0
2025-04-24,Badulla,1.6,23.3
2025-04-24,Dambulla,3.7,27.1
2025-04-24,Nuwara Eliya,5.3,16.6
2025-04-25,Anuradhapura,4.8,27.7
2025-04-25,Badulla,16.3,22.9
2025-04-25,Dambulla,5.2,27.0
2025-04-25,Nuwara Eliya,6.1,16.2
2025-04-26,Anuradhapura,10.2,27.3
2025-04-26,Badulla,3.5,23.3
2025-04-26,Dambulla,0.6,26.9
2025-04-26,Nuwara Eliya,2.4,16.6
2025-04-27,Anuradhapura,14.6,27.0
2025-04-27,Badulla,2.7,22.7
2025-04-27,Dambulla,11.5,26.1
2025-04-27,Nuwara Eliya,5.1,16.1
2025-04-28,Anuradhapura,28.6,26.7
2025-04-28,Badulla,18.4,22.6
2025-04-28,Dambulla,14.1,25.8
2025-04-28,Nuwara Eliya,8.6,16.2
2025-04-29,Anuradhapura,10.5,26.2
2025-04-29,Badulla,19.2,22.8
2025-04-29,Dambulla,20.2,25.4
2025-04-29,Nuwara Eliya,11.3,16.1
2025-04-30,Anuradhapura,6.1,26.1
2025-04-30,Badulla,3.3,22.7
2025-04-30,Dambulla,4.1,25.3
2025-04-30,Nuwara Eliya,6.2,15.9
2025-05-01,Anuradhapura,1.0,27.7
2025-05-01,Badulla,0.2,24.2
2025-05-01,Dambulla,1.4,26.8
2025-05-01,Nuwara Eliya,3.2,17.0
2025-05-02,Anuradhapura,2.6,27.5
2025-05-02,Badulla,0.8,23.7
2025-05-02,Dambulla,6.5,26.6
2025-05-02,Nuwara Eliya,12.2,16.3
2025-05-03,Anuradhapura,1.7,27.9
2025-05-03,Badulla,1.3,23.8
2025-05-03,Dambulla,1.2,26.6
2025-05-03,Nuwara Eliya,4.1,16.5
2025-05-04,Anuradhapura,0.0,28.9
2025-05-04,Badulla,1.0,24.2
2025-05-04,Dambulla,0.1,27.5
2025-05-04,Nuwara Eliya,1.6,17.0
2025-05-05,Anuradhapura,13.4,28.1
2025-05-05,Badulla,0.1,25.0
2025-05-05,Dambulla,10.8,27.2
2025-05-05,Nuwara Eliya,0.5,17.6
2025-05-06,Anuradhapura,5.4,27.6
2025-05-06,Badulla,0.7,24.1
2025-05-06,Dambulla,2.4,26.8
2025-05-06,Nuwara Eliya,5.1,17.0
2025-05-07,Anuradhapura,8.0,27.3
2025-05-07,Badulla,2.2,23.6
2025-05-07,Dambulla,0.5,26.3
2025-05-07,Nuwara Eliya,3.7,16.4
2025-05-08,Anuradhapura,1.1,28.0
2025-05-08,Badulla,0.7,24.7
2025-05-08,Dambulla,0.5,27.1
2025-05-08,Nuwara Eliya,4.5,16.7
2025-05-09,Anuradhapura,1.6,28.6
2025-05-09,Badulla,0.1,25.3
2025-05-09,Dambulla,0.3,27.9
2025-05-09,Nuwara Eliya,1.2,17.1
2025-05-10,Anuradhapura,0.2,29.0
2025-05-10,Badulla,0.7,24.4
2025-05-10,Dambulla,0.3,27.8
2025-05-10,Nuwara Eliya,1.5,17.2
2025-05-11,Anuradhapura,0.0,29.0
2025-05-11,Badulla,0.0,24.5
2025-05-11,Dambulla,0.0,28.0
2025-05-11,Nuwara Eliya,0.8,16.9
2025-05-12,Anuradhapura,0.0,29.0
2025-05-12,Badulla,0.5,24.1
2025-05-12,Dambulla,0.3,27.6
2025-05-12,Nuwara Eliya,2.9,16.5
2025-05-13,Anuradhapura,0.5,29.2
2025-05-13,Badulla,0.0,24.6
2025-05-13,Dambulla,0.5,28.0
2025-05-13,Nuwara Eliya,0.6,17.4
2025-05-14,Anuradhapura,3.0,29.2
2025-05-14,Badulla,0.0,25.5
2025-05-14,Dambulla,0.7,28.0
2025-05-14,Nuwara Eliya,1.3,17.8
2025-05-15,Anuradhapura,1.2,29.0
2025-05-15,Badulla,0.2,25.5
2025-05-15,Dambulla,0.1,28.1
2025-05-15,Nuwara Eliya,0.4,17.6
2025-05-16,Anuradhapura,0.2,29.0
2025-05-16,Badulla,0.5,25.1
2025-05-16,Dambulla,1.4,27.9
2025-05-16,Nuwara Eliya,0.2,16.7
2025-05-17,Anuradhapura,11.1,26.7
2025-05-17,Badulla,0.0,23.7
2025-05-17,Dambulla,0.7,26.2
2025-05-17,Nuwara Eliya,1.3,16.0
2025-05-18,Anuradhapura,3.9,26.9
2025-05-18,Badulla,1.6,24.8
2025-05-18,Dambulla,3.0,26.0
2025-05-18,Nuwara Eliya,2.6,16.6
2025-05-19,Anuradhapura,5.7,26.5
2025-05-19,Badulla,3.1,24.8
2025-05-19,Dambulla,1.8,25.9
2025-05-19,Nuwara Eliya,5.3,17.0
2025-05-20,Anuradhapura,0.8,28.0
2025-05-20,Badulla,1.2,25.6
2025-05-20,Dambulla,2.2,26.3
2025-05-20,Nuwara Eliya,2.6,16.1
2025-05-21,Anuradhapura,0.5,28.0
2025-05-21,Badulla,1.4,25.7
2025-05-21,Dambulla,1.2,26.6
2025-05-21,Nuwara Eliya,1.5,16.0
2025-05-22,Anuradhapura,0.3,28.9
2025-05-22,Badulla,1.2,25.0
2025-05-22,Dambulla,0.6,27.5
2025-05-22,Nuwara Eliya,0.2,16.9
2025-05-23,Anuradhapura,0.5,28.8
2025-05-23,Badulla,3.3,25.6
2025-05-23,Dambulla,1.1,27.5
2025-05-23,Nuwara Eliya,0.8,17.4
2025-05-24,Anuradhapura,2.3,27.8
2025-05-24,Badulla,10.2,24.8
2025-05-24,Dambulla,1.9,26.4
2025-05-24,Nuwara Eliya,4.4,16.2
2025-05-25,Anuradhapura,0.2,28.3
2025-05-25,Badulla,1.2,26.2
2025-05-25,Dambulla,0.6,26.3
2025-05-25,Nuwara Eliya,2.3,16.2
2025-05-26,Anuradhapura,0.5,28.7
2025-05-26,Badulla,0.0,26.3
2025-05-26,Dambulla,1.6,26.3
2025-05-26,Nuwara Eliya,8.4,16.0
2025-05-27,Anuradhapura,0.7,28.4
2025-05-27,Badulla,0.0,26.1
2025-05-27,Dambulla,1.6,25.8
2025-05-27,Nuwara Eliya,11.6,15.5
2025-05-28,Anuradhapura,0.0,29.5
2025-05-28,Badulla,0.0,26.2
2025-05-28,Dambulla,1.7,27.3
2025-05-28,Nuwara Eliya,9.9,15.6
2025-05-29,Anuradhapura,0.7,29.1
2025-05-29,Badulla,0.0,26.9
2025-05-29,Dambulla,2.1,27.0
2025-05-29,Nuwara Eliya,11.4,15.8
2025-05-30,Anuradhapura,4.6,27.9
2025-05-30,Badulla,1.6,26.5
2025-05-30,Dambulla,5.9,25.2
2025-05-30,Nuwara Eliya,28.3,15.9
2025-05-31,Anuradhapura,1.3,28.6
2025-05-31,Badulla,2.6,26.5
2025-05-31,Dambulla,5.1,25.8
2025-05-31,Nuwara Eliya,16.8,15.9
2025-06-01,Anuradhapura,3.3,29.1
2025-06-01,Badulla,1.0,26.8
2025-06-01,Dambulla,1.1,26.8
2025-06-01,Nuwara Eliya,2.5,16.7
2025-06-02,Anuradhapura,0.0,28.8
2025-06-02,Badulla,0.0,26.5
2025-06-02,Dambulla,0.0,27.7
2025-06-02,Nuwara Eliya,0.1,17.0
2025-06-03,Anuradhapura,0.4,28.9
2025-06-03,Badulla,1.2,25.8
2025-06-03,Dambulla,1.5,27.7
2025-06-03,Nuwara Eliya,0.9,16.3
2025-06-04,Anuradhapura,0.1,28.6
2025-06-04,Badulla,7.0,25.6
2025-06-04,Dambulla,0.3,27.5
2025-06-04,Nuwara Eliya,1.4,16.7
2025-06-05,Anuradhapura,1.7,28.4
2025-06-05,Badulla,1.0,25.2
2025-06-05,Dambulla,1.3,27.8
2025-06-05,Nuwara Eliya,0.7,17.2
2025-06-06,Anuradhapura,0.1,28.5
2025-06-06,Badulla,0.2,25.7
2025-06-06,Dambulla,0.0,27.8
2025-06-06,Nuwara Eliya,0.2,17.0
2025-06-07,Anuradhapura,0.0,28.6
2025-06-07,Badulla,0.0,26.1
2025-06-07,Dambulla,0.0,27.4
2025-06-07,Nuwara Eliya,0.0,15.6
2025-06-08,Anuradhapura,0.0,28.7
2025-06-08,Badulla,0.0,25.9
2025-06-08,Dambulla,0.0,27.7
2025-06-08,Nuwara Eliya,0.0,15.7
2025-06-09,Anuradhapura,0.0,28.8
2025-06-09,Badulla,0.0,25.9
2025-06-09,Dambulla,0.0,27.4
2025-06-09,Nuwara Eliya,0.2,15.7
2025-06-10,Anuradhapura,2.3,27.9
2025-06-10,Badulla,0.9,26.7
2025-06-10,Dambulla,2.7,26.0
2025-06-10,Nuwara Eliya,5.7,16.1
2025-06-11,Anuradhapura,2.6,27.5
2025-06-11,Badulla,2.7,26.2
2025-06-11,Dambulla,3.5,24.7
2025-06-11,Nuwara Eliya,17.8,15.6
2025-06-12,Anuradhapura,1.5,28.5
2025-06-12,Badulla,5.9,26.2
2025-06-12,Dambulla,4.0,25.6
2025-06-12,Nuwara Eliya,15.4,15.3
2025-06-13,Anuradhapura,1.6,27.9
2025-06-13,Badulla,1.6,27.1
2025-06-13,Dambulla,3.6,25.4
2025-06-13,Nuwara Eliya,8.9,15.8
2025-06-14,Anuradhapura,7.8,26.5
2025-06-14,Badulla,11.0,25.7
2025-06-14,Dambulla,7.0,25.0
2025-06-14,Nuwara Eliya,19.1,16.1
2025-06-15,Anuradhapura,3.0,26.3
2025-06-15,Badulla,4.7,24.3
2025-06-15,Dambulla,8.1,24.5
2025-06-15,Nuwara Eliya,28.0,15.2
2025-06-16,Anuradhapura,1.1,26.9
2025-06-16,Badulla,3.2,24.8
2025-06-16,Dambulla,2.6,24.9
2025-06-16,Nuwara Eliya,8.1,15.2
2025-06-17,Anuradhapura,0.1,27.5
2025-06-17,Badulla,0.0,25.1
2025-06-17,Dambulla,0.0,25.8
2025-06-17,Nuwara Eliya,1.2,14.9
2025-06-18,Anuradhapura,0.0,28.5
2025-06-18,Badulla,1.4,25.0
2025-06-18,Dambulla,0.1,27.0
2025-06-18,Nuwara Eliya,0.4,16.1
2025-06-19,Anuradhapura,1.1,28.8
2025-06-19,Badulla,3.9,25.5
2025-06-19,Dambulla,1.4,26.8
2025-06-19,Nuwara Eliya,1.9,16.2
2025-06-20,Anuradhapura,0.0,28.7
2025-06-20,Badulla,2.0,25.0
2025-06-20,Dambulla,0.6,26.5
2025-06-20,Nuwara Eliya,1.3,16.0
2025-06-21,Anuradhapura,0.2,28.4
2025-06-21,Badulla,3.2,25.4
2025-06-21,Dambulla,0.2,26.5
2025-06-21,Nuwara Eliya,1.6,16.3
2025-06-22,Anuradhapura,0.4,28.7
2025-06-22,Badulla,0.1,26.0
2025-06-22,Dambulla,0.5,26.5
2025-06-22,Nuwara Eliya,1.3,15.8
2025-06-23,Anuradhapura,0.0,29.1
2025-06-23,Badulla,0.1,25.5
2025-06-23,Dambulla,0.6,26.6
2025-06-23,Nuwara Eliya,1.9,15.7
2025-06-24,Anuradhapura,0.0,29.2
2025-06-24,Badulla,0.0,25.8
2025-06-24,Dambulla,0.4,27.1
2025-06-24,Nuwara Eliya,1.2,15.4
2025-06-25,Anuradhapura,0.3,28.9
2025-06-25,Badulla,0.7,25.8
2025-06-25,Dambulla,0.5,26.6
2025-06-25,Nuwara Eliya,2.3,15.5
2025-06-26,Anuradhapura,2.2,28.2
2025-06-26,Badulla,3.5,25.7
2025-06-26,Dambulla,1.1,26.7
2025-06-26,Nuwara Eliya,2.1,16.0
2025-06-27,Anuradhapura,0.0,28.6
2025-06-27,Badulla,1.3,25.8
2025-06-27,Dambulla,0.0,27.5
2025-06-27,Nuwara Eliya,0.2,16.2
2025-06-28,Anuradhapura,0.4,28.3
2025-06-28,Badulla,12.3,25.1
2025-06-28,Dambulla,0.4,26.7
2025-06-28,Nuwara Eliya,1.4,16.2
2025-06-29,Anuradhapura,0.0,28.8
2025-06-29,Badulla,3.8,25.5
2025-06-29,Dambulla,0.0,27.3
2025-06-29,Nuwara Eliya,0.5,15.7
2025-06-30,Anuradhapura,0.4,29.4
2025-06-30,Badulla,0.1,25.7
2025-06-30,Dambulla,0.0,27.8
2025-06-30,Nuwara Eliya,0.0,15.9
2025-07-01,Anuradhapura,0.0,29.2
2025-07-01,Badulla,0.0,25.8
2025-07-01,Dambulla,0.1,27.5
2025-07-01,Nuwara Eliya,0.3,15.6
2025-07-02,Anuradhapura,0.2,29.0
2025-07-02,Badulla,0.0,26.0
2025-07-02,Dambulla,0.4,27.5
2025-07-02,Nuwara Eliya,0.7,15.9
2025-07-03,Anuradhapura,0.1,29.1
2025-07-03,Badulla,0.3,26.2
2025-07-03,Dambulla,0.4,27.6
2025-07-03,Nuwara Eliya,0.5,15.9
2025-07-04,Anuradhapura,0.0,29.3
2025-07-04,Badulla,0.4,26.1
2025-07-04,Dambulla,0.0,28.0
2025-07-04,Nuwara Eliya,0.0,16.0
2025-07-05,Anuradhapura,0.0,29.3
2025-07-05,Badulla,2.0,26.2
2025-07-05,Dambulla,0.0,28.0
2025-07-05,Nuwara Eliya,0.0,16.1
2025-07-06,Anuradhapura,0.3,29.4
2025-07-06,Badulla,1.4,25.8
2025-07-06,Dambulla,0.4,27.3
2025-07-06,Nuwara Eliya,2.3,15.5
2025-07-07,Anuradhapura,0.0,29.7
2025-07-07,Badulla,2.4,26.3
2025-07-07,Dambulla,0.0,27.9
2025-07-07,Nuwara Eliya,0.2,15.9
2025-07-08,Anuradhapura,0.0,29.9
2025-07-08,Badulla,0.0,26.6
2025-07-08,Dambulla,0.0,28.0
2025-07-08,Nuwara Eliya,0.5,16.0
2025-07-09,Anuradhapura,0.0,30.0
2025-07-09,Badulla,1.3,26.9
2025-07-09,Dambulla,0.0,28.1
2025-07-09,Nuwara Eliya,1.4,16.3
2025-07-10,Anuradhapura,0.7,30.0
2025-07-10,Badulla,1.1,25.5
2025-07-10,Dambulla,0.7,28.1
2025-07-10,Nuwara Eliya,3.9,16.8
2025-07-11,Anuradhapura,0.9,29.7
2025-07-11,Badulla,1.3,26.0
2025-07-11,Dambulla,0.1,27.8
2025-07-11,Nuwara Eliya,2.0,16.3
2025-07-12,Anuradhapura,3.3,29.8
2025-07-12,Badulla,0.6,26.7
2025-07-12,Dambulla,1.7,27.2
2025-07-12,Nuwara Eliya,2.5,15.5
2025-07-13,Anuradhapura,0.7,29.4
2025-07-13,Badulla,1.8,27.0
2025-07-13,Dambulla,0.3,27.7
2025-07-13,Nuwara Eliya,0.8,15.8
2025-07-14,Anuradhapura,0.9,28.9
2025-07-14,Badulla,0.1,27.0
2025-07-14,Dambulla,3.7,26.7
2025-07-14,Nuwara Eliya,2.8,15.2
2025-07-15,Anuradhapura,0.3,29.5
2025-07-15,Badulla,0.8,26.8
2025-07-15,Dambulla,0.2,27.3
2025-07-15,Nuwara Eliya,2.5,15.2
2025-07-16,Anuradhapura,1.8,28.2
2025-07-16,Badulla,12.1,26.3
2025-07-16,Dambulla,0.9,26.4
2025-07-16,Nuwara Eliya,7.4,15.9
2025-07-17,Anuradhapura,0.3,28.8
2025-07-17,Badulla,0.3,26.1
2025-07-17,Dambulla,0.3,26.9
2025-07-17,Nuwara Eliya,3.7,14.8
2025-07-18,Anuradhapura,1.1,28.7
2025-07-18,Badulla,0.0,25.4
2025-07-18,Dambulla,1.9,26.3
2025-07-18,Nuwara Eliya,7.5,14.8
2025-07-19,Anuradhapura,0.6,28.3
2025-07-19,Badulla,1.5,24.6
2025-07-19,Dambulla,0.9,26.6
2025-07-19,Nuwara Eliya,28.8,14.8
2025-07-20,Anuradhapura,2.5,27.8
2025-07-20,Badulla,6.8,23.6
2025-07-20,Dambulla,5.5,25.2
2025-07-20,Nuwara Eliya,52.8,14.9
2025-07-21,Anuradhapura,0.3,28.0
2025-07-21,Badulla,3.8,24.1
2025-07-21,Dambulla,2.3,24.8
2025-07-21,Nuwara Eliya,24.7,15.2
2025-07-22,Anuradhapura,1.2,27.9
2025-07-22,Badulla,1.3,25.0
2025-07-22,Dambulla,3.7,24.6
2025-07-22,Nuwara Eliya,7.5,15.5
2025-07-23,Anuradhapura,0.5,27.9
2025-07-23,Badulla,0.2,25.3
2025-07-23,Dambulla,5.6,24.8
2025-07-23,Nuwara Eliya,6.0,15.0
2025-07-24,Anuradhapura,1.5,27.8
2025-07-24,Badulla,0.8,25.5
2025-07-24,Dambulla,5.9,24.6
2025-07-24,Nuwara Eliya,16.6,14.8
2025-07-25,Anuradhapura,0.3,27.9
2025-07-25,Badulla,2.5,24.8
2025-07-25,Dambulla,2.1,25.9
2025-07-25,Nuwara Eliya,21.9,14.6
2025-07-26,Anuradhapura,1.9,27.6
2025-07-26,Badulla,5.9,24.6
2025-07-26,Dambulla,1.3,25.4
2025-07-26,Nuwara Eliya,20.8,14.5
2025-07-27,Anuradhapura,0.5,28.8
2025-07-27,Badulla,0.7,25.7
2025-07-27,Dambulla,0.1,26.8
2025-07-27,Nuwara Eliya,2.9,14.8
2025-07-28,Anuradhapura,0.2,29.5
2025-07-28,Badulla,0.0,26.1
2025-07-28,Dambulla,1.3,27.4
2025-07-28,Nuwara Eliya,0.0,16.3
2025-07-29,Anuradhapura,0.4,30.1
2025-07-29,Badulla,0.8,26.2
2025-07-29,Dambulla,0.9,27.9
2025-07-29,Nuwara Eliya,1.2,16.8
2025-07-30,Anuradhapura,1.0,30.2
2025-07-30,Badulla,1.1,26.5
2025-07-30,Dambulla,0.8,28.3
2025-07-30,Nuwara Eliya,3.1,16.8
2025-07-31,Anuradhapura,0.4,29.6
2025-07-31,Badulla,0.2,26.4
2025-07-31,Dambulla,0.6,27.5
2025-07-31,Nuwara Eliya,4.4,16.3
2025-08-01,Anuradhapura,6.9,28.0
2025-08-01,Badulla,4.3,24.4
2025-08-01,Dambulla,5.4,27.1
2025-08-01,Nuwara Eliya,2.3,16.4
2025-08-02,Anuradhapura,1.9,27.9
2025-08-02,Badulla,0.7,24.5
2025-08-02,Dambulla,1.8,26.4
2025-08-02,Nuwara Eliya,1.1,16.4
2025-08-03,Anuradhapura,1.5,26.9
2025-08-03,Badulla,6.1,23.0
2025-08-03,Dambulla,1.2,25.1
2025-08-03,Nuwara Eliya,5.1,15.3
2025-08-04,Anuradhapura,10.1,26.8
2025-08-04,Badulla,1.2,24.2
2025-08-04,Dambulla,1.2,26.4
2025-08-04,Nuwara Eliya,1.3,15.9
2025-08-05,Anuradhapura,0.4,27.5
2025-08-05,Badulla,10.3,23.7
2025-08-05,Dambulla,2.8,25.9
2025-08-05,Nuwara Eliya,2.8,15.9
2025-08-06,Anuradhapura,0.5,28.2
2025-08-06,Badulla,0.6,25.0
2025-08-06,Dambulla,0.0,26.9
2025-08-06,Nuwara Eliya,0.1,15.5
2025-08-07,Anuradhapura,0.5,28.2
2025-08-07,Badulla,0.8,24.7
2025-08-07,Dambulla,0.9,27.0
2025-08-07,Nuwara Eliya,1.8,15.6
2025-08-08,Anuradhapura,2.8,27.9
2025-08-08,Badulla,11.5,24.1
2025-08-08,Dambulla,1.9,26.8
2025-08-08,Nuwara Eliya,1.3,15.3
2025-08-09,Anuradhapura,1.0,28.0
2025-08-09,Badulla,0.7,23.8
2025-08-09,Dambulla,0.3,26.7
2025-08-09,Nuwara Eliya,2.5,15.2
2025-08-10,Anuradhapura,0.5,28.0
2025-08-10,Badulla,0.0,24.7
2025-08-10,Dambulla,0.1,27.1
2025-08-10,Nuwara Eliya,1.0,15.7
2025-08-11,Anuradhapura,0.1,27.8
2025-08-11,Badulla,5.3,24.3
2025-08-11,Dambulla,0.5,26.3
2025-08-11,Nuwara Eliya,1.7,15.3
2025-08-12,Anuradhapura,0.2,27.8
2025-08-12,Badulla,1.4,24.9
2025-08-12,Dambulla,1.9,25.8
2025-08-12,Nuwara Eliya,3.8,15.0
2025-08-13,Anuradhapura,1.6,27.9
2025-08-13,Badulla,0.1,25.3
2025-08-13,Dambulla,4.3,25.7
2025-08-13,Nuwara Eliya,6.1,14.7
2025-08-14,Anuradhapura,0.4,28.0
2025-08-14,Badulla,0.1,25.6
2025-08-14,Dambulla,1.1,26.5
2025-08-14,Nuwara Eliya,0.9,15.3
2025-08-15,Anuradhapura,0.8,27.8
2025-08-15,Badulla,0.3,25.2
2025-08-15,Dambulla,2.1,26.3
2025-08-15,Nuwara Eliya,2.7,14.8
2025-08-16,Anuradhapura,0.0,28.1
2025-08-16,Badulla,0.0,25.7
2025-08-16,Dambulla,1.0,26.3
2025-08-16,Nuwara Eliya,9.5,14.5
2025-08-17,Anuradhapura,0.0,28.2
2025-08-17,Badulla,1.0,26.1
2025-08-17,Dambulla,2.1,25.7
2025-08-17,Nuwara Eliya,12.8,14.8
2025-08-18,Anuradhapura,0.0,28.4
2025-08-18,Badulla,0.0,26.0
2025-08-18,Dambulla,1.9,26.3
2025-08-18,Nuwara Eliya,4.5,14.9
2025-08-19,Anuradhapura,0.0,29.2
2025-08-19,Badulla,0.0,25.3
2025-08-19,Dambulla,0.0,27.6
2025-08-19,Nuwara Eliya,0.0,15.2
2025-08-20,Anuradhapura,0.0,29.5
2025-08-20,Badulla,0.1,25.8
2025-08-20,Dambulla,0.0,28.1
2025-08-20,Nuwara Eliya,0.1,16.2
2025-08-21,Anuradhapura,0.4,30.0
2025-08-21,Badulla,0.0,26.5
2025-08-21,Dambulla,0.0,28.6
2025-08-21,Nuwara Eliya,2.7,16.7
2025-08-22,Anuradhapura,5.8,29.2
2025-08-22,Badulla,1.6,25.9
2025-08-22,Dambulla,1.2,27.8
2025-08-22,Nuwara Eliya,1.6,16.5
2025-08-23,Anuradhapura,0.8,28.2
2025-08-23,Badulla,11.0,25.3
2025-08-23,Dambulla,0.5,27.2
2025-08-23,Nuwara Eliya,1.5,15.4
2025-08-24,Anuradhapura,0.0,28.9
2025-08-24,Badulla,0.2,25.4
2025-08-24,Dambulla,0.0,28.0
2025-08-24,Nuwara Eliya,0.0,15.4
2025-08-25,Anuradhapura,1.7,29.4
2025-08-25,Badulla,0.4,25.8
2025-08-25,Dambulla,4.5,28.2
2025-08-25,Nuwara Eliya,0.0,17.0
2025-08-26,Anuradhapura,0.0,28.4
2025-08-26,Badulla,0.0,25.7
2025-08-26,Dambulla,0.0,27.2
2025-08-26,Nuwara Eliya,0.0,15.4
2025-08-27,Anuradhapura,0.1,28.4
2025-08-27,Badulla,0.1,26.2
2025-08-27,Dambulla,1.1,26.6
2025-08-27,Nuwara Eliya,2.6,15.6
2025-08-28,Anuradhapura,2.2,28.3
2025-08-28,Badulla,0.0,27.0
2025-08-28,Dambulla,1.4,26.7
2025-08-28,Nuwara Eliya,5.4,15.5
2025-08-29,Anuradhapura,0.1,28.9
2025-08-29,Badulla,8.6,27.2
2025-08-29,Dambulla,1.7,26.9
2025-08-29,Nuwara Eliya,5.4,16.0
2025-08-30,Anuradhapura,1.7,28.3
2025-08-30,Badulla,5.2,27.3
2025-08-30,Dambulla,2.0,26.9
2025-08-30,Nuwara Eliya,2.2,15.9
2025-08-31,Anuradhapura,1.7,29.1
2025-08-31,Badulla,3.3,26.9
2025-08-31,Dambulla,1.1,27.3
2025-08-31,Nuwara Eliya,1.4,15.6
2025-09-01,Anuradhapura,0.3,29.2
2025-09-01,Badulla,7.5,26.2
2025-09-01,Dambulla,2.8,27.3
2025-09-01,Nuwara Eliya,3.9,15.7
2025-09-02,Anuradhapura,0.0,29.3
2025-09-02,Badulla,0.0,26.8
2025-09-02,Dambulla,0.0,27.8
2025-09-02,Nuwara Eliya,1.4,15.7
2025-09-03,Anuradhapura,0.0,28.9
2025-09-03,Badulla,0.2,26.8
2025-09-03,Dambulla,0.0,27.3
2025-09-03,Nuwara Eliya,0.8,15.2
2025-09-04,Anuradhapura,0.8,28.7
2025-09-04,Badulla,0.2,26.8
2025-09-04,Dambulla,0.0,27.5
2025-09-04,Nuwara Eliya,0.4,15.1
2025-09-05,Anuradhapura,0.0,29.1
2025-09-05,Badulla,0.0,26.7
2025-09-05,Dambulla,0.0,28.0
2025-09-05,Nuwara Eliya,0.0,15.5
2025-09-06,Anuradhapura,3.8,28.7
2025-09-06,Badulla,7.2,25.3
2025-09-06,Dambulla,2.2,28.0
2025-09-06,Nuwara Eliya,2.0,15.8
2025-09-07,Anuradhapura,1.0,29.5
2025-09-07,Badulla,0.1,26.6
2025-09-07,Dambulla,0.4,28.5
2025-09-07,Nuwara Eliya,0.0,16.5
2025-09-08,Anuradhapura,6.8,28.3
2025-09-08,Badulla,3.2,26.2
2025-09-08,Dambulla,15.6,27.5
2025-09-08,Nuwara Eliya,2.0,17.0
2025-09-09,Anuradhapura,30.8,27.6
2025-09-09,Badulla,25.4,24.2
2025-09-09,Dambulla,5.9,26.6
2025-09-09,Nuwara Eliya,17.1,16.5
2025-09-10,Anuradhapura,0.9,27.9
2025-09-10,Badulla,17.5,23.6
2025-09-10,Dambulla,2.2,26.5
2025-09-10,Nuwara Eliya,12.9,15.6
2025-09-11,Anuradhapura,0.1,28.3
2025-09-11,Badulla,5.8,24.2
2025-09-11,Dambulla,0.0,27.0
2025-09-11,Nuwara Eliya,0.6,15.5
2025-09-12,Anuradhapura,0.3,28.6
2025-09-12,Badulla,1.1,24.8
2025-09-12,Dambulla,0.3,27.5
2025-09-12,Nuwara Eliya,0.7,16.0
2025-09-13,Anuradhapura,0.0,28.7
2025-09-13,Badulla,0.8,25.0
2025-09-13,Dambulla,0.0,27.8
2025-09-13,Nuwara Eliya,0.5,15.8
2025-09-14,Anuradhapura,0.0,28.6
2025-09-14,Badulla,0.7,24.7
2025-09-14,Dambulla,1.1,27.3
2025-09-14,Nuwara Eliya,0.3,15.6
2025-09-15,Anuradhapura,0.0,27.9
2025-09-15,Badulla,1.4,25.2
2025-09-15,Dambulla,1.8,26.9
2025-09-15,Nuwara Eliya,0.4,15.6
2025-09-16,Anuradhapura,0.6,28.3
2025-09-16,Badulla,8.1,24.7
2025-09-16,Dambulla,3.2,26.8
2025-09-16,Nuwara Eliya,2.8,15.8
2025-09-17,Anuradhapura,9.9,27.2
2025-09-17,Badulla,5.5,24.1
2025-09-17,Dambulla,5.8,26.4
2025-09-17,Nuwara Eliya,3.2,15.9
2025-09-18,Anuradhapura,4.9,27.4
2025-09-18,Badulla,8.8,24.0
2025-09-18,Dambulla,4.1,26.4
2025-09-18,Nuwara Eliya,8.1,15.5
2025-09-19,Anuradhapura,3.5,26.9
2025-09-19,Badulla,3.1,24.6
2025-09-19,Dambulla,1.3,26.1
2025-09-19,Nuwara Eliya,7.3,15.8
2025-09-20,Anuradhapura,0.0,28.2
2025-09-20,Badulla,0.0,24.9
2025-09-20,Dambulla,0.7,27.2
2025-09-20,Nuwara Eliya,0.0,15.9
2025-09-21,Anuradhapura,0.5,27.8
2025-09-21,Badulla,6.0,24.3
2025-09-21,Dambulla,1.7,26.5
2025-09-21,Nuwara Eliya,3.9,15.8
2025-09-22,Anuradhapura,0.4,28.5
2025-09-22,Badulla,2.2,25.0
2025-09-22,Dambulla,1.6,27.0
2025-09-22,Nuwara Eliya,2.4,16.2
2025-09-23,Anuradhapura,0.0,28.7
2025-09-23,Badulla,0.0,26.0
2025-09-23,Dambulla,0.0,27.5
2025-09-23,Nuwara Eliya,0.5,15.9
2025-09-24,Anuradhapura,2.2,28.0
2025-09-24,Badulla,1.0,25.8
2025-09-24,Dambulla,3.5,26.0
2025-09-24,Nuwara Eliya,7.6,15.5
2025-09-25,Anuradhapura,5.4,26.8
2025-09-25,Badulla,1.6,26.3
2025-09-25,Dambulla,3.4,25.6
2025-09-25,Nuwara Eliya,7.3,15.5
2025-09-26,Anuradhapura,6.4,26.4
2025-09-26,Badulla,10.4,24.2
2025-09-26,Dambulla,4.3,25.0
2025-09-26,Nuwara Eliya,15.8,14.8
2025-09-27,Anuradhapura,0.1,27.4
2025-09-27,Badulla,2.2,24.5
2025-09-27,Dambulla,0.3,26.6
2025-09-27,Nuwara Eliya,1.9,14.9
2025-09-28,Anuradhapura,0.0,28.2
2025-09-28,Badulla,0.0,25.6
2025-09-28,Dambulla,0.5,27.2
2025-09-28,Nuwara Eliya,0.8,15.8
2025-09-29,Anuradhapura,0.8,28.6
2025-09-29,Badulla,0.4,25.4
2025-09-29,Dambulla,2.5,27.1
2025-09-29,Nuwara Eliya,0.3,15.7
2025-09-30,Anuradhapura,0.0,28.8
2025-09-30,Badulla,0.0,25.8
2025-09-30,Dambulla,0.0,27.7
2025-09-30,Nuwara Eliya,0.2,15.6
2025-10-01,Anuradhapura,0.0,29.0
2025-10-01,Badulla,0.0,25.7
2025-10-01,Dambulla,0.0,28.1
2025-10-01,Nuwara Eliya,0.0,15.7
2025-10-02,Anuradhapura,0.0,29.0
2025-10-02,Badulla,0.1,26.3
2025-10-02,Dambulla,0.0,28.5
2025-10-02,Nuwara Eliya,0.3,16.7
2025-10-03,Anuradhapura,0.2,29.1
2025-10-03,Badulla,0.2,25.9
2025-10-03,Dambulla,0.0,28.7
2025-10-03,Nuwara Eliya,4.1,16.8
2025-10-04,Anuradhapura,21.0,26.5
2025-10-04,Badulla,25.3,23.5
2025-10-04,Dambulla,9.7,25.8
2025-10-04,Nuwara Eliya,28.3,15.7
2025-10-05,Anuradhapura,3.7,26.4
2025-10-05,Badulla,6.6,23.0
2025-10-05,Dambulla,1.9,25.5
2025-10-05,Nuwara Eliya,13.2,15.0
2025-10-06,Anuradhapura,8.8,26.8
2025-10-06,Badulla,5.5,22.5
2025-10-06,Dambulla,1.1,26.8
2025-10-06,Nuwara Eliya,1.0,15.7
2025-10-07,Anuradhapura,7.3,27.1
2025-10-07,Badulla,0.9,23.3
2025-10-07,Dambulla,1.6,27.2
2025-10-07,Nuwara Eliya,8.6,15.5
2025-10-08,Anuradhapura,13.1,26.6
2025-10-08,Badulla,6.7,22.8
2025-10-08,Dambulla,8.4,26.0
2025-10-08,Nuwara Eliya,11.7,15.8
2025-10-09,Anuradhapura,0.4,27.8
2025-10-09,Badulla,10.6,22.9
2025-10-09,Dambulla,0.3,27.1
2025-10-09,Nuwara Eliya,11.7,15.8
2025-10-10,Anuradhapura,0.6,27.8
2025-10-10,Badulla,7.9,23.1
2025-10-10,Dambulla,0.0,27.3
2025-10-10,Nuwara Eliya,7.8,15.5
2025-10-11,Anuradhapura,0.3,27.9
2025-10-11,Badulla,2.0,23.2
2025-10-11,Dambulla,1.0,26.3
2025-10-11,Nuwara Eliya,2.6,15.4
2025-10-12,Anuradhapura,31.7,27.4
2025-10-12,Badulla,1.1,23.8
2025-10-12,Dambulla,7.3,26.9
2025-10-12,Nuwara Eliya,3.7,15.8
2025-10-13,Anuradhapura,4.0,26.7
2025-10-13,Badulla,22.2,23.2
2025-10-13,Dambulla,11.6,25.7
2025-10-13,Nuwara Eliya,8.5,15.7
2025-10-14,Anuradhapura,7.7,27.0
2025-10-14,Badulla,2.0,23.4
2025-10-14,Dambulla,7.5,26.0
2025-10-14,Nuwara Eliya,3.7,16.0
2025-10-15,Anuradhapura,13.5,26.1
2025-10-15,Badulla,13.6,22.7
2025-10-15,Dambulla,33.5,25.4
2025-10-15,Nuwara Eliya,20.0,16.0
2025-10-16,Anuradhapura,20.0,26.1
2025-10-16,Badulla,0.8,23.7
2025-10-16,Dambulla,20.0,25.3
2025-10-16,Nuwara Eliya,15.5,16.2
2025-10-17,Anuradhapura,35.1,26.2
2025-10-17,Badulla,27.6,22.7
2025-10-17,Dambulla,16.1,25.3
2025-10-17,Nuwara Eliya,13.4,16.0
2025-10-18,Anuradhapura,28.6,25.9
2025-10-18,Badulla,30.8,22.5
2025-10-18,Dambulla,32.9,24.9
2025-10-18,Nuwara Eliya,8.6,16.1
2025-10-19,Anuradhapura,8.8,25.6
2025-10-19,Badulla,33.9,22.3
2025-10-19,Dambulla,34.9,24.5
2025-10-19,Nuwara Eliya,15.7,16.0
2025-10-20,Anuradhapura,41.4,25.2
2025-10-20,Badulla,53.1,21.8
2025-10-20,Dambulla,71.6,24.1
2025-10-20,Nuwara Eliya,30.2,15.6
2025-10-21,Anuradhapura,54.7,25.0
2025-10-21,Badulla,11.5,22.3
2025-10-21,Dambulla,62.3,23.9
2025-10-21,Nuwara Eliya,13.8,15.7
2025-10-22,Anuradhapura,3.4,25.6
2025-10-22,Badulla,0.7,22.6
2025-10-22,Dambulla,3.6,24.5
2025-10-22,Nuwara Eliya,1.6,15.8
2025-10-23,Anuradhapura,14.8,24.7
2025-10-23,Badulla,0.5,23.3
2025-10-23,Dambulla,10.5,23.6
2025-10-23,Nuwara Eliya,1.7,15.0
2025-10-24,Anuradhapura,7.7,24.9
2025-10-24,Badulla,2.1,23.0
2025-10-24,Dambulla,7.0,24.0
2025-10-24,Nuwara Eliya,3.1,14.9
2025-10-25,Anuradhapura,0.8,25.7
2025-10-25,Badulla,0.6,23.1
2025-10-25,Dambulla,1.3,24.5
2025-10-25,Nuwara Eliya,2.3,14.8
2025-10-26,Anuradhapura,0.0,26.5
2025-10-26,Badulla,0.0,21.8
2025-10-26,Dambulla,0.0,25.6
2025-10-26,Nuwara Eliya,0.0,15.3
2025-10-27,Anuradhapura,0.4,26.8
2025-10-27,Badulla,0.0,23.4
2025-10-27,Dambulla,0.1,25.8
2025-10-27,Nuwara Eliya,0.2,15.1
2025-10-28,Anuradhapura,1.0,26.9
2025-10-28,Badulla,0.0,24.4
2025-10-28,Dambulla,3.2,25.4
2025-10-28,Nuwara Eliya,0.5,15.7
2025-10-29,Anuradhapura,0.3,27.3
2025-10-29,Badulla,0.0,23.3
2025-10-29,Dambulla,0.4,26.2
2025-10-29,Nuwara Eliya,0.0,15.7
2025-10-30,Anuradhapura,0.0,27.2
2025-10-30,Badulla,0.0,23.3
2025-10-30,Dambulla,0.0,26.3
2025-10-30,Nuwara Eliya,0.3,16.1
2025-10-31,Anuradhapura,0.1,27.6
2025-10-31,Badulla,0.0,24.4
2025-10-31,Dambulla,0.0,26.8
2025-10-31,Nuwara Eliya,0.6,16.1
2025-11-01,Anuradhapura,3.1,27.8
2025-11-01,Badulla,0.6,25.0
2025-11-01,Dambulla,0.6,26.9
2025-11-01,Nuwara Eliya,4.1,16.1
2025-11-02,Anuradhapura,0.2,27.3
2025-11-02,Badulla,1.7,23.9
2025-11-02,Dambulla,0.2,26.4
2025-11-02,Nuwara Eliya,12.0,15.7
2025-11-03,Anuradhapura,0.4,27.0
2025-11-03,Badulla,0.0,24.7
2025-11-03,Dambulla,0.0,26.4
2025-11-03,Nuwara Eliya,0.1,16.8
2025-11-04,Anuradhapura,0.1,27.2
2025-11-04,Badulla,0.0,23.8
2025-11-04,Dambulla,0.0,26.5
2025-11-04,Nuwara Eliya,0.0,16.4
2025-11-05,Anuradhapura,2.5,26.6
2025-11-05,Badulla,0.0,23.4
2025-11-05,Dambulla,0.0,26.0
2025-11-05,Nuwara Eliya,0.0,16.1
2025-11-06,Anuradhapura,10.4,25.8
2025-11-06,Badulla,1.8,23.2
2025-11-06,Dambulla,6.1,25.2
2025-11-06,Nuwara Eliya,1.4,15.6
2025-11-07,Anuradhapura,14.3,25.0
2025-11-07,Badulla,2.9,23.0
2025-11-07,Dambulla,10.7,25.0
2025-11-07,Nuwara Eliya,4.0,15.6
2025-11-08,Anuradhapura,3.1,25.7
2025-11-08,Badulla,3.5,23.2
2025-11-08,Dambulla,3.4,25.2
2025-11-08,Nuwara Eliya,12.9,15.2
2025-11-09,Anuradhapura,4.9,25.7
2025-11-09,Badulla,0.6,24.0
2025-11-09,Dambulla,5.0,25.2
2025-11-09,Nuwara Eliya,2.4,15.5
2025-11-10,Anuradhapura,5.7,25.5
2025-11-10,Badulla,3.5,22.4
2025-11-10,Dambulla,11.9,24.7
2025-11-10,Nuwara Eliya,2.8,15.3
2025-11-11,Anuradhapura,5.0,25.6
2025-11-11,Badulla,5.3,22.5
2025-11-11,Dambulla,8.9,24.7
2025-11-11,Nuwara Eliya,11.1,15.2
2025-11-12,Anuradhapura,22.7,24.9
2025-11-12,Badulla,10.6,22.5
2025-11-12,Dambulla,5.6,24.5
2025-11-12,Nuwara Eliya,7.3,15.7
2025-11-13,Anuradhapura,13.6,24.8
2025-11-13,Badulla,12.4,22.0
2025-11-13,Dambulla,4.1,23.8
2025-11-13,Nuwara Eliya,8.3,15.3
2025-11-14,Anuradhapura,0.0,26.0
2025-11-14,Badulla,7.2,21.9
2025-11-14,Dambulla,2.6,24.6
2025-11-14,Nuwara Eliya,11.6,15.1
2025-11-15,Anuradhapura,7.1,24.6
2025-11-15,Badulla,8.7,21.9
2025-11-15,Dambulla,11.6,23.9
2025-11-15,Nuwara Eliya,21.6,15.3
2025-11-16,Anuradhapura,9.9,24.3
2025-11-16,Badulla,5.8,21.9
2025-11-16,Dambulla,8.3,24.0
2025-11-16,Nuwara Eliya,8.4,15.4
2025-11-17,Anuradhapura,28.7,23.9
2025-11-17,Badulla,19.0,21.5
2025-11-17,Dambulla,21.3,23.1
2025-11-17,Nuwara Eliya,35.0,15.7
2025-11-18,Anuradhapura,9.6,24.7
2025-11-18,Badulla,19.1,21.8
2025-11-18,Dambulla,7.5,23.8
2025-11-18,Nuwara Eliya,11.4,15.0
2025-11-19,Anuradhapura,0.1,25.7
2025-11-19,Badulla,14.9,21.7
2025-11-19,Dambulla,0.2,25.1
2025-11-19,Nuwara Eliya,2.4,15.4
2025-11-20,Anuradhapura,18.6,24.9
2025-11-20,Badulla,11.4,21.8
2025-11-20,Dambulla,17.4,24.0
2025-11-20,Nuwara Eliya,2.4,15.6
2025-11-21,Anuradhapura,25.5,25.3
2025-11-21,Badulla,16.2,22.5
2025-11-21,Dambulla,8.6,25.0
2025-11-21,Nuwara Eliya,5.0,16.1
2025-11-22,Anuradhapura,30.0,25.0
2025-11-22,Badulla,54.2,22.0
2025-11-22,Dambulla,46.6,24.2
2025-11-22,Nuwara Eliya,20.6,15.2
2025-11-23,Anuradhapura,25.7,24.9
2025-11-23,Badulla,25.9,21.7
2025-11-23,Dambulla,25.7,24.0
2025-11-23,Nuwara Eliya,44.3,15.6
2025-11-24,Anuradhapura,34.8,23.8
2025-11-24,Badulla,40.0,21.0
2025-11-24,Dambulla,44.7,23.0
2025-11-24,Nuwara Eliya,45.0,14.9
2025-11-25,Anuradhapura,24.7,23.9
2025-11-25,Badulla,66.5,20.6
2025-11-25,Dambulla,25.3,22.6
2025-11-25,Nuwara Eliya,54.6,14.6
2025-11-26,Anuradhapura,36.3,23.5
2025-11-26,Badulla,152.9,20.9
2025-11-26,Dambulla,50.8,22.7
2025-11-26,Nuwara Eliya,94.3,15.0
2025-11-27,Anuradhapura,308.5,23.3
2025-11-27,Badulla,218.9,21.0
2025-11-27,Dambulla,200.2,22.6
2025-11-27,Nuwara Eliya,193.8,14.8
2025-11-28,Anuradhapura,160.2,24.0
2025-11-28,Badulla,30.2,21.5
2025-11-28,Dambulla,64.7,22.6
2025-11-28,Nuwara Eliya,66.9,13.9
2025-11-29,Anuradhapura,15.0,22.7
2025-11-29,Badulla,4.1,21.7
2025-11-29,Dambulla,18.2,21.9
2025-11-29,Nuwara Eliya,7.7,14.3
2025-11-30,Anuradhapura,0.3,24.8
2025-11-30,Badulla,0.1,22.3
2025-11-30,Dambulla,0.0,24.2
2025-11-30,Nuwara Eliya,0.0,14.4
2025-12-01,Anuradhapura,3.2,24.9
2025-12-01,Badulla,0.5,21.5
2025-12-01,Dambulla,0.1,24.4
2025-12-01,Nuwara Eliya,0.5,15.1
2025-12-02,Anuradhapura,1.4,25.6
2025-12-02,Badulla,0.0,22.3
2025-12-02,Dambulla,0.2,25.3
2025-12-02,Nuwara Eliya,0.0,15.5
2025-12-03,Anuradhapura,0.3,25.9
2025-12-03,Badulla,2.1,22.1
2025-12-03,Dambulla,1.2,25.3
2025-12-03,Nuwara Eliya,1.5,15.0
2025-12-04,Anuradhapura,1.5,25.5
2025-12-04,Badulla,4.6,22.6
2025-12-04,Dambulla,1.9,25.0
2025-12-04,Nuwara Eliya,2.0,15.5
2025-12-05,Anuradhapura,16.3,25.1
2025-12-05,Badulla,16.3,21.6
2025-12-05,Dambulla,8.1,23.7
2025-12-05,Nuwara Eliya,11.1,15.2
2025-12-06,Anuradhapura,0.1,25.9
2025-12-06,Badulla,10.6,21.3
2025-12-06,Dambulla,1.1,24.8
2025-12-06,Nuwara Eliya,5.2,14.1
2025-12-07,Anuradhapura,4.3,25.1
2025-12-07,Badulla,5.7,21.6
2025-12-07,Dambulla,1.5,24.2
2025-12-07,Nuwara Eliya,3.7,14.9
2025-12-08,Anuradhapura,0.4,25.5
2025-12-08,Badulla,3.7,21.8
2025-12-08,Dambulla,0.7,24.7
2025-12-08,Nuwara Eliya,3.1,15.1
2025-12-09,Anuradhapura,16.3,24.3
2025-12-09,Badulla,10.0,21.2
2025-12-09,Dambulla,13.5,23.5
2025-12-09,Nuwara Eliya,6.8,14.6
2025-12-10,Anuradhapura,9.5,24.0
2025-12-10,Badulla,14.3,21.2
2025-12-10,Dambulla,21.1,23.2
2025-12-10,Nuwara Eliya,6.2,14.2
2025-12-11,Anuradhapura,19.4,24.1
2025-12-11,Badulla,29.3,20.8
2025-12-11,Dambulla,14.6,23.0
2025-12-11,Nuwara Eliya,11.2,14.4
2025-12-12,Anuradhapura,18.8,23.9
2025-12-12,Badulla,8.6,22.0
2025-12-12,Dambulla,5.8,23.6
2025-12-12,Nuwara Eliya,5.0,15.1
2025-12-13,Anuradhapura,14.7,23.9
2025-12-13,Badulla,13.6,21.2
2025-12-13,Dambulla,12.6,23.1
2025-12-13,Nuwara Eliya,2.5,15.0
2025-12-14,Anuradhapura,2.5,24.3
2025-12-14,Badulla,11.7,20.8
2025-12-14,Dambulla,4.5,23.2
2025-12-14,Nuwara Eliya,2.6,14.8
2025-12-15,Anuradhapura,2.3,24.1
2025-12-15,Badulla,9.9,21.1
2025-12-15,Dambulla,3.8,23.3
2025-12-15,Nuwara Eliya,0.2,15.1
2025-12-16,Anuradhapura,10.8,24.9
2025-12-16,Badulla,4.9,22.5
2025-12-16,Dambulla,1.9,24.1
2025-12-16,Nuwara Eliya,1.8,15.4
2025-12-17,Anuradhapura,8.9,24.3
2025-12-17,Badulla,40.3,21.0
2025-12-17,Dambulla,10.9,23.3
2025-12-17,Nuwara Eliya,17.3,14.9
2025-12-18,Anuradhapura,4.7,24.6
2025-12-18,Badulla,73.9,21.3
2025-12-18,Dambulla,10.5,23.2
2025-12-18,Nuwara Eliya,30.4,14.9
2025-12-19,Anuradhapura,1.6,24.9
2025-12-19,Badulla,13.9,21.1
2025-12-19,Dambulla,4.8,23.6
2025-12-19,Nuwara Eliya,4.7,15.2
2025-12-20,Anuradhapura,0.1,24.1
2025-12-20,Badulla,16.6,21.0
2025-12-20,Dambulla,3.2,23.8
2025-12-20,Nuwara Eliya,6.2,14.9
2025-12-21,Anuradhapura,0.5,24.7
2025-12-21,Badulla,9.6,20.7
2025-12-21,Dambulla,2.0,23.7
2025-12-21,Nuwara Eliya,3.1,14.6
2025-12-22,Anuradhapura,0.1,24.5
2025-12-22,Badulla,7.1,21.7
2025-12-22,Dambulla,0.1,24.0
2025-12-22,Nuwara Eliya,0.0,14.9
2025-12-23,Anuradhapura,1.5,24.4
2025-12-23,Badulla,5.8,21.2
2025-12-23,Dambulla,1.6,23.4
2025-12-23,Nuwara Eliya,1.3,14.9
2025-12-24,Anuradhapura,8.1,24.0
2025-12-24,Badulla,6.9,21.2
2025-12-24,Dambulla,5.2,23.0
2025-12-24,Nuwara Eliya,3.3,14.6
2025-12-25,Anuradhapura,0.3,24.5
2025-12-25,Badulla,4.5,20.6
2025-12-25,Dambulla,0.6,23.8
2025-12-25,Nuwara Eliya,4.0,13.4
2025-12-26,Anuradhapura,0.2,24.7
2025-12-26,Badulla,1.1,21.1
2025-12-26,Dambulla,0.0,24.0
2025-12-26,Nuwara Eliya,2.7,13.6
2025-12-27,Anuradhapura,0.5,24.8
2025-12-27,Badulla,8.3,20.8
2025-12-27,Dambulla,1.6,23.8
2025-12-27,Nuwara Eliya,6.8,14.4
2025-12-28,Anuradhapura,1.7,24.5
2025-12-28,Badulla,4.7,21.3
2025-12-28,Dambulla,1.8,23.8
2025-12-28,Nuwara Eliya,5.8,14.4
2025-12-29,Anuradhapura,1.4,24.9
2025-12-29,Badulla,12.0,21.5
2025-12-29,Dambulla,2.3,23.9
2025-12-29,Nuwara Eliya,3.6,15.3
2025-12-30,Anuradhapura,3.1,24.9
2025-12-30,Badulla,9.1,22.2
2025-12-30,Dambulla,2.1,24.2
2025-12-30,Nuwara Eliya,1.3,16.3
2025-12-31,Anuradhapura,12.1,24.6
2025-12-31,Badulla,8.3,21.7
2025-12-31,Dambulla,14.1,23.9
2025-12-31,Nuwara Eliya,3.6,15.8
2026-01-01,Anuradhapura,9.0,24.3
2026-01-01,Badulla,3.4,21.5
2026-01-01,Dambulla,14.9,23.7
2026-01-01,Nuwara Eliya,2.5,15.9
2026-01-02,Anuradhapura,0.5,25.3
2026-01-02,Badulla,7.0,21.4
2026-01-02,Dambulla,1.7,24.3
2026-01-02,Nuwara Eliya,6.9,14.3
2026-01-03,Anuradhapura,0.9,25.3
2026-01-03,Badulla,2.1,21.4
2026-01-03,Dambulla,0.5,24.4
2026-01-03,Nuwara Eliya,0.1,13.7
2026-01-04,Anuradhapura,0.0,24.7
2026-01-04,Badulla,6.3,20.6
2026-01-04,Dambulla,0.3,23.9
2026-01-04,Nuwara Eliya,1.0,13.8
2026-01-05,Anuradhapura,13.9,24.1
2026-01-05,Badulla,16.2,21.0
2026-01-05,Dambulla,12.5,23.1
2026-01-05,Nuwara Eliya,4.4,15.0
2026-01-06,Anuradhapura,25.6,23.6
2026-01-06,Badulla,70.2,20.0
2026-01-06,Dambulla,31.8,22.5
2026-01-06,Nuwara Eliya,23.0,13.6
2026-01-07,Anuradhapura,0.8,24.3
2026-01-07,Badulla,14.2,20.4
2026-01-07,Dambulla,1.5,23.1
2026-01-07,Nuwara Eliya,0.4,13.6
2026-01-08,Anuradhapura,2.1,23.3
2026-01-08,Badulla,20.5,19.6
2026-01-08,Dambulla,3.3,22.4
2026-01-08,Nuwara Eliya,2.5,13.3
2026-01-09,Anuradhapura,10.8,23.4
2026-01-09,Badulla,11.4,20.6
2026-01-09,Dambulla,8.5,22.6
2026-01-09,Nuwara Eliya,3.0,15.1
2026-01-10,Anuradhapura,4.1,23.5
2026-01-10,Badulla,2.4,22.0
2026-01-10,Dambulla,2.9,23.2
2026-01-10,Nuwara Eliya,1.6,16.1
2026-01-11,Anuradhapura,2.9,25.3
2026-01-11,Badulla,3.2,22.0
2026-01-11,Dambulla,1.2,24.3
2026-01-11,Nuwara Eliya,2.1,15.1
2026-01-12,Anuradhapura,21.7,23.8
2026-01-12,Badulla,7.4,20.5
2026-01-12,Dambulla,5.2,23.3
2026-01-12,Nuwara Eliya,12.3,13.8
2026-01-13,Anuradhapura,2.3,24.4
2026-01-13,Badulla,3.9,21.2
2026-01-13,Dambulla,1.8,23.9
2026-01-13,Nuwara Eliya,1.6,14.4
2026-01-14,Anuradhapura,0.7,25.0
2026-01-14,Badulla,3.4,21.4
2026-01-14,Dambulla,0.6,24.2
2026-01-14,Nuwara Eliya,0.0,14.0
2026-01-15,Anuradhapura,0.0,24.6
2026-01-15,Badulla,0.0,21.1
2026-01-15,Dambulla,0.0,23.8
2026-01-15,Nuwara Eliya,0.0,13.4
2026-01-16,Anuradhapura,0.1,24.2
2026-01-16,Badulla,0.6,20.4
2026-01-16,Dambulla,0.0,23.4
2026-01-16,Nuwara Eliya,0.0,12.4
2026-01-17,Anuradhapura,0.0,23.7
2026-01-17,Badulla,0.5,19.6
2026-01-17,Dambulla,0.0,22.8
2026-01-17,Nuwara Eliya,0.0,14.3
2026-01-18,Anuradhapura,0.0,23.1
2026-01-18,Badulla,0.3,20.3
2026-01-18,Dambulla,0.0,22.7
2026-01-18,Nuwara Eliya,0.0,15.3
2026-01-19,Anuradhapura,0.0,23.2
2026-01-19,Badulla,0.5,20.5
2026-01-19,Dambulla,0.0,22.7
2026-01-19,Nuwara Eliya,0.0,14.4
2026-01-20,Anuradhapura,0.1,23.0
2026-01-20,Badulla,0.0,19.9
2026-01-20,Dambulla,0.0,22.5
2026-01-20,Nuwara Eliya,0.0,14.1
2026-01-21,Anuradhapura,0.0,23.7
2026-01-21,Badulla,0.0,19.8
2026-01-21,Dambulla,0.0,22.7
2026-01-21,Nuwara Eliya,0.0,13.6
2026-01-22,Anuradhapura,0.7,23.4
2026-01-22,Badulla,0.1,19.7
2026-01-22,Dambulla,0.8,22.6
2026-01-22,Nuwara Eliya,0.1,12.6
2026-01-23,Anuradhapura,1.2,23.9
2026-01-23,Badulla,1.0,20.9
2026-01-23,Dambulla,1.9,23.2
2026-01-23,Nuwara Eliya,0.0,13.9
2026-01-24,Anuradhapura,6.4,24.2
2026-01-24,Badulla,0.8,21.8
2026-01-24,Dambulla,1.9,23.5
2026-01-24,Nuwara Eliya,5.3,14.9
2026-01-25,Anuradhapura,0.5,25.2
2026-01-25,Badulla,4.5,22.4
2026-01-25,Dambulla,0.4,24.5
2026-01-25,Nuwara Eliya,2.7,15.1
2026-01-26,Anuradhapura,0.5,25.3
2026-01-26,Badulla,3.2,22.2
2026-01-26,Dambulla,0.9,24.5
2026-01-26,Nuwara Eliya,2.1,14.4
2026-01-27,Anuradhapura,0.5,24.8
2026-01-27,Badulla,7.1,21.3
2026-01-27,Dambulla,0.7,23.9
2026-01-27,Nuwara Eliya,0.2,14.4
2026-01-28,Anuradhapura,0.0,23.9
2026-01-28,Badulla,0.2,20.4
2026-01-28,Dambulla,0.0,23.2
2026-01-28,Nuwara Eliya,0.0,14.0
2026-01-29,Anuradhapura,0.0,24.1
2026-01-29,Badulla,2.6,20.4
2026-01-29,Dambulla,0.2,23.3
2026-01-29,Nuwara Eliya,1.9,14.6
2026-01-30,Anuradhapura,1.1,24.4
2026-01-30,Badulla,33.2,20.4
2026-01-30,Dambulla,8.5,23.0
2026-01-30,Nuwara Eliya,22.8,14.1
2026-01-31,Anuradhapura,13.1,24.1
2026-01-31,Badulla,35.9,21.1
2026-01-31,Dambulla,4.9,23.2
2026-01-31,Nuwara Eliya,11.0,14.9
2026-02-01,Anuradhapura,5.6,24.4
2026-02-01,Badulla,8.9,21.7
2026-02-01,Dambulla,4.8,23.5
2026-02-01,Nuwara Eliya,3.5,14.9
2026-02-02,Anuradhapura,1.5,25.1
2026-02-02,Badulla,17.2,21.2
2026-02-02,Dambulla,5.6,24.1
2026-02-02,Nuwara Eliya,6.4,14.9
2026-02-03,Anuradhapura,0.3,24.9
2026-02-03,Badulla,1.9,21.6
2026-02-03,Dambulla,2.2,24.1
2026-02-03,Nuwara Eliya,1.1,15.0
2026-02-04,Anuradhapura,2.5,24.9
2026-02-04,Badulla,13.5,21.2
2026-02-04,Dambulla,2.6,23.7
2026-02-04,Nuwara Eliya,7.8,14.6
2026-02-05,Anuradhapura,0.5,25.3
2026-02-05,Badulla,41.4,21.0
2026-02-05,Dambulla,0.7,23.8
2026-02-05,Nuwara Eliya,17.0,14.1
2026-02-06,Anuradhapura,24.7,23.9
2026-02-06,Badulla,32.5,20.7
2026-02-06,Dambulla,21.0,22.9
2026-02-06,Nuwara Eliya,17.7,14.4
2026-02-07,Anuradhapura,1.4,25.0
2026-02-07,Badulla,22.2,21.0
2026-02-07,Dambulla,1.3,24.0
2026-02-07,Nuwara Eliya,7.1,15.3
2026-02-08,Anuradhapura,0.0,24.5
2026-02-08,Badulla,1.3,21.1
2026-02-08,Dambulla,0.0,23.9
2026-02-08,Nuwara Eliya,0.2,14.5
2026-02-09,Anuradhapura,0.0,24.0
2026-02-09,Badulla,0.0,20.0
2026-02-09,Dambulla,0.0,23.0
2026-02-09,Nuwara Eliya,0.8,14.4
2026-02-10,Anuradhapura,0.0,23.4
2026-02-10,Badulla,0.0,19.9
2026-02-10,Dambulla,0.0,22.7
2026-02-10,Nuwara Eliya,0.4,14.1
2026-02-11,Anuradhapura,0.0,24.2
2026-02-11,Badulla,1.7,20.3
2026-02-11,Dambulla,0.0,23.3
2026-02-11,Nuwara Eliya,0.9,14.0
2026-02-12,Anuradhapura,4.9,24.3
2026-02-12,Badulla,18.6,20.8
2026-02-12,Dambulla,13.6,23.1
2026-02-12,Nuwara Eliya,9.1,14.6
2026-02-13,Anuradhapura,1.6,25.0
2026-02-13,Badulla,3.9,21.1
2026-02-13,Dambulla,1.4,23.7
2026-02-13,Nuwara Eliya,0.4,14.4
2026-02-14,Anuradhapura,7.7,24.9
2026-02-14,Badulla,21.4,20.9
2026-02-14,Dambulla,10.9,23.2
2026-02-14,Nuwara Eliya,13.1,14.4
2026-02-15,Anuradhapura,0.0,24.5
2026-02-15,Badulla,8.5,20.7
2026-02-15,Dambulla,0.1,23.6
2026-02-15,Nuwara Eliya,4.2,13.8
2026-02-16,Anuradhapura,0.0,24.4
2026-02-16,Badulla,0.4,20.8
2026-02-16,Dambulla,0.0,23.7
2026-02-16,Nuwara Eliya,0.0,14.2
2026-02-17,Anuradhapura,3.2,23.8
2026-02-17,Badulla,21.8,19.5
2026-02-17,Dambulla,8.2,22.4
2026-02-17,Nuwara Eliya,16.1,13.2
2026-02-18,Anuradhapura,16.2,23.6
2026-02-18,Badulla,44.6,20.6
2026-02-18,Dambulla,19.8,22.5
2026-02-18,Nuwara Eliya,16.0,14.4
2026-02-19,Anuradhapura,2.1,25.1
2026-02-19,Badulla,9.7,21.3
2026-02-19,Dambulla,5.8,23.9
2026-02-19,Nuwara Eliya,5.7,15.2
2026-02-20,Anuradhapura,7.9,24.8
2026-02-20,Badulla,24.4,21.4
2026-02-20,Dambulla,7.6,23.5
2026-02-20,Nuwara Eliya,15.1,15.4
2026-02-21,Anuradhapura,30.8,24.4
2026-02-21,Badulla,80.9,21.8
2026-02-21,Dambulla,26.8,23.6
2026-02-21,Nuwara Eliya,79.9,15.1
2026-02-22,Anuradhapura,6.6,24.9
2026-02-22,Badulla,12.0,22.2
2026-02-22,Dambulla,18.6,23.4
2026-02-22,Nuwara Eliya,11.3,15.3
2026-02-23,Anuradhapura,0.6,26.2
2026-02-23,Badulla,0.5,23.1
2026-02-23,Dambulla,0.6,25.3
2026-02-23,Nuwara Eliya,0.6,15.9
2026-02-24,Anuradhapura,0.4,25.8
2026-02-24,Badulla,0.7,23.1
2026-02-24,Dambulla,0.0,25.5
2026-02-24,Nuwara Eliya,2.1,15.7
2026-02-25,Anuradhapura,0.3,25.6
2026-02-25,Badulla,1.2,22.1
2026-02-25,Dambulla,0.2,25.1
2026-02-25,Nuwara Eliya,0.0,15.5
2026-02-26,Anuradhapura,0.2,25.7
2026-02-26,Badulla,0.3,22.6
2026-02-26,Dambulla,0.0,25.2
2026-02-26,Nuwara Eliya,0.8,15.3
2026-02-27,Anuradhapura,0.0,25.7
2026-02-27,Badulla,0.0,22.2
2026-02-27,Dambulla,0.0,25.2
2026-02-27,Nuwara Eliya,1.1,14.8
2026-02-28,Anuradhapura,0.0,25.7
2026-02-28,Badulla,0.0,22.3
2026-02-28,Dambulla,0.0,25.0
2026-02-28,Nuwara Eliya,0.0,14.4
2026-03-01,Anuradhapura,0.0,24.9
2026-03-01,Badulla,0.0,21.9
2026-03-01,Dambulla,0.0,24.1
2026-03-01,Nuwara Eliya,0.0,13.5
2026-03-02,Anuradhapura,0.0,24.5
2026-03-02,Badulla,0.0,21.9
2026-03-02,Dambulla,0.0,23.7
2026-03-02,Nuwara Eliya,0.0,13.7
2026-03-03,Anuradhapura,0.7,24.5
2026-03-03,Badulla,0.4,20.4
2026-03-03,Dambulla,0.0,23.9
2026-03-03,Nuwara Eliya,0.2,13.7
2026-03-04,Anuradhapura,1.6,25.3
2026-03-04,Badulla,1.4,22.1
2026-03-04,Dambulla,2.4,24.6
2026-03-04,Nuwara Eliya,2.6,14.7
2026-03-05,Anuradhapura,0.1,26.2
2026-03-05,Badulla,0.0,22.6
2026-03-05,Dambulla,0.0,25.4
2026-03-05,Nuwara Eliya,0.0,15.5
2026-03-06,Anuradhapura,0.0,26.5
2026-03-06,Badulla,0.0,22.9
2026-03-06,Dambulla,0.2,25.7
2026-03-06,Nuwara Eliya,0.6,15.1
2026-03-07,Anuradhapura,0.0,26.5
2026-03-07,Badulla,0.0,23.0
2026-03-07,Dambulla,0.0,25.8
2026-03-07,Nuwara Eliya,0.0,15.3
2026-03-08,Anuradhapura,0.0,26.4
2026-03-08,Badulla,0.0,22.2
2026-03-08,Dambulla,0.0,25.2
2026-03-08,Nuwara Eliya,0.0,15.3
2026-03-09,Anuradhapura,0.0,26.3
2026-03-09,Badulla,0.0,22.3
2026-03-09,Dambulla,0.0,25.0
2026-03-09,Nuwara Eliya,0.1,14.2
2026-03-10,Anuradhapura,1.2,25.7
2026-03-10,Badulla,1.0,22.3
2026-03-10,Dambulla,0.3,24.6
2026-03-10,Nuwara Eliya,2.9,14.9
2026-03-11,Anuradhapura,2.3,26.2
2026-03-11,Badulla,4.4,22.0
2026-03-11,Dambulla,1.0,25.1
2026-03-11,Nuwara Eliya,2.0,15.4
2026-03-12,Anuradhapura,4.4,26.8
2026-03-12,Badulla,3.9,22.3
2026-03-12,Dambulla,3.5,25.6
2026-03-12,Nuwara Eliya,3.8,15.7
2026-03-13,Anuradhapura,0.0,27.5
2026-03-13,Badulla,2.7,23.0
2026-03-13,Dambulla,2.6,26.2
2026-03-13,Nuwara Eliya,2.8,15.5
2026-03-14,Anuradhapura,1.4,26.6
2026-03-14,Badulla,1.0,22.5
2026-03-14,Dambulla,0.0,25.7
2026-03-14,Nuwara Eliya,2.5,15.2
2026-03-15,Anuradhapura,0.0,27.5
2026-03-15,Badulla,1.8,22.3
2026-03-15,Dambulla,0.0,26.2
2026-03-15,Nuwara Eliya,2.7,15.3
2026-03-16,Anuradhapura,1.6,27.7
2026-03-16,Badulla,0.5,23.0
2026-03-16,Dambulla,0.1,26.7
2026-03-16,Nuwara Eliya,0.7,15.8
2026-03-17,Anuradhapura,1.4,27.4
2026-03-17,Badulla,1.0,23.0
2026-03-17,Dambulla,3.9,26.1
2026-03-17,Nuwara Eliya,2.0,15.5
2026-03-18,Anuradhapura,9.1,27.0
2026-03-18,Badulla,2.9,22.9
2026-03-18,Dambulla,3.8,26.3
2026-03-18,Nuwara Eliya,2.1,15.8
2026-03-19,Anuradhapura,5.8,26.2
2026-03-19,Badulla,4.0,22.3
2026-03-19,Dambulla,15.6,25.6
2026-03-19,Nuwara Eliya,23.9,15.2
2026-03-20,Anuradhapura,0.3,27.3
2026-03-20,Badulla,0.2,23.6
2026-03-20,Dambulla,0.0,26.7
2026-03-20,Nuwara Eliya,3.4,15.4
2026-03-21,Anuradhapura,0.2,28.1
2026-03-21,Badulla,1.6,23.1
2026-03-21,Dambulla,0.2,26.5
2026-03-21,Nuwara Eliya,0.9,16.7
2026-03-22,Anuradhapura,0.0,28.4
2026-03-22,Badulla,0.1,23.5
2026-03-22,Dambulla,0.0,27.4
2026-03-22,Nuwara Eliya,0.0,16.0
2026-03-23,Anuradhapura,0.0,28.4
2026-03-23,Badulla,1.7,23.8
2026-03-23,Dambulla,0.0,27.3
2026-03-23,Nuwara Eliya,0.0,15.7
2026-03-24,Anuradhapura,0.0,28.0
2026-03-24,Badulla,6.4,23.2
2026-03-24,Dambulla,0.0,27.0
2026-03-24,Nuwara Eliya,1.8,15.9
2026-03-25,Anuradhapura,0.0,27.8
2026-03-25,Badulla,0.4,23.8
2026-03-25,Dambulla,0.0,26.9
2026-03-25,Nuwara Eliya,1.0,15.8
2026-03-26,Anuradhapura,0.0,28.0
2026-03-26,Badulla,0.5,24.1
2026-03-26,Dambulla,0.1,27.0
2026-03-26,Nuwara Eliya,0.0,16.0
2026-03-27,Anuradhapura,0.0,28.5
2026-03-27,Badulla,1.1,24.3
2026-03-27,Dambulla,0.0,27.3
2026-03-27,Nuwara Eliya,0.2,16.5
2026-03-28,Anuradhapura,0.0,28.9
2026-03-28,Badulla,0.1,25.2
2026-03-28,Dambulla,0.0,27.7
2026-03-28,Nuwara Eliya,0.0,16.3
2026-03-29,Anuradhapura,0.0,29.1
2026-03-29,Badulla,0.0,24.6
2026-03-29,Dambulla,0.0,27.6
2026-03-29,Nuwara Eliya,0.0,16.4
2026-03-30,Anuradhapura,1.3,28.4
2026-03-30,Badulla,0.0,24.9
2026-03-30,Dambulla,0.2,27.2
2026-03-30,Nuwara Eliya,0.8,16.4
2026-03-31,Anuradhapura,0.0,28.5
2026-03-31,Badulla,0.1,24.3
2026-03-31,Dambulla,0.0,27.1
2026-03-31,Nuwara Eliya,2.1,15.8
2026-04-01,Anuradhapura,0.0,28.2
2026-04-01,Badulla,0.9,24.5
2026-04-01,Dambulla,0.0,27.3
2026-04-01,Nuwara Eliya,0.5,16.4
2026-04-02,Anuradhapura,3.5,27.4
2026-04-02,Badulla,16.4,23.4
2026-04-02,Dambulla,3.3,26.5
2026-04-02,Nuwara Eliya,3.6,16.1
2026-04-03,Anuradhapura,20.2,26.6
2026-04-03,Badulla,13.2,22.9
2026-04-03,Dambulla,19.6,25.7
2026-04-03,Nuwara Eliya,17.7,15.8
2026-04-04,Anuradhapura,3.1,27.4
2026-04-04,Badulla,0.7,23.9
2026-04-04,Dambulla,2.2,26.4
2026-04-04,Nuwara Eliya,4.2,16.5
2026-04-05,Anuradhapura,0.0,29.0
2026-04-05,Badulla,1.4,24.3
2026-04-05,Dambulla,0.0,27.7
2026-04-05,Nuwara Eliya,2.3,16.9
2026-04-06,Anuradhapura,7.7,28.3
2026-04-06,Badulla,0.6,23.9
2026-04-06,Dambulla,1.7,27.2
2026-04-06,Nuwara Eliya,0.9,16.6
2026-04-07,Anuradhapura,1.9,29.2
2026-04-07,Badulla,2.1,24.7
2026-04-07,Dambulla,0.3,28.4
2026-04-07,Nuwara Eliya,2.4,17.3
2026-04-08,Anuradhapura,0.1,29.7
2026-04-08,Badulla,0.4,24.9
2026-04-08,Dambulla,0.3,28.3
2026-04-08,Nuwara Eliya,0.0,17.4
2026-04-09,Anuradhapura,0.9,29.1
2026-04-09,Badulla,0.0,25.2
2026-04-09,Dambulla,0.1,28.1
2026-04-09,Nuwara Eliya,0.0,17.0
2026-04-10,Anuradhapura,0.1,29.6
2026-04-10,Badulla,0.0,25.5
2026-04-10,Dambulla,0.2,27.9
2026-04-10,Nuwara Eliya,0.0,16.9
2026-04-11,Anuradhapura,0.0,29.4
2026-04-11,Badulla,1.9,25.3
2026-04-11,Dambulla,1.4,27.8
2026-04-11,Nuwara Eliya,5.4,17.1
2026-04-12,Anuradhapura,3.3,28.8
2026-04-12,Badulla,11.3,24.4
2026-04-12,Dambulla,2.8,27.2
2026-04-12,Nuwara Eliya,8.5,16.9
2026-04-13,Anuradhapura,11.5,27.4
2026-04-13,Badulla,8.6,23.2
2026-04-13,Dambulla,6.7,26.3
2026-04-13,Nuwara Eliya,7.9,16.9
2026-04-14,Anuradhapura,7.5,27.4
2026-04-14,Badulla,0.3,24.4
2026-04-14,Dambulla,3.3,26.7
2026-04-14,Nuwara Eliya,2.5,17.2
2026-04-15,Anuradhapura,1.0,28.8
2026-04-15,Badulla,2.6,24.1
2026-04-15,Dambulla,0.9,27.5
2026-04-15,Nuwara Eliya,2.9,17.3
2026-04-16,Anuradhapura,0.2,29.4
2026-04-16,Badulla,0.5,24.8
2026-04-16,Dambulla,0.4,28.0
2026-04-16,Nuwara Eliya,1.1,17.2
2026-04-17,Anuradhapura,0.1,29.7
2026-04-17,Badulla,0.3,25.5
2026-04-17,Dambulla,0.0,28.2
2026-04-17,Nuwara Eliya,0.3,17.1
2026-04-18,Anuradhapura,0.0,29.8
2026-04-18,Badulla,0.4,25.2
2026-04-18,Dambulla,0.4,28.3
2026-04-18,Nuwara Eliya,0.0,17.2
2026-04-19,Anuradhapura,0.3,30.0
2026-04-19,Badulla,8.2,24.2
2026-04-19,Dambulla,0.3,28.2
2026-04-19,Nuwara Eliya,3.0,16.4
2026-04-20,Anuradhapura,11.6,28.2
2026-04-20,Badulla,29.7,23.4
2026-04-20,Dambulla,25.8,27.0
2026-04-20,Nuwara Eliya,6.0,16.6
2026-04-21,Anuradhapura,4.0,27.7
2026-04-21,Badulla,5.7,23.7
2026-04-21,Dambulla,0.8,26.8
2026-04-21,Nuwara Eliya,4.4,17.0
2026-04-22,Anuradhapura,1.4,28.2
2026-04-22,Badulla,3.0,23.6
2026-04-22,Dambulla,5.7,27.1
2026-04-22,Nuwara Eliya,5.8,16.8
2026-04-23,Anuradhapura,1.7,28.3
2026-04-23,Badulla,4.7,23.3
2026-04-23,Dambulla,1.7,26.9
2026-04-23,Nuwara Eliya,8.1,16.6
2026-04-24,Anuradhapura,1.5,28.3
2026-04-24,Badulla,2.4,23.9
2026-04-24,Dambulla,1.8,27.0
2026-04-24,Nuwara Eliya,3.3,16.6
2026-04-25,Anuradhapura,0.2,29.3
2026-04-25,Badulla,1.1,24.6
2026-04-25,Dambulla,0.2,27.8
2026-04-25,Nuwara Eliya,0.8,17.1
2026-04-26,Anuradhapura,1.3,29.2
2026-04-26,Badulla,4.1,24.6
2026-04-26,Dambulla,1.7,28.0
2026-04-26,Nuwara Eliya,2.8,17.5
2026-04-27,Anuradhapura,6.6,28.0
2026-04-27,Badulla,14.4,24.0
2026-04-27,Dambulla,10.9,27.1
2026-04-27,Nuwara Eliya,6.3,16.7
2026-04-28,Anuradhapura,6.6,28.1
2026-04-28,Badulla,10.3,23.7
2026-04-28,Dambulla,2.4,27.1
2026-04-28,Nuwara Eliya,5.3,17.1
2026-04-29,Anuradhapura,17.6,27.5
2026-04-29,Badulla,9.3,23.4
2026-04-29,Dambulla,11.1,26.7
2026-04-29,Nuwara Eliya,2.7,16.9
2026-04-30,Anuradhapura,1.2,27.9
2026-04-30,Badulla,5.2,23.7
2026-04-30,Dambulla,4.5,26.9
2026-04-30,Nuwara Eliya,3.5,17.0
2026-05-01,Anuradhapura,3.2,28.7
2026-05-01,Badulla,0.9,24.8
2026-05-01,Dambulla,0.6,27.5
2026-05-01,Nuwara Eliya,2.5,17.4
2026-05-02,Anuradhapura,1.4,29.3
2026-05-02,Badulla,2.5,24.7
2026-05-02,Dambulla,1.4,28.1
2026-05-02,Nuwara Eliya,1.3,17.3
2026-05-03,Anuradhapura,0.1,29.3
2026-05-03,Badulla,0.0,25.0
2026-05-03,Dambulla,1.2,28.0
2026-05-03,Nuwara Eliya,1.8,17.5
2026-05-04,Anuradhapura,10.8,29.2
2026-05-04,Badulla,0.9,25.2
2026-05-04,Dambulla,5.8,27.8
2026-05-04,Nuwara Eliya,1.6,17.5
2026-05-05,Anuradhapura,0.1,28.7
2026-05-05,Badulla,0.7,24.1
2026-05-05,Dambulla,0.9,27.2
2026-05-05,Nuwara Eliya,4.0,16.4
2026-05-06,Anuradhapura,14.5,28.5
2026-05-06,Badulla,8.4,23.9
2026-05-06,Dambulla,11.3,26.9
2026-05-06,Nuwara Eliya,4.7,16.8
2026-05-07,Anuradhapura,5.3,27.6
2026-05-07,Badulla,10.4,23.5
2026-05-07,Dambulla,5.7,26.6
2026-05-07,Nuwara Eliya,10.9,16.6
2026-05-08,Anuradhapura,37.1,27.0
2026-05-08,Badulla,16.7,23.7
2026-05-08,Dambulla,19.9,26.5
2026-05-08,Nuwara Eliya,27.8,16.6
2026-05-09,Anuradhapura,8.6,26.8
2026-05-09,Badulla,12.5,23.0
2026-05-09,Dambulla,11.2,25.8
2026-05-09,Nuwara Eliya,9.7,17.0
2026-05-10,Anuradhapura,50.4,25.9
2026-05-10,Badulla,4.2,23.3
2026-05-10,Dambulla,22.1,25.3
2026-05-10,Nuwara Eliya,4.7,16.8
2026-05-11,Anuradhapura,25.6,26.0
2026-05-11,Badulla,11.7,23.4
2026-05-11,Dambulla,8.0,25.2
2026-05-11,Nuwara Eliya,6.0,16.6
2026-05-12,Anuradhapura,20.3,26.4
2026-05-12,Badulla,8.8,23.6
2026-05-12,Dambulla,11.6,25.5
2026-05-12,Nuwara Eliya,6.3,16.2
2026-05-13,Anuradhapura,4.1,25.9
2026-05-13,Badulla,16.6,22.5
2026-05-13,Dambulla,2.8,24.4
2026-05-13,Nuwara Eliya,39.3,15.2
2026-05-14,Anuradhapura,7.9,25.9
2026-05-14,Badulla,2.1,23.4
2026-05-14,Dambulla,8.0,25.4
2026-05-14,Nuwara Eliya,7.0,15.7
2026-05-15,Anuradhapura,4.5,26.2
2026-05-15,Badulla,4.5,24.2
2026-05-15,Dambulla,0.9,25.9
2026-05-15,Nuwara Eliya,3.8,16.4
2026-05-16,Anuradhapura,4.7,27.0
2026-05-16,Badulla,4.1,23.7
2026-05-16,Dambulla,3.3,26.6
2026-05-16,Nuwara Eliya,2.6,17.3
2026-05-17,Anuradhapura,0.2,27.9
2026-05-17,Badulla,1.9,24.6
2026-05-17,Dambulla,0.6,27.2
2026-05-17,Nuwara Eliya,5.9,17.3
2026-05-18,Anuradhapura,0.6,28.2
2026-05-18,Badulla,4.1,24.1
2026-05-18,Dambulla,1.5,27.0
2026-05-18,Nuwara Eliya,4.8,17.2
2026-05-19,Anuradhapura,1.2,28.3
2026-05-19,Badulla,3.2,25.1
2026-05-19,Dambulla,3.4,26.7
2026-05-19,Nuwara Eliya,0.4,17.6
2026-05-20,Anuradhapura,0.1,28.5
2026-05-20,Badulla,2.0,25.6
2026-05-20,Dambulla,0.2,26.9
2026-05-20,Nuwara Eliya,1.3,17.6
2026-05-21,Anuradhapura,0.0,28.8
2026-05-21,Badulla,1.8,26.4
2026-05-21,Dambulla,0.1,27.6
2026-05-21,Nuwara Eliya,4.0,17.6
2026-05-22,Anuradhapura,0.3,27.5
2026-05-22,Badulla,0.2,25.2
2026-05-22,Dambulla,0.1,26.3
2026-05-22,Nuwara Eliya,1.8,16.0
2026-05-23,Anuradhapura,1.3,27.9
2026-05-23,Badulla,0.1,25.2
2026-05-23,Dambulla,0.5,27.0
2026-05-23,Nuwara Eliya,1.1,16.3
2026-05-24,Anuradhapura,1.8,28.0
2026-05-24,Badulla,2.8,25.3
2026-05-24,Dambulla,0.5,26.9
2026-05-24,Nuwara Eliya,3.1,17.3
2026-05-25,Anuradhapura,1.2,28.1
2026-05-25,Badulla,4.2,25.8
2026-05-25,Dambulla,0.5,27.1
2026-05-25,Nuwara Eliya,3.6,17.5
2026-05-26,Anuradhapura,0.2,28.0
2026-05-26,Badulla,3.1,25.6
2026-05-26,Dambulla,0.1,26.9
2026-05-26,Nuwara Eliya,3.4,17.4
2026-05-27,Anuradhapura,0.2,28.4
2026-05-27,Badulla,2.9,25.6
2026-05-27,Dambulla,0.2,26.9
2026-05-27,Nuwara Eliya,2.9,17.0
2026-05-28,Anuradhapura,0.3,28.1
2026-05-28,Badulla,2.6,25.2
2026-05-28,Dambulla,0.3,27.0
2026-05-28,Nuwara Eliya,5.0,17.1
2026-05-29,Anuradhapura,2.7,28.2
2026-05-29,Badulla,1.0,25.5
2026-05-29,Dambulla,0.7,27.1
2026-05-29,Nuwara Eliya,3.1,17.2
2026-05-30,Anuradhapura,0.0,28.6
2026-05-30,Badulla,0.5,25.8
2026-05-30,Dambulla,0.0,27.6
2026-05-30,Nuwara Eliya,3.1,16.9
2026-05-31,Anuradhapura,0.2,28.5
2026-05-31,Badulla,0.0,25.4
2026-05-31,Dambulla,0.0,27.7
2026-05-31,Nuwara Eliya,2.9,17.3
2026-06-01,Anuradhapura,0.1,28.5
2026-06-01,Badulla,1.0,26.1
2026-06-01,Dambulla,0.0,27.9
2026-06-01,Nuwara Eliya,3.0,17.4
2026-06-02,Anuradhapura,0.0,28.8
2026-06-02,Badulla,2.4,25.3
2026-06-02,Dambulla,0.4,27.9
2026-06-02,Nuwara Eliya,3.1,17.1
2026-06-03,Anuradhapura,1.0,28.8
2026-06-03,Badulla,1.4,26.1
2026-06-03,Dambulla,3.5,27.0
2026-06-03,Nuwara Eliya,5.1,17.0
2026-06-04,Anuradhapura,3.6,28.2
2026-06-04,Badulla,2.6,26.3
2026-06-04,Dambulla,4.2,26.3
2026-06-04,Nuwara Eliya,8.0,16.5
2026-06-05,Anuradhapura,0.4,28.7
2026-06-05,Badulla,0.4,26.6
2026-06-05,Dambulla,1.1,27.0
2026-06-05,Nuwara Eliya,3.2,16.7
2026-06-06,Anuradhapura,1.0,28.5
2026-06-06,Badulla,1.9,26.6
2026-06-06,Dambulla,1.5,27.1
2026-06-06,Nuwara Eliya,2.8,16.5
2026-06-07,Anuradhapura,1.3,28.0
2026-06-07,Badulla,1.5,26.9
2026-06-07,Dambulla,1.8,26.4
2026-06-07,Nuwara Eliya,4.4,16.7
2026-06-08,Anuradhapura,3.4,27.9
2026-06-08,Badulla,1.2,25.8
2026-06-08,Dambulla,3.7,25.7
2026-06-08,Nuwara Eliya,2.8,16.0
2026-06-09,Anuradhapura,0.3,28.6
2026-06-09,Badulla,0.0,26.7
2026-06-09,Dambulla,0.9,26.9
2026-06-09,Nuwara Eliya,2.8,16.4
2026-06-10,Anuradhapura,1.6,28.7
2026-06-10,Badulla,0.8,26.5
2026-06-10,Dambulla,1.6,26.7
2026-06-10,Nuwara Eliya,4.8,16.6
2026-06-11,Anuradhapura,2.7,27.7
2026-06-11,Badulla,9.3,26.3
2026-06-11,Dambulla,5.7,25.7
2026-06-11,Nuwara Eliya,10.8,17.2
2026-06-12,Anuradhapura,6.9,26.0
2026-06-12,Badulla,19.1,24.9
2026-06-12,Dambulla,22.9,24.9
2026-06-12,Nuwara Eliya,11.6,16.7
2026-06-13,Anuradhapura,5.7,27.1
2026-06-13,Badulla,7.3,25.4
2026-06-13,Dambulla,1.6,25.7
2026-06-13,Nuwara Eliya,1.5,15.9
2026-06-14,Anuradhapura,0.8,28.0
2026-06-14,Badulla,0.6,25.9
2026-06-14,Dambulla,1.3,26.7
2026-06-14,Nuwara Eliya,0.2,16.5
2026-06-15,Anuradhapura,1.6,28.1
2026-06-15,Badulla,1.5,26.1
2026-06-15,Dambulla,0.8,27.0
2026-06-15,Nuwara Eliya,0.6,17.4
2026-06-16,Anuradhapura,0.2,28.3
2026-06-16,Badulla,1.0,26.3
2026-06-16,Dambulla,0.0,27.3
2026-06-16,Nuwara Eliya,2.2,17.7
2026-06-17,Anuradhapura,0.6,27.9
2026-06-17,Badulla,1.4,26.0
2026-06-17,Dambulla,0.1,26.7
2026-06-17,Nuwara Eliya,2.9,17.1
2026-06-18,Anuradhapura,1.5,27.5
2026-06-18,Badulla,2.5,25.0
2026-06-18,Dambulla,0.7,26.4
2026-06-18,Nuwara Eliya,4.1,16.1
2026-06-19,Anuradhapura,2.2,27.8
2026-06-19,Badulla,3.7,24.3
2026-06-19,Dambulla,2.4,26.6
2026-06-19,Nuwara Eliya,4.3,16.1
2026-06-20,Anuradhapura,1.5,27.9
2026-06-20,Badulla,2.1,24.8
2026-06-20,Dambulla,1.3,26.8
2026-06-20,Nuwara Eliya,1.3,16.5
2026-06-21,Anuradhapura,3.2,27.7
2026-06-21,Badulla,3.0,24.8
2026-06-21,Dambulla,1.5,26.7
2026-06-21,Nuwara Eliya,5.9,16.6
2026-06-22,Anuradhapura,2.3,26.9
2026-06-22,Badulla,4.9,23.9
2026-06-22,Dambulla,2.4,25.7
2026-06-22,Nuwara Eliya,11.2,16.1
2026-06-23,Anuradhapura,0.1,28.2
2026-06-23,Badulla,1.1,24.8
2026-06-23,Dambulla,0.5,26.5
2026-06-23,Nuwara Eliya,4.4,16.2
2026-06-24,Anuradhapura,2.7,28.6
2026-06-24,Badulla,2.5,25.4
2026-06-24,Dambulla,2.2,27.5
2026-06-24,Nuwara Eliya,3.8,16.7
2026-06-25,Anuradhapura,2.9,28.6
2026-06-25,Badulla,3.7,25.1
2026-06-25,Dambulla,3.1,27.5
2026-06-25,Nuwara Eliya,2.9,17.0
2026-06-26,Anuradhapura,5.1,28.3
2026-06-26,Badulla,2.1,25.2
2026-06-26,Dambulla,1.5,27.1
2026-06-26,Nuwara Eliya,4.5,16.8
2026-06-27,Anuradhapura,0.6,28.5
2026-06-27,Badulla,6.0,25.0
2026-06-27,Dambulla,1.0,27.1
2026-06-27,Nuwara Eliya,3.2,16.9
2026-06-28,Anuradhapura,0.6,28.3
2026-06-28,Badulla,3.6,25.2
2026-06-28,Dambulla,1.6,26.7
2026-06-28,Nuwara Eliya,5.3,16.7
2026-06-29,Anuradhapura,3.0,28.3
2026-06-29,Badulla,4.9,24.9
2026-06-29,Dambulla,3.5,26.2
2026-06-29,Nuwara Eliya,3.4,15.5
2026-06-30,Anuradhapura,1.3,28.9
2026-06-30,Badulla,0.8,25.6
2026-06-30,Dambulla,1.5,27.1
2026-06-30,Nuwara Eliya,1.7,15.7
2026-07-01,Anuradhapura,0.0,29.3
2026-07-01,Badulla,0.0,25.9
2026-07-01,Dambulla,0.1,27.2
2026-07-01,Nuwara Eliya,1.0,16.0
2026-07-02,Anuradhapura,0.0,29.2
2026-07-02,Badulla,0.0,25.6
2026-07-02,Dambulla,0.0,27.5
2026-07-02,Nuwara Eliya,0.0,16.4
2026-07-03,Anuradhapura,2.9,28.2
2026-07-03,Badulla,0.4,26.3
2026-07-03,Dambulla,3.5,26.1
2026-07-03,Nuwara Eliya,1.8,16.6
2026-07-04,Anuradhapura,1.3,28.4
2026-07-04,Badulla,1.1,26.1
2026-07-04,Dambulla,7.2,25.1
2026-07-04,Nuwara Eliya,5.6,16.2
2026-07-05,Anuradhapura,0.0,28.6
2026-07-05,Badulla,0.0,25.4
2026-07-05,Dambulla,0.0,26.7
2026-07-05,Nuwara Eliya,0.0,15.5
2026-07-06,Anuradhapura,0.0,28.7
2026-07-06,Badulla,0.0,25.1
2026-07-06,Dambulla,0.0,26.9
2026-07-06,Nuwara Eliya,0.0,15.9
2026-07-07,Anuradhapura,0.0,28.9
2026-07-07,Badulla,0.0,25.3
2026-07-07,Dambulla,0.0,27.4
2026-07-07,Nuwara Eliya,0.0,16.2
2026-07-08,Anuradhapura,0.0,29.1
2026-07-08,Badulla,0.1,25.6
2026-07-08,Dambulla,0.5,27.6
2026-07-08,Nuwara Eliya,0.2,16.4
2026-07-09,Anuradhapura,2.4,29.0
2026-07-09,Badulla,1.4,26.1
2026-07-09,Dambulla,0.0,27.8
2026-07-09,Nuwara Eliya,2.0,17.3
2026-07-10,Anuradhapura,2.4,28.8
2026-07-10,Badulla,6.7,26.2
2026-07-10,Dambulla,1.4,27.3
2026-07-10,Nuwara Eliya,2.4,16.7
2026-07-11,Anuradhapura,1.4,28.9
2026-07-11,Badulla,3.3,26.8
2026-07-11,Dambulla,0.2,27.6
2026-07-11,Nuwara Eliya,1.3,17.3
2026-07-12,Anuradhapura,0.0,28.8
2026-07-12,Badulla,0.2,27.2
2026-07-12,Dambulla,0.0,27.5
2026-07-12,Nuwara Eliya,0.0,17.0
2026-07-13,Anuradhapura,0.1,28.6
2026-07-13,Badulla,0.0,26.1
2026-07-13,Dambulla,0.1,27.0
2026-07-13,Nuwara Eliya,0.0,16.8
2026-07-14,Anuradhapura,0.0,28.5
2026-07-14,Badulla,0.0,26.1
2026-07-14,Dambulla,0.0,27.3
2026-07-14,Nuwara Eliya,0.0,18.1
2026-07-15,Anuradhapura,0.0,28.3
2026-07-15,Badulla,0.0,26.1
2026-07-15,Dambulla,0.0,27.1
2026-07-15,Nuwara Eliya,0.0,17.2
2026-07-16,Anuradhapura,0.0,28.1
2026-07-16,Badulla,0.0,25.7
2026-07-16,Dambulla,0.0,27.0
2026-07-16,Nuwara Eliya,0.0,17.6
2026-07-17,Anuradhapura,0.0,28.6
2026-07-17,Badulla,4.8,24.9
2026-07-17,Dambulla,0.3,27.0
2026-07-17,Nuwara Eliya,0.0,16.1
2026-07-18,Anuradhapura,0.0,28.7
2026-07-18,Badulla,1.3,25.7
2026-07-18,Dambulla,0.0,27.1
2026-07-18,Nuwara Eliya,0.0,16.0
2026-07-19,Anuradhapura,0.6,28.7
2026-07-19,Badulla,3.3,26.0
2026-07-19,Dambulla,1.0,27.2
2026-07-19,Nuwara Eliya,0.4,16.6
2026-07-20,Anuradhapura,0.6,28.9
2026-07-20,Badulla,6.6,25.7
2026-07-20,Dambulla,1.4,27.0
2026-07-20,Nuwara Eliya,3.6,16.6
2026-07-21,Anuradhapura,0.0,29.1
2026-07-21,Badulla,0.1,26.2
2026-07-21,Dambulla,0.0,27.8
2026-07-21,Nuwara Eliya,0.0,17.1
2026-07-22,Anuradhapura,0.1,29.2
2026-07-22,Badulla,0.0,26.0
2026-07-22,Dambulla,0.2,28.0
2026-07-22,Nuwara Eliya,0.0,18.0
2026-07-23,Anuradhapura,0.0,29.3
2026-07-23,Badulla,3.5,26.0
2026-07-23,Dambulla,0.5,28.0
2026-07-23,Nuwara Eliya,0.0,17.9
2026-07-24,Anuradhapura,0.0,29.4
2026-07-24,Badulla,0.0,25.8
2026-07-24,Dambulla,0.0,28.3
2026-07-24,Nuwara Eliya,0.0,17.2
2026-07-25,Anuradhapura,0.0,29.6
2026-07-25,Badulla,1.1,26.0
2026-07-25,Dambulla,0.0,28.7
2026-07-25,Nuwara Eliya,1.5,17.7
2026-07-26,Anuradhapura,2.2,29.3
2026-07-26,Badulla,0.2,26.6
2026-07-26,Dambulla,0.0,28.4
2026-07-26,Nuwara Eliya,0.5,16.8
2026-07-27,Anuradhapura,0.4,29.4
2026-07-27,Badulla,0.0,26.5
2026-07-27,Dambulla,0.8,28.1
2026-07-27,Nuwara Eliya,0.4,16.6
2026-07-28,Anuradhapura,0.6,29.4
2026-07-28,Badulla,0.5,27.1
2026-07-28,Dambulla,1.4,27.9
2026-07-28,Nuwara Eliya,2.9,17.0
2026-07-29,Anuradhapura,0.1,29.5
2026-07-29,Badulla,0.0,27.2
2026-07-29,Dambulla,2.3,27.7
2026-07-29,Nuwara Eliya,4.0,16.4
2026-07-30,Anuradhapura,0.5,29.6
2026-07-30,Badulla,0.0,28.1
2026-07-30,Dambulla,0.0,28.1
2026-07-30,Nuwara Eliya,0.4,16.4
2026-07-31,Anuradhapura,1.8,29.5
2026-07-31,Badulla,5.4,27.8
2026-07-31,Dambulla,0.4,28.1
2026-07-31,Nuwara Eliya,2.4,17.3
2026-08-01,Anuradhapura,0.4,28.7
2026-08-01,Badulla,4.6,26.0
2026-08-01,Dambulla,2.5,26.2
2026-08-01,Nuwara Eliya,8.2,15.3
2026-08-02,Anuradhapura,11.0,28.8
2026-08-02,Badulla,2.7,26.6
2026-08-02,Dambulla,2.1,26.5
2026-08-02,Nuwara Eliya,9.4,15.6
2026-08-03,Anuradhapura,7.5,27.5
2026-08-03,Badulla,8.6,25.1
2026-08-03,Dambulla,7.9,25.3
2026-08-03,Nuwara Eliya,19.5,15.3
2026-08-04,Anuradhapura,3.8,28.0
2026-08-04,Badulla,3.0,25.7
2026-08-04,Dambulla,3.2,25.9
2026-08-04,Nuwara Eliya,3.0,15.3
2026-08-05,Anuradhapura,0.5,29.0
2026-08-05,Badulla,0.2,27.2
2026-08-05,Dambulla,0.0,26.9
2026-08-05,Nuwara Eliya,1.8,15.7
2026-08-06,Anuradhapura,3.6,28.5
2026-08-06,Badulla,0.7,27.0
2026-08-06,Dambulla,6.3,26.3
2026-08-06,Nuwara Eliya,6.2,15.1
2026-08-07,Anuradhapura,0.6,28.8
2026-08-07,Badulla,0.0,26.4
2026-08-07,Dambulla,1.2,26.9
2026-08-07,Nuwara Eliya,13.8,15.0
2026-08-08,Anuradhapura,1.4,28.7
2026-08-08,Badulla,0.6,27.2
2026-08-08,Dambulla,2.4,26.1
2026-08-08,Nuwara Eliya,9.1,15.3
2026-08-09,Anuradhapura,1.2,29.2
2026-08-09,Badulla,1.8,26.8
2026-08-09,Dambulla,3.1,26.8
2026-08-09,Nuwara Eliya,2.1,15.9
2026-08-10,Anuradhapura,0.0,29.2
2026-08-10,Badulla,4.8,26.7
2026-08-10,Dambulla,0.0,27.7
2026-08-10,Nuwara Eliya,1.3,16.6
2026-08-11,Anuradhapura,1.4,29.2
2026-08-11,Badulla,6.2,26.1
2026-08-11,Dambulla,0.0,27.9
2026-08-11,Nuwara Eliya,3.9,16.8
2026-08-12,Anuradhapura,0.8,29.2
2026-08-12,Badulla,10.7,26.0
2026-08-12,Dambulla,1.8,27.4
2026-08-12,Nuwara Eliya,2.1,16.3
2026-08-13,Anuradhapura,0.4,29.2
2026-08-13,Badulla,1.6,26.8
2026-08-13,Dambulla,0.0,27.8
2026-08-13,Nuwara Eliya,0.4,16.2
2026-08-14,Anuradhapura,1.0,29.0
2026-08-14,Badulla,3.2,27.1
2026-08-14,Dambulla,1.5,27.3
2026-08-14,Nuwara Eliya,2.3,16.5
2026-08-15,Anuradhapura,1.5,29.0
2026-08-15,Badulla,1.4,27.4
2026-08-15,Dambulla,3.2,27.4
2026-08-15,Nuwara Eliya,2.4,16.2
2026-08-16,Anuradhapura,0.1,29.3
2026-08-16,Badulla,0.0,27.4
2026-08-16,Dambulla,0.0,27.9
2026-08-16,Nuwara Eliya,0.5,17.1
2026-08-17,Anuradhapura,0.2,29.2
2026-08-17,Badulla,5.5,26.4
2026-08-17,Dambulla,0.6,27.6
2026-08-17,Nuwara Eliya,2.3,16.9
2026-08-18,Anuradhapura,0.1,29.3
2026-08-18,Badulla,0.7,27.2
2026-08-18,Dambulla,0.0,28.0
2026-08-18,Nuwara Eliya,0.3,16.1
2026-08-19,Anuradhapura,0.4,29.2
2026-08-19,Badulla,0.6,27.2
2026-08-19,Dambulla,0.9,27.8
2026-08-19,Nuwara Eliya,0.3,16.4
2026-08-20,Anuradhapura,3.3,29.0
2026-08-20,Badulla,3.9,27.1
2026-08-20,Dambulla,1.6,27.7
2026-08-20,Nuwara Eliya,2.7,17.0
2026-08-21,Anuradhapura,0.1,29.3
2026-08-21,Badulla,8.3,26.6
2026-08-21,Dambulla,1.2,27.8
2026-08-21,Nuwara Eliya,0.2,16.0
2026-08-22,Anuradhapura,0.0,29.2
2026-08-22,Badulla,0.0,27.0
2026-08-22,Dambulla,0.0,28.0
2026-08-22,Nuwara Eliya,0.0,15.4
2026-08-23,Anuradhapura,1.7,29.1
2026-08-23,Badulla,0.0,27.3
2026-08-23,Dambulla,0.5,27.6
2026-08-23,Nuwara Eliya,0.8,16.5
2026-08-24,Anuradhapura,1.4,29.1
2026-08-24,Badulla,2.5,27.4
2026-08-24,Dambulla,1.5,27.7
2026-08-24,Nuwara Eliya,1.5,16.8
2026-08-25,Anuradhapura,1.1,28.6
2026-08-25,Badulla,26.0,25.6
2026-08-25,Dambulla,3.3,26.7
2026-08-25,Nuwara Eliya,4.0,16.6
2026-08-26,Anuradhapura,3.5,28.5
2026-08-26,Badulla,1.7,26.4
2026-08-26,Dambulla,2.1,26.8
2026-08-26,Nuwara Eliya,3.2,16.3
2026-08-27,Anuradhapura,0.5,28.8
2026-08-27,Badulla,0.5,26.8
2026-08-27,Dambulla,0.0,27.8
2026-08-27,Nuwara Eliya,2.2,16.2
2026-08-28,Anuradhapura,0.2,29.3
2026-08-28,Badulla,9.7,26.4
2026-08-28,Dambulla,2.4,27.3
2026-08-28,Nuwara Eliya,2.3,16.4
2026-08-29,Anuradhapura,0.0,29.1
2026-08-29,Badulla,3.2,26.5
2026-08-29,Dambulla,0.7,27.4
2026-08-29,Nuwara Eliya,2.7,16.4
2026-08-30,Anuradhapura,0.0,28.9
2026-08-30,Badulla,0.0,26.7
2026-08-30,Dambulla,0.0,27.5
2026-08-30,Nuwara Eliya,1.4,16.2
