Date,Item,Type,Market,Price
2016-08-01,Tomato,Retail,Dambulla,90.0
2016-08-01,Tomato,Wholesale,Dambulla,40.0
2016-08-01,Tomato,Retail,Pettah,100.0
2016-08-01,Tomato,Wholesale,Pettah,80.0
2016-08-02,Tomato,Retail,Dambulla,75.0
2016-08-02,Tomato,Wholesale,Dambulla,50.0
2016-08-02,Tomato,Retail,Pettah,100.0
2016-08-02,Tomato,Wholesale,Pettah,80.0
2016-08-03,Tomato,Retail,Dambulla,65.0
2016-08-03,Tomato,Wholesale,Dambulla,33.0
2016-08-03,Tomato,Retail,Pettah,70.0
2016-08-03,Tomato,Wholesale,Pettah,50.0
2016-08-04,Tomato,Retail,Dambulla,60.0
2016-08-04,Tomato,Wholesale,Dambulla,30.0
2016-08-04,Tomato,Retail,Pettah,50.0
2016-08-04,Tomato,Wholesale,Pettah,30.0
2016-08-05,Tomato,Retail,Dambulla,65.0
2016-08-05,Tomato,Wholesale,Dambulla,35.0
2016-08-05,Tomato,Retail,Pettah,50.0
2016-08-05,Tomato,Wholesale,Pettah,30.0
2016-08-08,Tomato,Retail,Dambulla,50.0
2016-08-08,Tomato,Wholesale,Dambulla,23.0
2016-08-08,Tomato,Retail,Pettah,65.0
2016-08-08,Tomato,Wholesale,Pettah,45.0
2016-08-09,Tomato,Retail,Dambulla,40.0
2016-08-09,Tomato,Wholesale,Dambulla,20.0
2016-08-09,Tomato,Retail,Pettah,60.0
2016-08-09,Tomato,Wholesale,Pettah,40.0
2016-08-10,Tomato,Retail,Dambulla,40.0
2016-08-10,Tomato,Wholesale,Dambulla,18.0
2016-08-10,Tomato,Retail,Pettah,50.0
2016-08-10,Tomato,Wholesale,Pettah,30.0
2016-08-11,Tomato,Retail,Dambulla,45.0
2016-08-11,Tomato,Wholesale,Dambulla,23.0
2016-08-11,Tomato,Retail,Pettah,50.0
2016-08-11,Tomato,Wholesale,Pettah,30.0
2016-08-12,Tomato,Retail,Dambulla,45.0
2016-08-12,Tomato,Wholesale,Dambulla,20.0
2016-08-12,Tomato,Retail,Pettah,50.0
2016-08-12,Tomato,Wholesale,Pettah,30.0
2016-08-15,Tomato,Retail,Dambulla,55.0
2016-08-15,Tomato,Wholesale,Dambulla,25.0
2016-08-15,Tomato,Retail,Pettah,45.0
2016-08-15,Tomato,Wholesale,Pettah,25.0
2016-08-16,Tomato,Retail,Dambulla,55.0
2016-08-16,Tomato,Wholesale,Dambulla,23.0
2016-08-16,Tomato,Retail,Pettah,50.0
2016-08-16,Tomato,Wholesale,Pettah,30.0
2016-08-18,Tomato,Retail,Dambulla,55.0
2016-08-18,Tomato,Wholesale,Dambulla,23.0
2016-08-18,Tomato,Retail,Pettah,50.0
2016-08-18,Tomato,Wholesale,Pettah,25.0
2016-08-19,Tomato,Retail,Dambulla,40.0
2016-08-19,Tomato,Wholesale,Dambulla,20.0
2016-08-19,Tomato,Retail,Pettah,50.0
2016-08-19,Tomato,Wholesale,Pettah,25.0
2016-08-22,Tomato,Retail,Dambulla,45.0
2016-08-22,Tomato,Wholesale,Dambulla,23.0
2016-08-22,Tomato,Retail,Pettah,50.0
2016-08-22,Tomato,Wholesale,Pettah,25.0
2016-08-23,Tomato,Retail,Dambulla,50.0
2016-08-23,Tomato,Wholesale,Dambulla,25.0
2016-08-23,Tomato,Retail,Pettah,50.0
2016-08-23,Tomato,Wholesale,Pettah,25.0
2016-08-24,Tomato,Retail,Dambulla,50.0
2016-08-24,Tomato,Wholesale,Dambulla,28.0
2016-08-24,Tomato,Retail,Pettah,50.0
2016-08-24,Tomato,Wholesale,Pettah,20.0
2016-08-25,Tomato,Retail,Dambulla,50.0
2016-08-25,Tomato,Wholesale,Dambulla,30.0
2016-08-25,Tomato,Retail,Pettah,45.0
2016-08-25,Tomato,Wholesale,Pettah,25.0
2016-08-26,Tomato,Retail,Dambulla,45.0
2016-08-26,Tomato,Wholesale,Dambulla,23.0
2016-08-26,Tomato,Retail,Pettah,45.0
2016-08-26,Tomato,Wholesale,Pettah,25.0
2016-08-29,Tomato,Retail,Dambulla,50.0
2016-08-29,Tomato,Wholesale,Dambulla,23.0
2016-08-29,Tomato,Retail,Pettah,50.0
2016-08-29,Tomato,Wholesale,Pettah,30.0
2016-08-30,Tomato,Retail,Dambulla,50.0
2016-08-30,Tomato,Wholesale,Dambulla,23.0
2016-08-30,Tomato,Retail,Pettah,50.0
2016-08-30,Tomato,Wholesale,Pettah,30.0
2016-08-31,Tomato,Retail,Dambulla,50.0
2016-08-31,Tomato,Wholesale,Dambulla,25.0
2016-08-31,Tomato,Retail,Pettah,50.0
2016-08-31,Tomato,Wholesale,Pettah,25.0
2016-09-01,Tomato,Retail,Dambulla,50.0
2016-09-01,Tomato,Wholesale,Dambulla,33.0
2016-09-01,Tomato,Retail,Pettah,50.0
2016-09-01,Tomato,Wholesale,Pettah,25.0
2016-09-02,Tomato,Retail,Dambulla,50.0
2016-09-02,Tomato,Wholesale,Dambulla,25.0
2016-09-02,Tomato,Retail,Pettah,50.0
2016-09-02,Tomato,Wholesale,Pettah,20.0
2016-09-05,Tomato,Retail,Dambulla,50.0
2016-09-05,Tomato,Wholesale,Dambulla,28.0
2016-09-05,Tomato,Retail,Pettah,40.0
2016-09-05,Tomato,Wholesale,Pettah,20.0
2016-09-06,Tomato,Retail,Dambulla,50.0
2016-09-06,Tomato,Wholesale,Dambulla,30.0
2016-09-06,Tomato,Retail,Pettah,40.0
2016-09-06,Tomato,Wholesale,Pettah,23.0
2016-09-07,Tomato,Retail,Dambulla,45.0
2016-09-07,Tomato,Wholesale,Dambulla,33.0
2016-09-07,Tomato,Retail,Pettah,40.0
2016-09-07,Tomato,Wholesale,Pettah,20.0
2016-09-08,Tomato,Retail,Dambulla,45.0
2016-09-08,Tomato,Wholesale,Dambulla,30.0
2016-09-08,Tomato,Retail,Pettah,55.0
2016-09-08,Tomato,Wholesale,Pettah,35.0
2016-09-13,Tomato,Retail,Dambulla,90.0
2016-09-13,Tomato,Wholesale,Dambulla,65.0
2016-09-13,Tomato,Retail,Pettah,65.0
2016-09-13,Tomato,Wholesale,Pettah,45.0
2016-09-14,Tomato,Retail,Dambulla,90.0
2016-09-14,Tomato,Wholesale,Dambulla,60.0
2016-09-14,Tomato,Retail,Pettah,70.0
2016-09-14,Tomato,Wholesale,Pettah,50.0
2016-09-15,Tomato,Retail,Dambulla,90.0
2016-09-15,Tomato,Wholesale,Dambulla,55.0
2016-09-15,Tomato,Retail,Pettah,65.0
2016-09-15,Tomato,Wholesale,Pettah,43.0
2016-09-19,Tomato,Retail,Dambulla,60.0
2016-09-19,Tomato,Wholesale,Dambulla,38.0
2016-09-19,Tomato,Retail,Pettah,60.0
2016-09-19,Tomato,Wholesale,Pettah,40.0
2016-09-20,Tomato,Retail,Dambulla,60.0
2016-09-20,Tomato,Wholesale,Dambulla,35.0
2016-09-20,Tomato,Retail,Pettah,60.0
2016-09-20,Tomato,Wholesale,Pettah,40.0
2016-09-21,Tomato,Retail,Dambulla,60.0
2016-09-21,Tomato,Wholesale,Dambulla,35.0
2016-09-21,Tomato,Retail,Pettah,60.0
2016-09-21,Tomato,Wholesale,Pettah,40.0
2016-09-22,Tomato,Retail,Dambulla,55.0
2016-09-22,Tomato,Wholesale,Dambulla,33.0
2016-09-22,Tomato,Retail,Pettah,60.0
2016-09-22,Tomato,Wholesale,Pettah,40.0
2016-09-23,Tomato,Retail,Dambulla,55.0
2016-09-23,Tomato,Wholesale,Dambulla,35.0
2016-09-23,Tomato,Retail,Pettah,60.0
2016-09-23,Tomato,Wholesale,Pettah,40.0
2016-09-26,Tomato,Retail,Dambulla,65.0
2016-09-26,Tomato,Wholesale,Dambulla,50.0
2016-09-26,Tomato,Retail,Pettah,80.0
2016-09-26,Tomato,Wholesale,Pettah,60.0
2016-09-27,Tomato,Retail,Dambulla,70.0
2016-09-27,Tomato,Wholesale,Dambulla,45.0
2016-09-27,Tomato,Retail,Pettah,70.0
2016-09-27,Tomato,Wholesale,Pettah,50.0
2016-09-28,Tomato,Retail,Dambulla,65.0
2016-09-28,Tomato,Wholesale,Dambulla,40.0
2016-09-28,Tomato,Retail,Pettah,70.0
2016-09-28,Tomato,Wholesale,Pettah,50.0
2016-09-29,Tomato,Retail,Dambulla,70.0
2016-09-29,Tomato,Wholesale,Dambulla,48.0
2016-09-29,Tomato,Retail,Pettah,78.0
2016-09-29,Tomato,Wholesale,Pettah,53.0
2016-09-30,Tomato,Retail,Dambulla,70.0
2016-09-30,Tomato,Wholesale,Dambulla,55.0
2016-09-30,Tomato,Retail,Pettah,70.0
2016-09-30,Tomato,Wholesale,Pettah,53.0
2016-10-03,Tomato,Retail,Dambulla,70.0
2016-10-03,Tomato,Wholesale,Dambulla,50.0
2016-10-03,Tomato,Retail,Pettah,73.0
2016-10-03,Tomato,Wholesale,Pettah,53.0
2016-10-04,Tomato,Retail,Dambulla,70.0
2016-10-04,Tomato,Wholesale,Dambulla,45.0
2016-10-04,Tomato,Retail,Pettah,73.0
2016-10-04,Tomato,Wholesale,Pettah,48.0
2016-10-05,Tomato,Retail,Dambulla,70.0
2016-10-05,Tomato,Wholesale,Dambulla,43.0
2016-10-05,Tomato,Retail,Pettah,73.0
2016-10-05,Tomato,Wholesale,Pettah,48.0
2016-10-06,Tomato,Retail,Dambulla,70.0
2016-10-06,Tomato,Wholesale,Dambulla,43.0
2016-10-06,Tomato,Retail,Pettah,73.0
2016-10-06,Tomato,Wholesale,Pettah,48.0
2016-10-07,Tomato,Retail,Dambulla,70.0
2016-10-07,Tomato,Wholesale,Dambulla,45.0
2016-10-07,Tomato,Retail,Pettah,75.0
2016-10-07,Tomato,Wholesale,Pettah,50.0
2016-10-10,Tomato,Retail,Dambulla,75.0
2016-10-10,Tomato,Wholesale,Dambulla,55.0
2016-10-10,Tomato,Retail,Pettah,85.0
2016-10-10,Tomato,Wholesale,Pettah,60.0
2016-10-11,Tomato,Retail,Dambulla,70.0
2016-10-11,Tomato,Wholesale,Dambulla,55.0
2016-10-11,Tomato,Retail,Pettah,88.0
2016-10-11,Tomato,Wholesale,Pettah,60.0
2016-10-12,Tomato,Retail,Dambulla,70.0
2016-10-12,Tomato,Wholesale,Dambulla,50.0
2016-10-12,Tomato,Retail,Pettah,85.0
2016-10-12,Tomato,Wholesale,Pettah,55.0
2016-10-13,Tomato,Retail,Dambulla,70.0
2016-10-13,Tomato,Wholesale,Dambulla,45.0
2016-10-13,Tomato,Retail,Pettah,88.0
2016-10-13,Tomato,Wholesale,Pettah,60.0
2016-10-14,Tomato,Retail,Dambulla,70.0
2016-10-14,Tomato,Wholesale,Dambulla,55.0
2016-10-14,Tomato,Retail,Pettah,93.0
2016-10-14,Tomato,Wholesale,Pettah,65.0
2016-10-17,Tomato,Retail,Dambulla,70.0
2016-10-17,Tomato,Wholesale,Dambulla,45.0
2016-10-17,Tomato,Retail,Pettah,70.0
2016-10-17,Tomato,Wholesale,Pettah,40.0
2016-10-19,Tomato,Retail,Dambulla,55.0
2016-10-19,Tomato,Wholesale,Dambulla,30.0
2016-10-19,Tomato,Retail,Pettah,75.0
2016-10-19,Tomato,Wholesale,Pettah,50.0
2016-10-20,Tomato,Retail,Dambulla,33.0
2016-10-20,Tomato,Wholesale,Dambulla,15.0
2016-10-20,Tomato,Retail,Pettah,70.0
2016-10-20,Tomato,Wholesale,Pettah,45.0
2016-10-21,Tomato,Retail,Dambulla,40.0
2016-10-21,Tomato,Wholesale,Dambulla,20.0
2016-10-21,Tomato,Retail,Pettah,75.0
2016-10-21,Tomato,Wholesale,Pettah,41.67
2016-10-24,Tomato,Retail,Dambulla,45.0
2016-10-24,Tomato,Wholesale,Dambulla,25.0
2016-10-24,Tomato,Retail,Pettah,75.0
2016-10-24,Tomato,Wholesale,Pettah,50.0
2016-10-25,Tomato,Retail,Dambulla,50.0
2016-10-25,Tomato,Wholesale,Dambulla,35.0
2016-10-25,Tomato,Retail,Pettah,75.0
2016-10-25,Tomato,Wholesale,Pettah,45.0
2016-10-26,Tomato,Retail,Dambulla,50.0
2016-10-26,Tomato,Wholesale,Dambulla,35.0
2016-10-26,Tomato,Retail,Pettah,75.0
2016-10-26,Tomato,Wholesale,Pettah,45.0
2016-10-27,Tomato,Retail,Dambulla,50.0
2016-10-27,Tomato,Wholesale,Dambulla,35.0
2016-10-27,Tomato,Retail,Pettah,70.0
2016-10-27,Tomato,Wholesale,Pettah,45.0
2016-10-28,Tomato,Retail,Dambulla,50.0
2016-10-28,Tomato,Wholesale,Dambulla,25.0
2016-10-28,Tomato,Retail,Pettah,70.0
2016-10-28,Tomato,Wholesale,Pettah,45.0
2016-10-31,Tomato,Retail,Dambulla,55.0
2016-10-31,Tomato,Wholesale,Dambulla,45.0
2016-10-31,Tomato,Retail,Pettah,70.0
2016-10-31,Tomato,Wholesale,Pettah,40.0
2016-11-01,Tomato,Retail,Dambulla,55.0
2016-11-01,Tomato,Wholesale,Dambulla,43.0
2016-11-01,Tomato,Retail,Pettah,70.0
2016-11-01,Tomato,Wholesale,Pettah,45.0
2016-11-02,Tomato,Retail,Dambulla,55.0
2016-11-02,Tomato,Wholesale,Dambulla,35.0
2016-11-02,Tomato,Retail,Pettah,70.0
2016-11-02,Tomato,Wholesale,Pettah,40.0
2016-11-03,Tomato,Retail,Dambulla,45.0
2016-11-03,Tomato,Wholesale,Dambulla,25.0
2016-11-03,Tomato,Retail,Pettah,70.0
2016-11-03,Tomato,Wholesale,Pettah,40.0
2016-11-04,Tomato,Retail,Dambulla,45.0
2016-11-04,Tomato,Wholesale,Dambulla,35.0
2016-11-04,Tomato,Retail,Pettah,80.0
2016-11-04,Tomato,Wholesale,Pettah,40.0
2016-11-07,Tomato,Retail,Dambulla,45.0
2016-11-07,Tomato,Wholesale,Dambulla,25.0
2016-11-07,Tomato,Retail,Pettah,55.0
2016-11-07,Tomato,Wholesale,Pettah,35.0
2016-11-08,Tomato,Retail,Dambulla,50.0
2016-11-08,Tomato,Wholesale,Dambulla,25.0
2016-11-08,Tomato,Retail,Pettah,55.0
2016-11-08,Tomato,Wholesale,Pettah,35.0
2016-11-09,Tomato,Retail,Dambulla,50.0
2016-11-09,Tomato,Wholesale,Dambulla,25.0
2016-11-09,Tomato,Retail,Pettah,55.0
2016-11-09,Tomato,Wholesale,Pettah,35.0
2016-11-10,Tomato,Retail,Dambulla,50.0
2016-11-10,Tomato,Wholesale,Dambulla,25.0
2016-11-10,Tomato,Retail,Pettah,60.0
2016-11-10,Tomato,Wholesale,Pettah,35.0
2016-11-11,Tomato,Retail,Dambulla,50.0
2016-11-11,Tomato,Wholesale,Dambulla,23.0
2016-11-11,Tomato,Retail,Pettah,57.0
2016-11-11,Tomato,Wholesale,Pettah,32.0
2016-11-15,Tomato,Retail,Dambulla,55.0
2016-11-15,Tomato,Wholesale,Dambulla,33.0
2016-11-15,Tomato,Retail,Pettah,58.0
2016-11-15,Tomato,Wholesale,Pettah,35.0
2016-11-16,Tomato,Retail,Dambulla,50.0
2016-11-16,Tomato,Wholesale,Dambulla,25.0
2016-11-16,Tomato,Retail,Pettah,60.0
2016-11-16,Tomato,Wholesale,Pettah,40.0
2016-11-17,Tomato,Retail,Dambulla,50.0
2016-11-17,Tomato,Wholesale,Dambulla,25.0
2016-11-17,Tomato,Retail,Pettah,57.0
2016-11-17,Tomato,Wholesale,Pettah,33.0
2016-11-18,Tomato,Retail,Dambulla,50.0
2016-11-18,Tomato,Wholesale,Dambulla,30.0
2016-11-18,Tomato,Retail,Pettah,57.0
2016-11-18,Tomato,Wholesale,Pettah,35.0
2016-11-21,Tomato,Retail,Dambulla,50.0
2016-11-21,Tomato,Wholesale,Dambulla,20.0
2016-11-21,Tomato,Retail,Pettah,53.0
2016-11-21,Tomato,Wholesale,Pettah,30.0
2016-11-22,Tomato,Retail,Dambulla,45.0
2016-11-22,Tomato,Wholesale,Dambulla,20.0
2016-11-22,Tomato,Retail,Pettah,53.0
2016-11-22,Tomato,Wholesale,Pettah,33.0
2016-11-23,Tomato,Retail,Dambulla,45.0
2016-11-23,Tomato,Wholesale,Dambulla,28.0
2016-11-23,Tomato,Retail,Pettah,53.0
2016-11-23,Tomato,Wholesale,Pettah,30.0
2016-11-24,Tomato,Retail,Dambulla,50.0
2016-11-24,Tomato,Wholesale,Dambulla,23.0
2016-11-24,Tomato,Retail,Pettah,57.0
2016-11-24,Tomato,Wholesale,Pettah,30.0
2016-11-25,Tomato,Retail,Dambulla,50.0
2016-11-25,Tomato,Wholesale,Dambulla,23.0
2016-11-25,Tomato,Retail,Pettah,57.0
2016-11-25,Tomato,Wholesale,Pettah,33.0
2016-11-28,Tomato,Retail,Dambulla,45.0
2016-11-28,Tomato,Wholesale,Dambulla,25.0
2016-11-28,Tomato,Retail,Pettah,55.0
2016-11-28,Tomato,Wholesale,Pettah,28.0
2016-11-29,Tomato,Retail,Dambulla,55.0
2016-11-29,Tomato,Wholesale,Dambulla,33.0
2016-11-29,Tomato,Retail,Pettah,50.0
2016-11-29,Tomato,Wholesale,Pettah,25.0
2016-11-30,Tomato,Retail,Dambulla,50.0
2016-11-30,Tomato,Wholesale,Dambulla,27.0
2016-11-30,Tomato,Retail,Pettah,50.0
2016-11-30,Tomato,Wholesale,Pettah,20.0
2016-12-01,Tomato,Retail,Dambulla,40.0
2016-12-01,Tomato,Wholesale,Dambulla,23.0
2016-12-01,Tomato,Retail,Pettah,57.0
2016-12-01,Tomato,Wholesale,Pettah,28.0
2016-12-02,Tomato,Retail,Dambulla,40.0
2016-12-02,Tomato,Wholesale,Dambulla,23.0
2016-12-02,Tomato,Retail,Pettah,50.0
2016-12-02,Tomato,Wholesale,Pettah,25.0
2016-12-05,Tomato,Retail,Dambulla,45.0
2016-12-05,Tomato,Wholesale,Dambulla,25.0
2016-12-05,Tomato,Retail,Pettah,55.0
2016-12-05,Tomato,Wholesale,Pettah,28.0
2016-12-06,Tomato,Retail,Dambulla,45.0
2016-12-06,Tomato,Wholesale,Dambulla,25.0
2016-12-06,Tomato,Retail,Pettah,55.0
2016-12-06,Tomato,Wholesale,Pettah,28.0
2016-12-07,Tomato,Retail,Dambulla,45.0
2016-12-07,Tomato,Wholesale,Dambulla,23.0
2016-12-07,Tomato,Retail,Pettah,57.0
2016-12-07,Tomato,Wholesale,Pettah,28.0
2016-12-08,Tomato,Retail,Dambulla,40.0
2016-12-08,Tomato,Wholesale,Dambulla,20.0
2016-12-08,Tomato,Retail,Pettah,55.0
2016-12-08,Tomato,Wholesale,Pettah,32.0
2016-12-09,Tomato,Retail,Dambulla,40.0
2016-12-09,Tomato,Wholesale,Dambulla,23.0
2016-12-09,Tomato,Retail,Pettah,50.0
2016-12-09,Tomato,Wholesale,Pettah,30.0
2016-12-14,Tomato,Retail,Dambulla,40.0
2016-12-14,Tomato,Wholesale,Dambulla,23.0
2016-12-14,Tomato,Retail,Pettah,55.0
2016-12-14,Tomato,Wholesale,Pettah,30.0
2016-12-15,Tomato,Retail,Dambulla,40.0
2016-12-15,Tomato,Wholesale,Dambulla,23.0
2016-12-15,Tomato,Retail,Pettah,55.0
2016-12-15,Tomato,Wholesale,Pettah,35.0
2016-12-16,Tomato,Retail,Dambulla,48.0
2016-12-16,Tomato,Wholesale,Dambulla,30.0
2016-12-16,Tomato,Retail,Pettah,65.0
2016-12-16,Tomato,Wholesale,Pettah,45.0
2016-12-19,Tomato,Retail,Dambulla,55.0
2016-12-19,Tomato,Wholesale,Dambulla,35.0
2016-12-19,Tomato,Retail,Pettah,55.0
2016-12-19,Tomato,Wholesale,Pettah,30.0
2016-12-20,Tomato,Retail,Dambulla,50.0
2016-12-20,Tomato,Wholesale,Dambulla,25.0
2016-12-20,Tomato,Retail,Pettah,57.0
2016-12-20,Tomato,Wholesale,Pettah,35.0
2016-12-21,Tomato,Retail,Dambulla,50.0
2016-12-21,Tomato,Wholesale,Dambulla,33.0
2016-12-21,Tomato,Retail,Pettah,60.0
2016-12-21,Tomato,Wholesale,Pettah,35.0
2016-12-22,Tomato,Retail,Dambulla,60.0
2016-12-22,Tomato,Wholesale,Dambulla,35.0
2016-12-22,Tomato,Retail,Pettah,63.0
2016-12-22,Tomato,Wholesale,Pettah,37.0
2016-12-23,Tomato,Retail,Dambulla,60.0
2016-12-23,Tomato,Wholesale,Dambulla,35.0
2016-12-23,Tomato,Retail,Pettah,63.0
2016-12-23,Tomato,Wholesale,Pettah,33.0
2016-12-27,Tomato,Retail,Dambulla,85.0
2016-12-27,Tomato,Wholesale,Dambulla,65.0
2016-12-27,Tomato,Retail,Pettah,143.0
2016-12-27,Tomato,Wholesale,Pettah,113.0
2016-12-28,Tomato,Retail,Dambulla,95.0
2016-12-28,Tomato,Wholesale,Dambulla,78.0
2016-12-28,Tomato,Retail,Pettah,143.0
2016-12-28,Tomato,Wholesale,Pettah,117.0
2016-12-29,Tomato,Retail,Dambulla,120.0
2016-12-29,Tomato,Wholesale,Dambulla,90.0
2016-12-29,Tomato,Retail,Pettah,130.0
2016-12-29,Tomato,Wholesale,Pettah,107.0
2016-12-30,Tomato,Retail,Dambulla,130.0
2016-12-30,Tomato,Wholesale,Dambulla,95.0
2016-12-30,Tomato,Retail,Pettah,155.0
2016-12-30,Tomato,Wholesale,Pettah,135.0
2017-01-02,Tomato,Retail,Dambulla,125.0
2017-01-02,Tomato,Wholesale,Dambulla,90.0
2017-01-02,Tomato,Retail,Pettah,150.0
2017-01-02,Tomato,Wholesale,Pettah,120.0
2017-01-03,Tomato,Retail,Dambulla,140.0
2017-01-03,Tomato,Wholesale,Dambulla,100.0
2017-01-03,Tomato,Retail,Pettah,150.0
2017-01-03,Tomato,Wholesale,Pettah,130.0
2017-01-04,Tomato,Retail,Dambulla,158.0
2017-01-04,Tomato,Wholesale,Dambulla,115.0
2017-01-04,Tomato,Retail,Pettah,150.0
2017-01-04,Tomato,Wholesale,Pettah,120.0
2017-01-05,Tomato,Retail,Dambulla,138.0
2017-01-05,Tomato,Wholesale,Dambulla,95.0
2017-01-05,Tomato,Retail,Pettah,150.0
2017-01-05,Tomato,Wholesale,Pettah,120.0
2017-01-06,Tomato,Retail,Dambulla,138.0
2017-01-06,Tomato,Wholesale,Dambulla,95.0
2017-01-06,Tomato,Retail,Pettah,140.0
2017-01-06,Tomato,Wholesale,Pettah,115.0
2017-01-09,Tomato,Retail,Dambulla,115.0
2017-01-09,Tomato,Wholesale,Dambulla,85.0
2017-01-09,Tomato,Retail,Pettah,135.0
2017-01-09,Tomato,Wholesale,Pettah,110.0
2017-01-10,Tomato,Retail,Dambulla,130.0
2017-01-10,Tomato,Wholesale,Dambulla,105.0
2017-01-10,Tomato,Retail,Pettah,145.0
2017-01-10,Tomato,Wholesale,Pettah,115.0
2017-01-11,Tomato,Retail,Dambulla,150.0
2017-01-11,Tomato,Wholesale,Dambulla,115.0
2017-01-11,Tomato,Retail,Pettah,140.0
2017-01-11,Tomato,Wholesale,Pettah,115.0
2017-01-13,Tomato,Retail,Dambulla,140.0
2017-01-13,Tomato,Wholesale,Dambulla,110.0
2017-01-13,Tomato,Retail,Pettah,160.0
2017-01-13,Tomato,Wholesale,Pettah,135.0
2017-01-16,Tomato,Retail,Dambulla,115.0
2017-01-16,Tomato,Wholesale,Dambulla,90.0
2017-01-16,Tomato,Retail,Pettah,150.0
2017-01-16,Tomato,Wholesale,Pettah,120.0
2017-01-17,Tomato,Retail,Dambulla,110.0
2017-01-17,Tomato,Wholesale,Dambulla,80.0
2017-01-17,Tomato,Retail,Pettah,155.0
2017-01-17,Tomato,Wholesale,Pettah,130.0
2017-01-19,Tomato,Retail,Dambulla,65.0
2017-01-19,Tomato,Wholesale,Dambulla,45.0
2017-01-19,Tomato,Retail,Pettah,115.0
2017-01-19,Tomato,Wholesale,Pettah,95.0
2017-01-20,Tomato,Retail,Dambulla,55.0
2017-01-20,Tomato,Wholesale,Dambulla,35.0
2017-01-20,Tomato,Retail,Pettah,120.0
2017-01-20,Tomato,Wholesale,Pettah,80.0
2017-01-23,Tomato,Retail,Dambulla,55.0
2017-01-23,Tomato,Wholesale,Dambulla,35.0
2017-01-23,Tomato,Retail,Pettah,110.0
2017-01-23,Tomato,Wholesale,Pettah,80.0
2017-01-24,Tomato,Retail,Dambulla,55.0
2017-01-24,Tomato,Wholesale,Dambulla,35.0
2017-01-24,Tomato,Retail,Pettah,110.0
2017-01-24,Tomato,Wholesale,Pettah,85.0
2017-01-25,Tomato,Retail,Dambulla,55.0
2017-01-25,Tomato,Wholesale,Dambulla,35.0
2017-01-25,Tomato,Retail,Pettah,120.0
2017-01-25,Tomato,Wholesale,Pettah,100.0
2017-01-26,Tomato,Retail,Dambulla,60.0
2017-01-26,Tomato,Wholesale,Dambulla,35.0
2017-01-26,Tomato,Retail,Pettah,120.0
2017-01-26,Tomato,Wholesale,Pettah,90.0
2017-01-27,Tomato,Retail,Dambulla,55.0
2017-01-27,Tomato,Wholesale,Dambulla,35.0
2017-01-27,Tomato,Retail,Pettah,90.0
2017-01-27,Tomato,Wholesale,Pettah,65.0
2017-01-30,Tomato,Retail,Dambulla,65.0
2017-01-30,Tomato,Wholesale,Dambulla,40.0
2017-01-30,Tomato,Retail,Pettah,100.0
2017-01-30,Tomato,Wholesale,Pettah,75.0
2017-01-31,Tomato,Retail,Dambulla,65.0
2017-01-31,Tomato,Wholesale,Dambulla,45.0
2017-01-31,Tomato,Retail,Pettah,100.0
2017-01-31,Tomato,Wholesale,Pettah,70.0
2017-02-01,Tomato,Retail,Dambulla,65.0
2017-02-01,Tomato,Wholesale,Dambulla,40.0
2017-02-01,Tomato,Retail,Pettah,90.0
2017-02-01,Tomato,Wholesale,Pettah,70.0
2017-02-02,Tomato,Retail,Dambulla,55.0
2017-02-02,Tomato,Wholesale,Dambulla,35.0
2017-02-02,Tomato,Retail,Pettah,80.0
2017-02-02,Tomato,Wholesale,Pettah,55.0
2017-02-03,Tomato,Retail,Dambulla,55.0
2017-02-03,Tomato,Wholesale,Dambulla,35.0
2017-02-03,Tomato,Retail,Pettah,75.0
2017-02-03,Tomato,Wholesale,Pettah,45.0
2017-02-06,Tomato,Retail,Dambulla,50.0
2017-02-06,Tomato,Wholesale,Dambulla,30.0
2017-02-06,Tomato,Retail,Pettah,65.0
2017-02-06,Tomato,Wholesale,Pettah,45.0
2017-02-07,Tomato,Retail,Dambulla,50.0
2017-02-07,Tomato,Wholesale,Dambulla,30.0
2017-02-07,Tomato,Retail,Pettah,60.0
2017-02-07,Tomato,Wholesale,Pettah,40.0
2017-02-08,Tomato,Retail,Dambulla,55.0
2017-02-08,Tomato,Wholesale,Dambulla,35.0
2017-02-08,Tomato,Retail,Pettah,70.0
2017-02-08,Tomato,Wholesale,Pettah,50.0
2017-02-09,Tomato,Retail,Dambulla,55.0
2017-02-09,Tomato,Wholesale,Dambulla,35.0
2017-02-09,Tomato,Retail,Pettah,60.0
2017-02-09,Tomato,Wholesale,Pettah,45.0
2017-02-13,Tomato,Retail,Dambulla,55.0
2017-02-13,Tomato,Wholesale,Dambulla,35.0
2017-02-13,Tomato,Retail,Pettah,70.0
2017-02-13,Tomato,Wholesale,Pettah,45.0
2017-02-14,Tomato,Retail,Dambulla,50.0
2017-02-14,Tomato,Wholesale,Dambulla,30.0
2017-02-14,Tomato,Retail,Pettah,60.0
2017-02-14,Tomato,Wholesale,Pettah,40.0
2017-02-15,Tomato,Retail,Dambulla,55.0
2017-02-15,Tomato,Wholesale,Dambulla,35.0
2017-02-15,Tomato,Retail,Pettah,60.0
2017-02-15,Tomato,Wholesale,Pettah,40.0
2017-02-16,Tomato,Retail,Dambulla,45.0
2017-02-16,Tomato,Wholesale,Dambulla,25.0
2017-02-16,Tomato,Retail,Pettah,65.0
2017-02-16,Tomato,Wholesale,Pettah,40.0
2017-02-17,Tomato,Retail,Dambulla,45.0
2017-02-17,Tomato,Wholesale,Dambulla,30.0
2017-02-17,Tomato,Retail,Pettah,65.0
2017-02-17,Tomato,Wholesale,Pettah,40.0
2017-02-20,Tomato,Retail,Dambulla,45.0
2017-02-20,Tomato,Wholesale,Dambulla,25.0
2017-02-20,Tomato,Retail,Pettah,60.0
2017-02-20,Tomato,Wholesale,Pettah,35.0
2017-02-21,Tomato,Retail,Dambulla,45.0
2017-02-21,Tomato,Wholesale,Dambulla,25.0
2017-02-21,Tomato,Retail,Pettah,60.0
2017-02-21,Tomato,Wholesale,Pettah,35.0
2017-02-22,Tomato,Retail,Dambulla,45.0
2017-02-22,Tomato,Wholesale,Dambulla,25.0
2017-02-22,Tomato,Retail,Pettah,60.0
2017-02-22,Tomato,Wholesale,Pettah,35.0
2017-02-23,Tomato,Retail,Dambulla,45.0
2017-02-23,Tomato,Wholesale,Dambulla,25.0
2017-02-23,Tomato,Retail,Pettah,70.0
2017-02-23,Tomato,Wholesale,Pettah,40.0
2017-02-28,Tomato,Retail,Dambulla,70.0
2017-02-28,Tomato,Wholesale,Dambulla,40.0
2017-02-28,Tomato,Retail,Pettah,65.0
2017-02-28,Tomato,Wholesale,Pettah,35.0
2017-03-01,Tomato,Retail,Dambulla,55.0
2017-03-01,Tomato,Wholesale,Dambulla,35.0
2017-03-01,Tomato,Retail,Pettah,65.0
2017-03-01,Tomato,Wholesale,Pettah,35.0
2017-03-02,Tomato,Retail,Dambulla,65.0
2017-03-02,Tomato,Wholesale,Dambulla,45.0
2017-03-02,Tomato,Retail,Pettah,65.0
2017-03-02,Tomato,Wholesale,Pettah,40.0
2017-03-03,Tomato,Retail,Dambulla,55.0
2017-03-03,Tomato,Wholesale,Dambulla,40.0
2017-03-03,Tomato,Retail,Pettah,60.0
2017-03-03,Tomato,Wholesale,Pettah,35.0
2017-03-06,Tomato,Retail,Dambulla,90.0
2017-03-06,Tomato,Wholesale,Dambulla,50.0
2017-03-06,Tomato,Retail,Pettah,90.0
2017-03-06,Tomato,Wholesale,Pettah,55.0
2017-03-07,Tomato,Retail,Dambulla,80.0
2017-03-07,Tomato,Wholesale,Dambulla,45.0
2017-03-07,Tomato,Retail,Pettah,90.0
2017-03-07,Tomato,Wholesale,Pettah,65.0
2017-03-08,Tomato,Retail,Dambulla,85.0
2017-03-08,Tomato,Wholesale,Dambulla,65.0
2017-03-08,Tomato,Retail,Pettah,90.0
2017-03-08,Tomato,Wholesale,Pettah,65.0
2017-03-09,Tomato,Retail,Dambulla,75.0
2017-03-09,Tomato,Wholesale,Dambulla,55.0
2017-03-09,Tomato,Retail,Pettah,95.0
2017-03-09,Tomato,Wholesale,Pettah,70.0
2017-03-10,Tomato,Retail,Dambulla,75.0
2017-03-10,Tomato,Wholesale,Dambulla,55.0
2017-03-10,Tomato,Retail,Pettah,100.0
2017-03-10,Tomato,Wholesale,Pettah,70.0
2017-03-13,Tomato,Retail,Dambulla,65.0
2017-03-13,Tomato,Wholesale,Dambulla,45.0
2017-03-13,Tomato,Retail,Pettah,80.0
2017-03-13,Tomato,Wholesale,Pettah,60.0
2017-03-14,Tomato,Retail,Dambulla,75.0
2017-03-14,Tomato,Wholesale,Dambulla,55.0
2017-03-14,Tomato,Retail,Pettah,90.0
2017-03-14,Tomato,Wholesale,Pettah,70.0
2017-03-15,Tomato,Retail,Dambulla,65.0
2017-03-15,Tomato,Wholesale,Dambulla,45.0
2017-03-15,Tomato,Retail,Pettah,95.0
2017-03-15,Tomato,Wholesale,Pettah,70.0
2017-03-16,Tomato,Retail,Dambulla,65.0
2017-03-16,Tomato,Wholesale,Dambulla,50.0
2017-03-16,Tomato,Retail,Pettah,105.0
2017-03-16,Tomato,Wholesale,Pettah,75.0
2017-03-17,Tomato,Retail,Dambulla,75.0
2017-03-17,Tomato,Wholesale,Dambulla,55.0
2017-03-17,Tomato,Retail,Pettah,80.0
2017-03-17,Tomato,Wholesale,Pettah,55.0
2017-03-20,Tomato,Retail,Dambulla,90.0
2017-03-20,Tomato,Wholesale,Dambulla,70.0
2017-03-20,Tomato,Retail,Pettah,130.0
2017-03-20,Tomato,Wholesale,Pettah,105.0
2017-03-21,Tomato,Retail,Dambulla,95.0
2017-03-21,Tomato,Wholesale,Dambulla,85.0
2017-03-21,Tomato,Retail,Pettah,120.0
2017-03-21,Tomato,Wholesale,Pettah,85.0
2017-03-22,Tomato,Retail,Dambulla,105.0
2017-03-22,Tomato,Wholesale,Dambulla,75.0
2017-03-22,Tomato,Retail,Pettah,155.0
2017-03-22,Tomato,Wholesale,Pettah,110.0
2017-03-23,Tomato,Retail,Dambulla,95.0
2017-03-23,Tomato,Wholesale,Dambulla,78.0
2017-03-23,Tomato,Retail,Pettah,152.0
2017-03-23,Tomato,Wholesale,Pettah,115.0
2017-03-24,Tomato,Retail,Dambulla,105.0
2017-03-24,Tomato,Wholesale,Dambulla,85.0
2017-03-24,Tomato,Retail,Pettah,155.0
2017-03-24,Tomato,Wholesale,Pettah,120.0
2017-03-27,Tomato,Retail,Dambulla,105.0
2017-03-27,Tomato,Wholesale,Dambulla,85.0
2017-03-27,Tomato,Retail,Pettah,155.0
2017-03-27,Tomato,Wholesale,Pettah,115.0
2017-03-28,Tomato,Retail,Dambulla,128.0
2017-03-28,Tomato,Wholesale,Dambulla,113.0
2017-03-28,Tomato,Retail,Pettah,147.0
2017-03-28,Tomato,Wholesale,Pettah,113.0
2017-03-29,Tomato,Retail,Dambulla,115.0
2017-03-29,Tomato,Wholesale,Dambulla,85.0
2017-03-29,Tomato,Retail,Pettah,140.0
2017-03-29,Tomato,Wholesale,Pettah,100.0
2017-03-30,Tomato,Retail,Dambulla,125.0
2017-03-30,Tomato,Wholesale,Dambulla,105.0
2017-03-30,Tomato,Retail,Pettah,160.0
2017-03-30,Tomato,Wholesale,Pettah,120.0
2017-04-06,Tomato,Retail,Dambulla,115.0
2017-04-06,Tomato,Wholesale,Dambulla,95.0
2017-04-06,Tomato,Retail,Pettah,145.0
2017-04-06,Tomato,Wholesale,Pettah,110.0
2017-04-07,Tomato,Retail,Dambulla,125.0
2017-04-07,Tomato,Wholesale,Dambulla,105.0
2017-04-07,Tomato,Retail,Pettah,155.0
2017-04-07,Tomato,Wholesale,Pettah,130.0
2017-04-12,Tomato,Retail,Dambulla,165.0
2017-04-12,Tomato,Wholesale,Dambulla,145.0
2017-04-12,Tomato,Retail,Pettah,250.0
2017-04-12,Tomato,Wholesale,Pettah,210.0
2017-04-17,Tomato,Retail,Dambulla,55.0
2017-04-17,Tomato,Wholesale,Dambulla,35.0
2017-04-17,Tomato,Retail,Pettah,115.0
2017-04-17,Tomato,Wholesale,Pettah,90.0
2017-04-18,Tomato,Retail,Dambulla,60.0
2017-04-18,Tomato,Wholesale,Dambulla,40.0
2017-04-18,Tomato,Retail,Pettah,120.0
2017-04-18,Tomato,Wholesale,Pettah,85.0
2017-05-31,Tomato,Retail,Dambulla,90.0
2017-05-31,Tomato,Wholesale,Dambulla,120.0
2017-05-31,Tomato,Retail,Pettah,70.0
2017-05-31,Tomato,Wholesale,Pettah,85.0
2017-06-05,Tomato,Retail,Dambulla,115.0
2017-06-05,Tomato,Wholesale,Dambulla,130.0
2017-06-05,Tomato,Retail,Pettah,95.0
2017-06-05,Tomato,Wholesale,Pettah,100.0
2017-06-07,Tomato,Retail,Dambulla,125.0
2017-06-07,Tomato,Wholesale,Dambulla,135.0
2017-06-07,Tomato,Retail,Pettah,105.0
2017-06-07,Tomato,Wholesale,Pettah,95.0
2017-06-09,Tomato,Retail,Dambulla,95.0
2017-06-09,Tomato,Wholesale,Dambulla,140.0
2017-06-09,Tomato,Retail,Pettah,75.0
2017-06-09,Tomato,Wholesale,Pettah,100.0
2017-06-12,Tomato,Retail,Dambulla,85.0
2017-06-12,Tomato,Wholesale,Dambulla,140.0
2017-06-12,Tomato,Retail,Pettah,75.0
2017-06-12,Tomato,Wholesale,Pettah,105.0
2017-06-13,Tomato,Retail,Dambulla,115.0
2017-06-13,Tomato,Wholesale,Dambulla,140.0
2017-06-13,Tomato,Retail,Pettah,95.0
2017-06-13,Tomato,Wholesale,Pettah,105.0
2017-06-14,Tomato,Retail,Dambulla,110.0
2017-06-14,Tomato,Wholesale,Dambulla,135.0
2017-06-14,Tomato,Retail,Pettah,90.0
2017-06-14,Tomato,Wholesale,Pettah,95.0
2017-06-15,Tomato,Retail,Dambulla,110.0
2017-06-15,Tomato,Wholesale,Dambulla,140.0
2017-06-15,Tomato,Retail,Pettah,90.0
2017-06-15,Tomato,Wholesale,Pettah,105.0
2017-06-16,Tomato,Retail,Dambulla,95.0
2017-06-16,Tomato,Wholesale,Dambulla,150.0
2017-06-16,Tomato,Retail,Pettah,70.0
2017-06-16,Tomato,Wholesale,Pettah,110.0
2017-06-19,Tomato,Retail,Dambulla,115.0
2017-06-19,Tomato,Wholesale,Dambulla,160.0
2017-06-19,Tomato,Retail,Pettah,95.0
2017-06-19,Tomato,Wholesale,Pettah,125.0
2017-06-20,Tomato,Retail,Dambulla,95.0
2017-06-20,Tomato,Wholesale,Dambulla,145.0
2017-06-20,Tomato,Retail,Pettah,75.0
2017-06-20,Tomato,Wholesale,Pettah,105.0
2017-06-21,Tomato,Retail,Dambulla,110.0
2017-06-21,Tomato,Wholesale,Dambulla,135.0
2017-06-21,Tomato,Retail,Pettah,90.0
2017-06-21,Tomato,Wholesale,Pettah,95.0
2017-06-22,Tomato,Retail,Dambulla,113.0
2017-06-22,Tomato,Wholesale,Dambulla,140.0
2017-06-22,Tomato,Retail,Pettah,93.0
2017-06-22,Tomato,Wholesale,Pettah,105.0
2017-06-23,Tomato,Retail,Dambulla,105.0
2017-06-23,Tomato,Wholesale,Dambulla,125.0
2017-06-23,Tomato,Retail,Pettah,85.0
2017-06-23,Tomato,Wholesale,Pettah,95.0
2017-06-27,Tomato,Retail,Dambulla,105.0
2017-06-27,Tomato,Wholesale,Dambulla,120.0
2017-06-27,Tomato,Retail,Pettah,85.0
2017-06-27,Tomato,Wholesale,Pettah,95.0
2017-06-28,Tomato,Retail,Dambulla,100.0
2017-06-28,Tomato,Wholesale,Dambulla,125.0
2017-06-28,Tomato,Retail,Pettah,85.0
2017-06-28,Tomato,Wholesale,Pettah,90.0
2017-06-29,Tomato,Retail,Dambulla,95.0
2017-06-29,Tomato,Wholesale,Dambulla,125.0
2017-06-29,Tomato,Retail,Pettah,75.0
2017-06-29,Tomato,Wholesale,Pettah,90.0
2017-07-03,Tomato,Retail,Dambulla,115.0
2017-07-03,Tomato,Wholesale,Dambulla,165.0
2017-07-03,Tomato,Retail,Pettah,95.0
2017-07-03,Tomato,Wholesale,Pettah,120.0
2017-07-04,Tomato,Retail,Dambulla,120.0
2017-07-04,Tomato,Wholesale,Dambulla,165.0
2017-07-04,Tomato,Retail,Pettah,100.0
2017-07-04,Tomato,Wholesale,Pettah,130.0
2017-07-05,Tomato,Retail,Dambulla,115.0
2017-07-05,Tomato,Wholesale,Dambulla,145.0
2017-07-05,Tomato,Retail,Pettah,95.0
2017-07-05,Tomato,Wholesale,Pettah,110.0
2017-07-06,Tomato,Retail,Dambulla,125.0
2017-07-06,Tomato,Wholesale,Dambulla,160.0
2017-07-06,Tomato,Retail,Pettah,105.0
2017-07-06,Tomato,Wholesale,Pettah,130.0
2017-07-07,Tomato,Retail,Dambulla,125.0
2017-07-07,Tomato,Wholesale,Dambulla,160.0
2017-07-07,Tomato,Retail,Pettah,105.0
2017-07-07,Tomato,Wholesale,Pettah,135.0
2017-07-10,Tomato,Retail,Dambulla,115.0
2017-07-10,Tomato,Wholesale,Dambulla,143.0
2017-07-10,Tomato,Retail,Pettah,95.0
2017-07-10,Tomato,Wholesale,Pettah,107.0
2017-07-11,Tomato,Retail,Dambulla,95.0
2017-07-11,Tomato,Wholesale,Dambulla,150.0
2017-07-11,Tomato,Retail,Pettah,75.0
2017-07-11,Tomato,Wholesale,Pettah,113.0
2017-07-12,Tomato,Retail,Dambulla,93.0
2017-07-12,Tomato,Wholesale,Dambulla,153.0
2017-07-12,Tomato,Retail,Pettah,73.0
2017-07-12,Tomato,Wholesale,Pettah,120.0
2017-07-13,Tomato,Retail,Dambulla,105.0
2017-07-13,Tomato,Wholesale,Dambulla,147.0
2017-07-13,Tomato,Retail,Pettah,85.0
2017-07-13,Tomato,Wholesale,Pettah,107.0
2017-07-14,Tomato,Retail,Dambulla,105.0
2017-07-14,Tomato,Wholesale,Dambulla,130.0
2017-07-14,Tomato,Retail,Pettah,88.0
2017-07-14,Tomato,Wholesale,Pettah,90.0
2017-07-17,Tomato,Retail,Dambulla,115.0
2017-07-17,Tomato,Wholesale,Dambulla,167.0
2017-07-17,Tomato,Retail,Pettah,95.0
2017-07-17,Tomato,Wholesale,Pettah,127.0
2017-07-18,Tomato,Retail,Dambulla,108.0
2017-07-18,Tomato,Wholesale,Dambulla,153.0
2017-07-18,Tomato,Retail,Pettah,88.0
2017-07-18,Tomato,Wholesale,Pettah,113.0
2017-07-19,Tomato,Retail,Dambulla,108.0
2017-07-19,Tomato,Wholesale,Dambulla,153.0
2017-07-19,Tomato,Retail,Pettah,88.0
2017-07-19,Tomato,Wholesale,Pettah,113.0
2017-07-27,Tomato,Retail,Dambulla,95.0
2017-07-27,Tomato,Wholesale,Dambulla,140.0
2017-07-27,Tomato,Retail,Pettah,75.0
2017-07-27,Tomato,Wholesale,Pettah,120.0
2017-07-28,Tomato,Retail,Dambulla,108.0
2017-07-28,Tomato,Wholesale,Dambulla,140.0
2017-07-28,Tomato,Retail,Pettah,88.0
2017-07-28,Tomato,Wholesale,Pettah,105.0
2017-07-31,Tomato,Retail,Dambulla,115.0
2017-07-31,Tomato,Wholesale,Dambulla,157.0
2017-07-31,Tomato,Retail,Pettah,95.0
2017-07-31,Tomato,Wholesale,Pettah,133.0
2017-08-01,Tomato,Retail,Dambulla,125.0
2017-08-01,Tomato,Wholesale,Dambulla,133.0
2017-08-01,Tomato,Retail,Pettah,105.0
2017-08-01,Tomato,Wholesale,Pettah,100.0
2017-08-02,Tomato,Retail,Dambulla,115.0
2017-08-02,Tomato,Wholesale,Dambulla,133.0
2017-08-02,Tomato,Retail,Pettah,95.0
2017-08-02,Tomato,Wholesale,Pettah,100.0
2017-08-03,Tomato,Retail,Dambulla,115.0
2017-08-03,Tomato,Wholesale,Dambulla,140.0
2017-08-03,Tomato,Retail,Pettah,95.0
2017-08-03,Tomato,Wholesale,Pettah,110.0
2017-08-04,Tomato,Retail,Dambulla,115.0
2017-08-04,Tomato,Wholesale,Dambulla,123.0
2017-08-04,Tomato,Retail,Pettah,95.0
2017-08-04,Tomato,Wholesale,Pettah,100.0
2017-08-08,Tomato,Retail,Dambulla,95.0
2017-08-08,Tomato,Wholesale,Dambulla,150.0
2017-08-08,Tomato,Retail,Pettah,75.0
2017-08-08,Tomato,Wholesale,Pettah,130.0
2017-08-09,Tomato,Retail,Dambulla,113.0
2017-08-09,Tomato,Wholesale,Dambulla,140.0
2017-08-09,Tomato,Retail,Pettah,85.0
2017-08-09,Tomato,Wholesale,Pettah,107.0
2017-08-10,Tomato,Retail,Dambulla,93.0
2017-08-10,Tomato,Wholesale,Dambulla,110.0
2017-08-10,Tomato,Retail,Pettah,73.0
2017-08-10,Tomato,Wholesale,Pettah,90.0
2017-08-11,Tomato,Retail,Dambulla,98.0
2017-08-11,Tomato,Wholesale,Dambulla,140.0
2017-08-11,Tomato,Retail,Pettah,78.0
2017-08-11,Tomato,Wholesale,Pettah,100.0
2017-08-14,Tomato,Retail,Dambulla,113.0
2017-08-14,Tomato,Wholesale,Dambulla,140.0
2017-08-14,Tomato,Retail,Pettah,93.0
2017-08-14,Tomato,Wholesale,Pettah,120.0
2017-08-15,Tomato,Retail,Dambulla,118.0
2017-08-15,Tomato,Wholesale,Dambulla,153.0
2017-08-15,Tomato,Retail,Pettah,93.0
2017-08-15,Tomato,Wholesale,Pettah,107.0
2017-08-16,Tomato,Retail,Dambulla,115.0
2017-08-16,Tomato,Wholesale,Dambulla,143.0
2017-08-16,Tomato,Retail,Pettah,95.0
2017-08-16,Tomato,Wholesale,Pettah,107.0
2017-08-17,Tomato,Retail,Dambulla,125.0
2017-08-17,Tomato,Wholesale,Dambulla,140.0
2017-08-17,Tomato,Retail,Pettah,105.0
2017-08-17,Tomato,Wholesale,Pettah,100.0
2017-08-18,Tomato,Retail,Dambulla,115.0
2017-08-18,Tomato,Wholesale,Dambulla,145.0
2017-08-18,Tomato,Retail,Pettah,95.0
2017-08-18,Tomato,Wholesale,Pettah,106.0
2017-08-21,Tomato,Retail,Dambulla,125.0
2017-08-21,Tomato,Wholesale,Dambulla,147.0
2017-08-21,Tomato,Retail,Pettah,105.0
2017-08-21,Tomato,Wholesale,Pettah,108.0
2017-08-22,Tomato,Retail,Dambulla,115.0
2017-08-22,Tomato,Wholesale,Dambulla,147.0
2017-08-22,Tomato,Retail,Pettah,95.0
2017-08-22,Tomato,Wholesale,Pettah,107.0
2017-08-23,Tomato,Retail,Dambulla,115.0
2017-08-23,Tomato,Wholesale,Dambulla,140.0
2017-08-23,Tomato,Retail,Pettah,95.0
2017-08-23,Tomato,Wholesale,Pettah,108.0
2017-08-24,Tomato,Retail,Dambulla,123.0
2017-08-24,Tomato,Wholesale,Dambulla,148.0
2017-08-24,Tomato,Retail,Pettah,103.0
2017-08-24,Tomato,Wholesale,Pettah,110.0
2017-08-25,Tomato,Retail,Dambulla,125.0
2017-08-25,Tomato,Wholesale,Dambulla,156.0
2017-08-25,Tomato,Retail,Pettah,105.0
2017-08-25,Tomato,Wholesale,Pettah,128.0
2017-08-28,Tomato,Retail,Dambulla,125.0
2017-08-28,Tomato,Wholesale,Dambulla,150.0
2017-08-28,Tomato,Retail,Pettah,105.0
2017-08-28,Tomato,Wholesale,Pettah,113.0
2017-08-29,Tomato,Retail,Dambulla,135.0
2017-08-29,Tomato,Wholesale,Dambulla,148.0
2017-08-29,Tomato,Retail,Pettah,115.0
2017-08-29,Tomato,Wholesale,Pettah,113.0
2017-08-30,Tomato,Retail,Dambulla,133.0
2017-08-30,Tomato,Wholesale,Dambulla,147.0
2017-08-30,Tomato,Retail,Pettah,113.0
2017-08-30,Tomato,Wholesale,Pettah,120.0
2017-08-31,Tomato,Retail,Dambulla,115.0
2017-08-31,Tomato,Wholesale,Dambulla,144.0
2017-08-31,Tomato,Retail,Pettah,95.0
2017-08-31,Tomato,Wholesale,Pettah,103.0
2017-09-04,Tomato,Retail,Dambulla,105.0
2017-09-04,Tomato,Wholesale,Dambulla,150.0
2017-09-04,Tomato,Retail,Pettah,85.0
2017-09-04,Tomato,Wholesale,Pettah,120.0
2017-09-06,Tomato,Retail,Dambulla,95.0
2017-09-06,Tomato,Wholesale,Dambulla,158.0
2017-09-06,Tomato,Retail,Pettah,75.0
2017-09-06,Tomato,Wholesale,Pettah,123.0
2017-09-07,Tomato,Retail,Dambulla,105.0
2017-09-07,Tomato,Wholesale,Dambulla,153.0
2017-09-07,Tomato,Retail,Pettah,85.0
2017-09-07,Tomato,Wholesale,Pettah,123.0
2017-09-08,Tomato,Retail,Dambulla,115.0
2017-09-08,Tomato,Wholesale,Dambulla,157.0
2017-09-08,Tomato,Retail,Pettah,95.0
2017-09-08,Tomato,Wholesale,Pettah,123.0
2017-09-11,Tomato,Retail,Dambulla,113.0
2017-09-11,Tomato,Wholesale,Dambulla,170.0
2017-09-11,Tomato,Retail,Pettah,90.0
2017-09-11,Tomato,Wholesale,Pettah,130.0
2017-09-12,Tomato,Retail,Dambulla,125.0
2017-09-12,Tomato,Wholesale,Dambulla,150.0
2017-09-12,Tomato,Retail,Pettah,105.0
2017-09-12,Tomato,Wholesale,Pettah,120.0
2017-09-13,Tomato,Retail,Dambulla,115.0
2017-09-13,Tomato,Wholesale,Dambulla,150.0
2017-09-13,Tomato,Retail,Pettah,95.0
2017-09-13,Tomato,Wholesale,Pettah,113.0
2017-09-14,Tomato,Retail,Dambulla,143.0
2017-09-14,Tomato,Wholesale,Dambulla,143.0
2017-09-14,Tomato,Retail,Pettah,115.0
2017-09-14,Tomato,Wholesale,Pettah,120.0
2017-09-15,Tomato,Retail,Dambulla,125.0
2017-09-15,Tomato,Wholesale,Dambulla,175.0
2017-09-15,Tomato,Retail,Pettah,105.0
2017-09-15,Tomato,Wholesale,Pettah,150.0
2017-09-18,Tomato,Retail,Dambulla,115.0
2017-09-18,Tomato,Wholesale,Dambulla,170.0
2017-09-18,Tomato,Retail,Pettah,95.0
2017-09-18,Tomato,Wholesale,Pettah,127.0
2017-09-19,Tomato,Retail,Dambulla,115.0
2017-09-19,Tomato,Wholesale,Dambulla,163.0
2017-09-19,Tomato,Retail,Pettah,95.0
2017-09-19,Tomato,Wholesale,Pettah,127.0
2017-09-20,Tomato,Retail,Dambulla,95.0
2017-09-20,Tomato,Wholesale,Dambulla,168.0
2017-09-20,Tomato,Retail,Pettah,75.0
2017-09-20,Tomato,Wholesale,Pettah,128.0
2017-09-21,Tomato,Retail,Dambulla,105.0
2017-09-21,Tomato,Wholesale,Dambulla,128.0
2017-09-21,Tomato,Retail,Pettah,85.0
2017-09-21,Tomato,Wholesale,Pettah,100.0
2017-09-22,Tomato,Retail,Dambulla,115.0
2017-09-22,Tomato,Wholesale,Dambulla,150.0
2017-09-22,Tomato,Retail,Pettah,95.0
2017-09-22,Tomato,Wholesale,Pettah,103.0
2017-09-25,Tomato,Retail,Dambulla,135.0
2017-09-25,Tomato,Wholesale,Dambulla,180.0
2017-09-25,Tomato,Retail,Pettah,115.0
2017-09-25,Tomato,Wholesale,Pettah,143.0
2017-09-26,Tomato,Retail,Dambulla,115.0
2017-09-26,Tomato,Wholesale,Dambulla,187.0
2017-09-26,Tomato,Retail,Pettah,95.0
2017-09-26,Tomato,Wholesale,Pettah,150.0
2017-09-27,Tomato,Retail,Dambulla,135.0
2017-09-27,Tomato,Wholesale,Dambulla,165.0
2017-09-27,Tomato,Retail,Pettah,115.0
2017-09-27,Tomato,Wholesale,Pettah,127.0
2017-09-28,Tomato,Retail,Dambulla,143.0
2017-09-28,Tomato,Wholesale,Dambulla,140.0
2017-09-28,Tomato,Retail,Pettah,123.0
2017-09-28,Tomato,Wholesale,Pettah,110.0
2017-09-29,Tomato,Retail,Dambulla,98.0
2017-09-29,Tomato,Wholesale,Dambulla,153.0
2017-09-29,Tomato,Retail,Pettah,78.0
2017-09-29,Tomato,Wholesale,Pettah,108.0
2017-10-02,Tomato,Retail,Dambulla,138.0
2017-10-02,Tomato,Wholesale,Dambulla,147.0
2017-10-02,Tomato,Retail,Pettah,118.0
2017-10-02,Tomato,Wholesale,Pettah,113.0
2017-10-03,Tomato,Retail,Dambulla,145.0
2017-10-03,Tomato,Wholesale,Dambulla,130.0
2017-10-03,Tomato,Retail,Pettah,125.0
2017-10-03,Tomato,Wholesale,Pettah,93.0
2017-10-04,Tomato,Retail,Dambulla,128.0
2017-10-04,Tomato,Wholesale,Dambulla,137.0
2017-10-04,Tomato,Retail,Pettah,110.0
2017-10-04,Tomato,Wholesale,Pettah,100.0
2017-10-06,Tomato,Retail,Dambulla,125.0
2017-10-06,Tomato,Wholesale,Dambulla,150.0
2017-10-06,Tomato,Retail,Pettah,105.0
2017-10-06,Tomato,Wholesale,Pettah,113.0
2017-10-09,Tomato,Retail,Dambulla,135.0
2017-10-09,Tomato,Wholesale,Dambulla,150.0
2017-10-09,Tomato,Retail,Pettah,115.0
2017-10-09,Tomato,Wholesale,Pettah,120.0
2017-10-10,Tomato,Retail,Dambulla,125.0
2017-10-10,Tomato,Wholesale,Dambulla,147.0
2017-10-10,Tomato,Retail,Pettah,105.0
2017-10-10,Tomato,Wholesale,Pettah,107.0
2017-10-11,Tomato,Retail,Dambulla,135.0
2017-10-11,Tomato,Wholesale,Dambulla,147.0
2017-10-11,Tomato,Retail,Pettah,110.0
2017-10-11,Tomato,Wholesale,Pettah,110.0
2017-10-12,Tomato,Retail,Dambulla,135.0
2017-10-12,Tomato,Wholesale,Dambulla,137.0
2017-10-12,Tomato,Retail,Pettah,115.0
2017-10-12,Tomato,Wholesale,Pettah,100.0
2017-10-13,Tomato,Retail,Dambulla,118.0
2017-10-13,Tomato,Wholesale,Dambulla,183.0
2017-10-13,Tomato,Retail,Pettah,98.0
2017-10-13,Tomato,Wholesale,Pettah,144.0
2017-10-16,Tomato,Retail,Dambulla,155.0
2017-10-16,Tomato,Wholesale,Dambulla,175.0
2017-10-16,Tomato,Retail,Pettah,135.0
2017-10-16,Tomato,Wholesale,Pettah,133.0
2017-10-17,Tomato,Retail,Dambulla,155.0
2017-10-17,Tomato,Wholesale,Dambulla,163.0
2017-10-17,Tomato,Retail,Pettah,135.0
2017-10-17,Tomato,Wholesale,Pettah,123.0
2017-10-19,Tomato,Retail,Dambulla,165.0
2017-10-19,Tomato,Wholesale,Dambulla,193.0
2017-10-19,Tomato,Retail,Pettah,145.0
2017-10-19,Tomato,Wholesale,Pettah,150.0
2017-10-20,Tomato,Retail,Dambulla,135.0
2017-10-20,Tomato,Wholesale,Dambulla,160.0
2017-10-20,Tomato,Retail,Pettah,115.0
2017-10-20,Tomato,Wholesale,Pettah,128.0
2017-10-23,Tomato,Retail,Dambulla,125.0
2017-10-23,Tomato,Wholesale,Dambulla,180.0
2017-10-23,Tomato,Retail,Pettah,105.0
2017-10-23,Tomato,Wholesale,Pettah,143.0
2017-10-24,Tomato,Retail,Dambulla,155.0
2017-10-24,Tomato,Wholesale,Dambulla,183.0
2017-10-24,Tomato,Retail,Pettah,135.0
2017-10-24,Tomato,Wholesale,Pettah,150.0
2017-10-25,Tomato,Retail,Dambulla,135.0
2017-10-25,Tomato,Wholesale,Dambulla,165.0
2017-10-25,Tomato,Retail,Pettah,115.0
2017-10-25,Tomato,Wholesale,Pettah,133.0
2017-10-26,Tomato,Retail,Dambulla,145.0
2017-10-26,Tomato,Wholesale,Dambulla,173.0
2017-10-26,Tomato,Retail,Pettah,125.0
2017-10-26,Tomato,Wholesale,Pettah,135.0
2017-10-27,Tomato,Retail,Dambulla,135.0
2017-10-27,Tomato,Wholesale,Dambulla,173.0
2017-10-27,Tomato,Retail,Pettah,115.0
2017-10-27,Tomato,Wholesale,Pettah,132.0
2017-10-31,Tomato,Retail,Dambulla,125.0
2017-10-31,Tomato,Wholesale,Dambulla,170.0
2017-10-31,Tomato,Retail,Pettah,105.0
2017-10-31,Tomato,Wholesale,Pettah,137.0
2017-11-01,Tomato,Retail,Dambulla,135.0
2017-11-01,Tomato,Wholesale,Dambulla,167.0
2017-11-01,Tomato,Retail,Pettah,115.0
2017-11-01,Tomato,Wholesale,Pettah,135.0
2017-11-02,Tomato,Retail,Dambulla,105.0
2017-11-02,Tomato,Wholesale,Dambulla,155.0
2017-11-02,Tomato,Retail,Pettah,85.0
2017-11-02,Tomato,Wholesale,Pettah,105.0
2017-11-06,Tomato,Retail,Dambulla,90.0
2017-11-06,Tomato,Wholesale,Dambulla,148.0
2017-11-06,Tomato,Retail,Pettah,70.0
2017-11-06,Tomato,Wholesale,Pettah,113.0
2017-11-07,Tomato,Retail,Dambulla,98.0
2017-11-07,Tomato,Wholesale,Dambulla,170.0
2017-11-07,Tomato,Retail,Pettah,78.0
2017-11-07,Tomato,Wholesale,Pettah,128.0
2017-11-08,Tomato,Retail,Dambulla,95.0
2017-11-08,Tomato,Wholesale,Dambulla,150.0
2017-11-08,Tomato,Retail,Pettah,75.0
2017-11-08,Tomato,Wholesale,Pettah,113.0
2017-11-09,Tomato,Retail,Dambulla,78.0
2017-11-09,Tomato,Wholesale,Dambulla,150.0
2017-11-09,Tomato,Retail,Pettah,58.0
2017-11-09,Tomato,Wholesale,Pettah,110.0
2017-11-10,Tomato,Retail,Dambulla,103.0
2017-11-10,Tomato,Wholesale,Dambulla,130.0
2017-11-10,Tomato,Retail,Pettah,83.0
2017-11-10,Tomato,Wholesale,Pettah,90.0
2017-11-13,Tomato,Retail,Dambulla,95.0
2017-11-13,Tomato,Wholesale,Dambulla,113.0
2017-11-13,Tomato,Retail,Pettah,75.0
2017-11-13,Tomato,Wholesale,Pettah,80.0
2017-11-14,Tomato,Retail,Dambulla,93.0
2017-11-14,Tomato,Wholesale,Dambulla,128.0
2017-11-14,Tomato,Retail,Pettah,73.0
2017-11-14,Tomato,Wholesale,Pettah,98.0
2017-11-15,Tomato,Retail,Dambulla,88.0
2017-11-15,Tomato,Wholesale,Dambulla,110.0
2017-11-15,Tomato,Retail,Pettah,68.0
2017-11-15,Tomato,Wholesale,Pettah,73.0
2017-11-16,Tomato,Retail,Dambulla,68.0
2017-11-16,Tomato,Wholesale,Dambulla,117.0
2017-11-16,Tomato,Retail,Pettah,48.0
2017-11-16,Tomato,Wholesale,Pettah,83.0
2017-11-17,Tomato,Retail,Dambulla,73.0
2017-11-17,Tomato,Wholesale,Dambulla,105.0
2017-11-17,Tomato,Retail,Pettah,53.0
2017-11-17,Tomato,Wholesale,Pettah,65.0
2017-11-20,Tomato,Retail,Dambulla,68.0
2017-11-20,Tomato,Wholesale,Dambulla,113.0
2017-11-20,Tomato,Retail,Pettah,48.0
2017-11-20,Tomato,Wholesale,Pettah,83.0
2017-11-21,Tomato,Retail,Dambulla,68.0
2017-11-21,Tomato,Wholesale,Dambulla,100.0
2017-11-21,Tomato,Retail,Pettah,48.0
2017-11-21,Tomato,Wholesale,Pettah,65.0
2017-11-22,Tomato,Retail,Dambulla,65.0
2017-11-22,Tomato,Wholesale,Dambulla,120.0
2017-11-22,Tomato,Retail,Pettah,45.0
2017-11-22,Tomato,Wholesale,Pettah,78.0
2017-11-23,Tomato,Retail,Dambulla,73.0
2017-11-23,Tomato,Wholesale,Dambulla,103.0
2017-11-23,Tomato,Retail,Pettah,53.0
2017-11-23,Tomato,Wholesale,Pettah,70.0
2017-11-24,Tomato,Retail,Dambulla,113.0
2017-11-24,Tomato,Wholesale,Dambulla,103.0
2017-11-24,Tomato,Retail,Pettah,93.0
2017-11-24,Tomato,Wholesale,Pettah,63.0
2017-11-27,Tomato,Retail,Dambulla,68.0
2017-11-27,Tomato,Wholesale,Dambulla,90.0
2017-11-27,Tomato,Retail,Pettah,48.0
2017-11-27,Tomato,Wholesale,Pettah,70.0
2017-11-28,Tomato,Retail,Dambulla,58.0
2017-11-28,Tomato,Wholesale,Dambulla,120.0
2017-11-28,Tomato,Retail,Pettah,38.0
2017-11-28,Tomato,Wholesale,Pettah,78.0
2017-11-29,Tomato,Retail,Dambulla,68.0
2017-11-29,Tomato,Wholesale,Dambulla,107.0
2017-11-29,Tomato,Retail,Pettah,48.0
2017-11-29,Tomato,Wholesale,Pettah,70.0
2017-11-30,Tomato,Retail,Dambulla,73.0
2017-11-30,Tomato,Wholesale,Dambulla,95.0
2017-11-30,Tomato,Retail,Pettah,53.0
2017-11-30,Tomato,Wholesale,Pettah,58.0
2017-12-04,Tomato,Retail,Dambulla,78.0
2017-12-04,Tomato,Wholesale,Dambulla,90.0
2017-12-04,Tomato,Retail,Pettah,58.0
2017-12-04,Tomato,Wholesale,Pettah,60.0
2017-12-05,Tomato,Retail,Dambulla,78.0
2017-12-05,Tomato,Wholesale,Dambulla,93.0
2017-12-05,Tomato,Retail,Pettah,58.0
2017-12-05,Tomato,Wholesale,Pettah,63.0
2017-12-06,Tomato,Retail,Dambulla,58.0
2017-12-06,Tomato,Wholesale,Dambulla,90.0
2017-12-06,Tomato,Retail,Pettah,38.0
2017-12-06,Tomato,Wholesale,Pettah,63.0
2017-12-07,Tomato,Retail,Dambulla,55.0
2017-12-07,Tomato,Wholesale,Dambulla,90.0
2017-12-07,Tomato,Retail,Pettah,35.0
2017-12-07,Tomato,Wholesale,Pettah,60.0
2017-12-08,Tomato,Retail,Dambulla,65.0
2017-12-08,Tomato,Wholesale,Dambulla,90.0
2017-12-08,Tomato,Retail,Pettah,48.0
2017-12-08,Tomato,Wholesale,Pettah,55.0
2017-12-11,Tomato,Retail,Dambulla,73.0
2017-12-11,Tomato,Wholesale,Dambulla,73.0
2017-12-11,Tomato,Retail,Pettah,53.0
2017-12-11,Tomato,Wholesale,Pettah,45.0
2017-12-12,Tomato,Retail,Dambulla,85.0
2017-12-12,Tomato,Wholesale,Dambulla,83.0
2017-12-12,Tomato,Retail,Pettah,65.0
2017-12-12,Tomato,Wholesale,Pettah,53.0
2017-12-13,Tomato,Retail,Dambulla,83.0
2017-12-13,Tomato,Wholesale,Dambulla,67.0
2017-12-13,Tomato,Retail,Pettah,63.0
2017-12-13,Tomato,Wholesale,Pettah,45.0
2017-12-14,Tomato,Retail,Dambulla,83.0
2017-12-14,Tomato,Wholesale,Dambulla,75.0
2017-12-14,Tomato,Retail,Pettah,63.0
2017-12-14,Tomato,Wholesale,Pettah,50.0
2017-12-15,Tomato,Retail,Dambulla,88.0
2017-12-15,Tomato,Wholesale,Dambulla,92.0
2017-12-15,Tomato,Retail,Pettah,68.0
2017-12-15,Tomato,Wholesale,Pettah,66.0
2017-12-18,Tomato,Retail,Dambulla,115.0
2017-12-18,Tomato,Wholesale,Dambulla,147.0
2017-12-18,Tomato,Retail,Pettah,95.0
2017-12-18,Tomato,Wholesale,Pettah,110.0
2017-12-19,Tomato,Retail,Dambulla,133.0
2017-12-19,Tomato,Wholesale,Dambulla,160.0
2017-12-19,Tomato,Retail,Pettah,113.0
2017-12-19,Tomato,Wholesale,Pettah,120.0
2017-12-20,Tomato,Retail,Dambulla,118.0
2017-12-20,Tomato,Wholesale,Dambulla,145.0
2017-12-20,Tomato,Retail,Pettah,98.0
2017-12-20,Tomato,Wholesale,Pettah,110.0
2017-12-21,Tomato,Retail,Dambulla,105.0
2017-12-21,Tomato,Wholesale,Dambulla,137.0
2017-12-21,Tomato,Retail,Pettah,85.0
2017-12-21,Tomato,Wholesale,Pettah,103.0
2017-12-22,Tomato,Retail,Dambulla,115.0
2017-12-22,Tomato,Wholesale,Dambulla,150.0
2017-12-22,Tomato,Retail,Pettah,95.0
2017-12-22,Tomato,Wholesale,Pettah,103.0
2017-12-26,Tomato,Retail,Dambulla,125.0
2017-12-26,Tomato,Wholesale,Dambulla,173.0
2017-12-26,Tomato,Retail,Pettah,105.0
2017-12-26,Tomato,Wholesale,Pettah,130.0
2017-12-27,Tomato,Retail,Dambulla,125.0
2017-12-27,Tomato,Wholesale,Dambulla,173.0
2017-12-27,Tomato,Retail,Pettah,105.0
2017-12-27,Tomato,Wholesale,Pettah,125.0
2017-12-28,Tomato,Retail,Dambulla,95.0
2017-12-28,Tomato,Wholesale,Dambulla,140.0
2017-12-28,Tomato,Retail,Pettah,75.0
2017-12-28,Tomato,Wholesale,Pettah,110.0
2017-12-29,Tomato,Retail,Dambulla,83.0
2017-12-29,Tomato,Wholesale,Dambulla,150.0
2017-12-29,Tomato,Retail,Pettah,63.0
2017-12-29,Tomato,Wholesale,Pettah,115.0
2018-01-02,Tomato,Retail,Dambulla,53.0
2018-01-02,Tomato,Wholesale,Dambulla,33.0
2018-01-02,Tomato,Retail,Pettah,100.0
2018-01-02,Tomato,Wholesale,Pettah,60.0
2018-01-03,Tomato,Retail,Dambulla,78.0
2018-01-03,Tomato,Wholesale,Dambulla,58.0
2018-01-03,Tomato,Retail,Pettah,87.0
2018-01-03,Tomato,Wholesale,Pettah,57.0
2018-01-04,Tomato,Retail,Dambulla,63.0
2018-01-04,Tomato,Wholesale,Dambulla,43.0
2018-01-04,Tomato,Retail,Pettah,80.0
2018-01-04,Tomato,Wholesale,Pettah,45.0
2018-01-05,Tomato,Retail,Dambulla,53.0
2018-01-05,Tomato,Wholesale,Dambulla,33.0
2018-01-05,Tomato,Retail,Pettah,80.0
2018-01-05,Tomato,Wholesale,Pettah,50.0
2018-01-08,Tomato,Retail,Dambulla,68.0
2018-01-08,Tomato,Wholesale,Dambulla,48.0
2018-01-08,Tomato,Retail,Pettah,87.0
2018-01-08,Tomato,Wholesale,Pettah,48.0
2018-01-09,Tomato,Retail,Dambulla,63.0
2018-01-09,Tomato,Wholesale,Dambulla,43.0
2018-01-09,Tomato,Retail,Pettah,97.0
2018-01-09,Tomato,Wholesale,Pettah,58.0
2018-01-10,Tomato,Retail,Dambulla,73.0
2018-01-10,Tomato,Wholesale,Dambulla,53.0
2018-01-10,Tomato,Retail,Pettah,87.0
2018-01-10,Tomato,Wholesale,Pettah,57.0
2018-01-11,Tomato,Retail,Dambulla,63.0
2018-01-11,Tomato,Wholesale,Dambulla,43.0
2018-01-11,Tomato,Retail,Pettah,90.0
2018-01-11,Tomato,Wholesale,Pettah,45.0
2018-01-12,Tomato,Retail,Dambulla,68.0
2018-01-12,Tomato,Wholesale,Dambulla,48.0
2018-01-12,Tomato,Retail,Pettah,82.0
2018-01-12,Tomato,Wholesale,Pettah,46.0
2018-01-16,Tomato,Retail,Dambulla,68.0
2018-01-16,Tomato,Wholesale,Dambulla,48.0
2018-01-16,Tomato,Retail,Pettah,75.0
2018-01-16,Tomato,Wholesale,Pettah,40.0
2018-01-17,Tomato,Retail,Dambulla,48.0
2018-01-17,Tomato,Wholesale,Dambulla,28.0
2018-01-17,Tomato,Retail,Pettah,50.0
2018-01-17,Tomato,Wholesale,Pettah,30.0
2018-01-18,Tomato,Retail,Dambulla,38.0
2018-01-18,Tomato,Wholesale,Dambulla,18.0
2018-01-18,Tomato,Retail,Pettah,60.0
2018-01-18,Tomato,Wholesale,Pettah,25.0
2018-01-19,Tomato,Retail,Dambulla,43.0
2018-01-19,Tomato,Wholesale,Dambulla,23.0
2018-01-19,Tomato,Retail,Pettah,63.0
2018-01-19,Tomato,Wholesale,Pettah,35.0
2018-01-20,Tomato,Retail,Dambulla,48.0
2018-01-20,Tomato,Wholesale,Dambulla,28.0
2018-01-20,Tomato,Retail,Pettah,75.0
2018-01-20,Tomato,Wholesale,Pettah,35.0
2018-01-23,Tomato,Retail,Dambulla,63.0
2018-01-23,Tomato,Wholesale,Dambulla,41.0
2018-01-23,Tomato,Retail,Pettah,75.0
2018-01-23,Tomato,Wholesale,Pettah,40.0
2018-01-24,Tomato,Retail,Dambulla,63.0
2018-01-24,Tomato,Wholesale,Dambulla,41.0
2018-01-24,Tomato,Retail,Pettah,68.0
2018-01-24,Tomato,Wholesale,Pettah,33.0
2018-01-25,Tomato,Retail,Dambulla,53.0
2018-01-25,Tomato,Wholesale,Dambulla,33.0
2018-01-25,Tomato,Retail,Pettah,73.0
2018-01-25,Tomato,Wholesale,Pettah,45.0
2018-01-26,Tomato,Retail,Dambulla,68.0
2018-01-26,Tomato,Wholesale,Dambulla,48.0
2018-01-26,Tomato,Retail,Pettah,68.0
2018-01-26,Tomato,Wholesale,Pettah,40.0
2018-01-29,Tomato,Retail,Dambulla,85.0
2018-01-29,Tomato,Wholesale,Dambulla,65.0
2018-01-29,Tomato,Retail,Pettah,87.0
2018-01-29,Tomato,Wholesale,Pettah,57.0
2018-01-30,Tomato,Retail,Dambulla,63.0
2018-01-30,Tomato,Wholesale,Dambulla,43.0
2018-01-30,Tomato,Retail,Pettah,77.0
2018-01-30,Tomato,Wholesale,Pettah,45.0
2018-02-01,Tomato,Retail,Dambulla,63.0
2018-02-01,Tomato,Wholesale,Dambulla,43.0
2018-02-01,Tomato,Retail,Pettah,83.0
2018-02-01,Tomato,Wholesale,Pettah,48.0
2018-02-02,Tomato,Retail,Dambulla,63.0
2018-02-02,Tomato,Wholesale,Dambulla,43.0
2018-02-02,Tomato,Retail,Pettah,73.0
2018-02-02,Tomato,Wholesale,Pettah,47.0
2018-02-06,Tomato,Retail,Dambulla,53.0
2018-02-06,Tomato,Wholesale,Dambulla,34.0
2018-02-06,Tomato,Retail,Pettah,67.0
2018-02-06,Tomato,Wholesale,Pettah,40.0
2018-02-07,Tomato,Retail,Dambulla,53.0
2018-02-07,Tomato,Wholesale,Dambulla,33.0
2018-02-07,Tomato,Retail,Pettah,77.0
2018-02-07,Tomato,Wholesale,Pettah,47.0
2018-02-08,Tomato,Retail,Dambulla,53.0
2018-02-08,Tomato,Wholesale,Dambulla,33.0
2018-02-08,Tomato,Retail,Pettah,77.0
2018-02-08,Tomato,Wholesale,Pettah,47.0
2018-02-09,Tomato,Retail,Dambulla,38.0
2018-02-09,Tomato,Wholesale,Dambulla,18.0
2018-02-09,Tomato,Retail,Pettah,63.0
2018-02-09,Tomato,Wholesale,Pettah,33.0
2018-02-12,Tomato,Retail,Dambulla,68.0
2018-02-12,Tomato,Wholesale,Dambulla,48.0
2018-02-12,Tomato,Retail,Pettah,77.0
2018-02-12,Tomato,Wholesale,Pettah,47.0
2018-02-14,Tomato,Retail,Dambulla,43.0
2018-02-14,Tomato,Wholesale,Dambulla,23.0
2018-02-14,Tomato,Retail,Pettah,67.0
2018-02-14,Tomato,Wholesale,Pettah,40.0
2018-02-15,Tomato,Retail,Dambulla,48.0
2018-02-15,Tomato,Wholesale,Dambulla,28.0
2018-02-15,Tomato,Retail,Pettah,70.0
2018-02-15,Tomato,Wholesale,Pettah,40.0
2018-02-16,Tomato,Retail,Dambulla,53.0
2018-02-16,Tomato,Wholesale,Dambulla,33.0
2018-02-16,Tomato,Retail,Pettah,70.0
2018-02-16,Tomato,Wholesale,Pettah,30.0
2018-02-19,Tomato,Retail,Dambulla,53.0
2018-02-19,Tomato,Wholesale,Dambulla,33.0
2018-02-19,Tomato,Retail,Pettah,67.0
2018-02-19,Tomato,Wholesale,Pettah,40.0
2018-02-20,Tomato,Retail,Dambulla,53.0
2018-02-20,Tomato,Wholesale,Dambulla,33.0
2018-02-20,Tomato,Retail,Pettah,55.0
2018-02-20,Tomato,Wholesale,Pettah,28.0
2018-02-21,Tomato,Retail,Dambulla,53.0
2018-02-21,Tomato,Wholesale,Dambulla,33.0
2018-02-21,Tomato,Retail,Pettah,63.0
2018-02-21,Tomato,Wholesale,Pettah,31.0
2018-02-22,Tomato,Retail,Dambulla,53.0
2018-02-22,Tomato,Wholesale,Dambulla,33.0
2018-02-22,Tomato,Retail,Pettah,73.0
2018-02-22,Tomato,Wholesale,Pettah,41.0
2018-02-23,Tomato,Retail,Dambulla,53.0
2018-02-23,Tomato,Wholesale,Dambulla,33.0
2018-02-23,Tomato,Retail,Pettah,73.0
2018-02-23,Tomato,Wholesale,Pettah,36.0
2018-02-26,Tomato,Retail,Dambulla,68.0
2018-02-26,Tomato,Wholesale,Dambulla,48.0
2018-02-26,Tomato,Retail,Pettah,73.0
2018-02-26,Tomato,Wholesale,Pettah,39.0
2018-02-27,Tomato,Retail,Dambulla,58.0
2018-02-27,Tomato,Wholesale,Dambulla,38.0
2018-02-27,Tomato,Retail,Pettah,70.0
2018-02-27,Tomato,Wholesale,Pettah,40.0
2018-02-28,Tomato,Retail,Dambulla,48.0
2018-02-28,Tomato,Wholesale,Dambulla,28.0
2018-02-28,Tomato,Retail,Pettah,53.0
2018-02-28,Tomato,Wholesale,Pettah,27.0
2018-03-02,Tomato,Retail,Dambulla,53.0
2018-03-02,Tomato,Wholesale,Dambulla,33.0
2018-03-02,Tomato,Retail,Pettah,65.0
2018-03-02,Tomato,Wholesale,Pettah,30.0
2018-03-05,Tomato,Retail,Dambulla,48.0
2018-03-05,Tomato,Wholesale,Dambulla,28.0
2018-03-05,Tomato,Retail,Pettah,60.0
2018-03-05,Tomato,Wholesale,Pettah,30.0
2018-03-06,Tomato,Retail,Dambulla,43.0
2018-03-06,Tomato,Wholesale,Dambulla,23.0
2018-03-06,Tomato,Retail,Pettah,60.0
2018-03-06,Tomato,Wholesale,Pettah,30.0
2018-03-07,Tomato,Retail,Dambulla,45.0
2018-03-07,Tomato,Wholesale,Dambulla,25.0
2018-03-07,Tomato,Retail,Pettah,57.0
2018-03-07,Tomato,Wholesale,Pettah,27.0
2018-03-08,Tomato,Retail,Dambulla,45.0
2018-03-08,Tomato,Wholesale,Dambulla,23.0
2018-03-08,Tomato,Retail,Pettah,60.0
2018-03-08,Tomato,Wholesale,Pettah,33.0
2018-03-09,Tomato,Retail,Dambulla,43.0
2018-03-09,Tomato,Wholesale,Dambulla,23.0
2018-03-09,Tomato,Retail,Pettah,60.0
2018-03-09,Tomato,Wholesale,Pettah,28.0
2018-03-12,Tomato,Retail,Dambulla,48.0
2018-03-12,Tomato,Wholesale,Dambulla,28.0
2018-03-12,Tomato,Retail,Pettah,80.0
2018-03-12,Tomato,Wholesale,Pettah,41.0
2018-03-13,Tomato,Retail,Dambulla,53.0
2018-03-13,Tomato,Wholesale,Dambulla,33.0
2018-03-13,Tomato,Retail,Pettah,80.0
2018-03-13,Tomato,Wholesale,Pettah,46.0
2018-03-14,Tomato,Retail,Dambulla,58.0
2018-03-14,Tomato,Wholesale,Dambulla,38.0
2018-03-14,Tomato,Retail,Pettah,80.0
2018-03-14,Tomato,Wholesale,Pettah,52.0
2018-03-15,Tomato,Retail,Dambulla,58.0
2018-03-15,Tomato,Wholesale,Dambulla,38.0
2018-03-15,Tomato,Retail,Pettah,53.0
2018-03-15,Tomato,Wholesale,Pettah,28.0
2018-03-16,Tomato,Retail,Dambulla,43.0
2018-03-16,Tomato,Wholesale,Dambulla,23.0
2018-03-16,Tomato,Retail,Pettah,65.0
2018-03-16,Tomato,Wholesale,Pettah,40.0
2018-03-19,Tomato,Retail,Dambulla,43.0
2018-03-19,Tomato,Wholesale,Dambulla,28.0
2018-03-19,Tomato,Retail,Pettah,67.0
2018-03-19,Tomato,Wholesale,Pettah,38.0
2018-03-20,Tomato,Retail,Dambulla,43.0
2018-03-20,Tomato,Wholesale,Dambulla,23.0
2018-03-20,Tomato,Retail,Pettah,63.0
2018-03-20,Tomato,Wholesale,Pettah,33.0
2018-03-21,Tomato,Retail,Dambulla,43.0
2018-03-21,Tomato,Wholesale,Dambulla,23.0
2018-03-21,Tomato,Retail,Pettah,70.0
2018-03-21,Tomato,Wholesale,Pettah,47.0
2018-03-22,Tomato,Retail,Dambulla,38.0
2018-03-22,Tomato,Wholesale,Dambulla,18.0
2018-03-22,Tomato,Retail,Pettah,70.0
2018-03-22,Tomato,Wholesale,Pettah,40.0
2018-03-23,Tomato,Retail,Dambulla,34.0
2018-03-23,Tomato,Wholesale,Dambulla,14.0
2018-03-23,Tomato,Retail,Pettah,57.0
2018-03-23,Tomato,Wholesale,Pettah,33.0
2018-03-26,Tomato,Retail,Dambulla,37.0
2018-03-26,Tomato,Wholesale,Dambulla,17.0
2018-03-26,Tomato,Retail,Pettah,77.0
2018-03-26,Tomato,Wholesale,Pettah,43.0
2018-03-27,Tomato,Retail,Dambulla,40.0
2018-03-27,Tomato,Wholesale,Dambulla,20.0
2018-03-27,Tomato,Retail,Pettah,83.0
2018-03-27,Tomato,Wholesale,Pettah,47.0
2018-03-28,Tomato,Retail,Dambulla,33.0
2018-03-28,Tomato,Wholesale,Dambulla,14.0
2018-03-28,Tomato,Retail,Pettah,80.0
2018-03-28,Tomato,Wholesale,Pettah,50.0
2018-03-29,Tomato,Retail,Dambulla,27.0
2018-03-29,Tomato,Wholesale,Dambulla,7.0
2018-03-29,Tomato,Retail,Pettah,53.0
2018-03-29,Tomato,Wholesale,Pettah,31.0
2018-04-02,Tomato,Retail,Dambulla,37.0
2018-04-02,Tomato,Wholesale,Dambulla,18.0
2018-04-02,Tomato,Retail,Pettah,50.0
2018-04-02,Tomato,Wholesale,Pettah,27.0
2018-04-03,Tomato,Retail,Dambulla,33.0
2018-04-03,Tomato,Wholesale,Dambulla,13.0
2018-04-03,Tomato,Retail,Pettah,47.0
2018-04-03,Tomato,Wholesale,Pettah,23.0
2018-04-04,Tomato,Retail,Dambulla,33.0
2018-04-04,Tomato,Wholesale,Dambulla,13.0
2018-04-04,Tomato,Retail,Pettah,43.0
2018-04-04,Tomato,Wholesale,Pettah,23.0
2018-04-05,Tomato,Retail,Dambulla,35.0
2018-04-05,Tomato,Wholesale,Dambulla,15.0
2018-04-05,Tomato,Retail,Pettah,53.0
2018-04-05,Tomato,Wholesale,Pettah,26.0
2018-04-06,Tomato,Retail,Dambulla,38.0
2018-04-06,Tomato,Wholesale,Dambulla,18.0
2018-04-06,Tomato,Retail,Pettah,56.0
2018-04-06,Tomato,Wholesale,Pettah,29.0
2018-04-09,Tomato,Retail,Dambulla,33.0
2018-04-09,Tomato,Wholesale,Dambulla,13.0
2018-04-09,Tomato,Retail,Pettah,65.0
2018-04-09,Tomato,Wholesale,Pettah,36.0
2018-04-10,Tomato,Retail,Dambulla,33.0
2018-04-10,Tomato,Wholesale,Dambulla,11.0
2018-04-10,Tomato,Retail,Pettah,90.0
2018-04-10,Tomato,Wholesale,Pettah,46.0
2018-04-11,Tomato,Retail,Dambulla,38.0
2018-04-11,Tomato,Wholesale,Dambulla,18.0
2018-04-11,Tomato,Retail,Pettah,73.0
2018-04-11,Tomato,Wholesale,Pettah,43.0
2018-04-12,Tomato,Retail,Dambulla,48.0
2018-04-12,Tomato,Wholesale,Dambulla,23.0
2018-04-12,Tomato,Retail,Pettah,66.0
2018-04-12,Tomato,Wholesale,Pettah,36.0
2018-04-16,Tomato,Retail,Dambulla,39.0
2018-04-16,Tomato,Wholesale,Dambulla,19.0
2018-04-16,Tomato,Retail,Pettah,70.0
2018-04-16,Tomato,Wholesale,Pettah,40.0
2018-04-17,Tomato,Retail,Dambulla,43.0
2018-04-17,Tomato,Wholesale,Dambulla,23.0
2018-04-17,Tomato,Retail,Pettah,65.0
2018-04-17,Tomato,Wholesale,Pettah,40.0
2018-04-18,Tomato,Retail,Dambulla,43.0
2018-04-18,Tomato,Wholesale,Dambulla,23.0
2018-04-18,Tomato,Retail,Pettah,58.0
2018-04-18,Tomato,Wholesale,Pettah,26.0
2018-04-19,Tomato,Retail,Dambulla,38.0
2018-04-19,Tomato,Wholesale,Dambulla,18.0
2018-04-19,Tomato,Retail,Pettah,57.0
2018-04-19,Tomato,Wholesale,Pettah,27.0
2018-04-20,Tomato,Retail,Dambulla,30.0
2018-04-20,Tomato,Wholesale,Dambulla,10.0
2018-04-20,Tomato,Retail,Pettah,57.0
2018-04-20,Tomato,Wholesale,Pettah,27.0
2018-04-23,Tomato,Retail,Dambulla,33.0
2018-04-23,Tomato,Wholesale,Dambulla,13.0
2018-04-23,Tomato,Retail,Pettah,63.0
2018-04-23,Tomato,Wholesale,Pettah,34.0
2018-04-24,Tomato,Retail,Dambulla,33.0
2018-04-24,Tomato,Wholesale,Dambulla,13.0
2018-04-24,Tomato,Retail,Pettah,57.0
2018-04-24,Tomato,Wholesale,Pettah,34.0
2018-04-25,Tomato,Retail,Dambulla,43.0
2018-04-25,Tomato,Wholesale,Dambulla,23.0
2018-04-25,Tomato,Retail,Pettah,70.0
2018-04-25,Tomato,Wholesale,Pettah,38.0
2018-04-26,Tomato,Retail,Dambulla,55.0
2018-04-26,Tomato,Wholesale,Dambulla,35.0
2018-04-26,Tomato,Retail,Pettah,60.0
2018-04-26,Tomato,Wholesale,Pettah,33.0
2018-04-27,Tomato,Retail,Dambulla,43.0
2018-04-27,Tomato,Wholesale,Dambulla,23.0
2018-04-27,Tomato,Retail,Pettah,70.0
2018-04-27,Tomato,Wholesale,Pettah,34.0
2018-05-01,Tomato,Retail,Dambulla,43.0
2018-05-01,Tomato,Wholesale,Dambulla,23.0
2018-05-01,Tomato,Retail,Pettah,57.0
2018-05-01,Tomato,Wholesale,Pettah,35.0
2018-05-02,Tomato,Retail,Dambulla,53.0
2018-05-02,Tomato,Wholesale,Dambulla,33.0
2018-05-02,Tomato,Retail,Pettah,67.0
2018-05-02,Tomato,Wholesale,Pettah,37.0
2018-05-03,Tomato,Retail,Dambulla,63.0
2018-05-03,Tomato,Wholesale,Dambulla,43.0
2018-05-03,Tomato,Retail,Pettah,77.0
2018-05-03,Tomato,Wholesale,Pettah,47.0
2018-05-04,Tomato,Retail,Dambulla,48.0
2018-05-04,Tomato,Wholesale,Dambulla,28.0
2018-05-04,Tomato,Retail,Pettah,68.0
2018-05-04,Tomato,Wholesale,Pettah,40.0
2018-05-08,Tomato,Retail,Dambulla,88.0
2018-05-08,Tomato,Wholesale,Dambulla,68.0
2018-05-08,Tomato,Retail,Pettah,63.0
2018-05-08,Tomato,Wholesale,Pettah,43.0
2018-05-09,Tomato,Retail,Dambulla,78.0
2018-05-09,Tomato,Wholesale,Dambulla,58.0
2018-05-09,Tomato,Retail,Pettah,100.0
2018-05-09,Tomato,Wholesale,Pettah,65.0
2018-05-10,Tomato,Retail,Dambulla,88.0
2018-05-10,Tomato,Wholesale,Dambulla,68.0
2018-05-10,Tomato,Retail,Pettah,100.0
2018-05-10,Tomato,Wholesale,Pettah,70.0
2018-05-11,Tomato,Retail,Dambulla,105.0
2018-05-11,Tomato,Wholesale,Dambulla,85.0
2018-05-11,Tomato,Retail,Pettah,113.0
2018-05-11,Tomato,Wholesale,Pettah,75.0
2018-05-14,Tomato,Retail,Dambulla,115.0
2018-05-14,Tomato,Wholesale,Dambulla,95.0
2018-05-14,Tomato,Retail,Pettah,140.0
2018-05-14,Tomato,Wholesale,Pettah,100.0
2018-05-15,Tomato,Retail,Dambulla,115.0
2018-05-15,Tomato,Wholesale,Dambulla,95.0
2018-05-15,Tomato,Retail,Pettah,140.0
2018-05-15,Tomato,Wholesale,Pettah,100.0
2018-05-16,Tomato,Retail,Dambulla,115.0
2018-05-16,Tomato,Wholesale,Dambulla,95.0
2018-05-16,Tomato,Retail,Pettah,150.0
2018-05-16,Tomato,Wholesale,Pettah,113.0
2018-05-17,Tomato,Retail,Dambulla,105.0
2018-05-17,Tomato,Wholesale,Dambulla,85.0
2018-05-17,Tomato,Retail,Pettah,148.0
2018-05-17,Tomato,Wholesale,Pettah,110.0
2018-05-18,Tomato,Retail,Dambulla,125.0
2018-05-18,Tomato,Wholesale,Dambulla,105.0
2018-05-18,Tomato,Retail,Pettah,150.0
2018-05-18,Tomato,Wholesale,Pettah,114.0
2018-05-21,Tomato,Retail,Dambulla,135.0
2018-05-21,Tomato,Wholesale,Dambulla,115.0
2018-05-21,Tomato,Retail,Pettah,170.0
2018-05-21,Tomato,Wholesale,Pettah,135.0
2018-05-22,Tomato,Retail,Dambulla,125.0
2018-05-22,Tomato,Wholesale,Dambulla,105.0
2018-05-22,Tomato,Retail,Pettah,207.0
2018-05-22,Tomato,Wholesale,Pettah,153.0
2018-05-23,Tomato,Retail,Dambulla,135.0
2018-05-23,Tomato,Wholesale,Dambulla,115.0
2018-05-23,Tomato,Retail,Pettah,150.0
2018-05-23,Tomato,Wholesale,Pettah,113.0
2018-05-24,Tomato,Retail,Dambulla,115.0
2018-05-24,Tomato,Wholesale,Dambulla,95.0
2018-05-24,Tomato,Retail,Pettah,190.0
2018-05-24,Tomato,Wholesale,Pettah,143.0
2018-05-25,Tomato,Retail,Dambulla,125.0
2018-05-25,Tomato,Wholesale,Dambulla,105.0
2018-05-25,Tomato,Retail,Pettah,205.0
2018-05-25,Tomato,Wholesale,Pettah,153.0
2018-05-28,Tomato,Retail,Dambulla,118.0
2018-05-28,Tomato,Wholesale,Dambulla,108.0
2018-05-28,Tomato,Retail,Pettah,180.0
2018-05-28,Tomato,Wholesale,Pettah,140.0
2018-05-30,Tomato,Retail,Dambulla,88.0
2018-05-30,Tomato,Wholesale,Dambulla,68.0
2018-05-30,Tomato,Retail,Pettah,127.0
2018-05-30,Tomato,Wholesale,Pettah,93.0
2018-05-31,Tomato,Retail,Dambulla,115.0
2018-05-31,Tomato,Wholesale,Dambulla,95.0
2018-05-31,Tomato,Retail,Pettah,133.0
2018-05-31,Tomato,Wholesale,Pettah,98.0
2018-06-01,Tomato,Retail,Dambulla,105.0
2018-06-01,Tomato,Wholesale,Dambulla,85.0
2018-06-01,Tomato,Retail,Pettah,125.0
2018-06-01,Tomato,Wholesale,Pettah,90.0
2018-06-04,Tomato,Retail,Dambulla,100.0
2018-06-04,Tomato,Wholesale,Dambulla,80.0
2018-06-04,Tomato,Retail,Pettah,123.0
2018-06-04,Tomato,Wholesale,Pettah,83.0
2018-06-05,Tomato,Retail,Dambulla,93.0
2018-06-05,Tomato,Wholesale,Dambulla,73.0
2018-06-05,Tomato,Retail,Pettah,115.0
2018-06-05,Tomato,Wholesale,Pettah,80.0
2018-06-06,Tomato,Retail,Dambulla,75.0
2018-06-06,Tomato,Wholesale,Dambulla,55.0
2018-06-06,Tomato,Retail,Pettah,113.0
2018-06-06,Tomato,Wholesale,Pettah,80.0
2018-06-07,Tomato,Retail,Dambulla,95.0
2018-06-07,Tomato,Wholesale,Dambulla,75.0
2018-06-07,Tomato,Retail,Pettah,123.0
2018-06-07,Tomato,Wholesale,Pettah,83.0
2018-06-08,Tomato,Retail,Dambulla,95.0
2018-06-08,Tomato,Wholesale,Dambulla,75.0
2018-06-08,Tomato,Retail,Pettah,120.0
2018-06-08,Tomato,Wholesale,Pettah,73.0
2018-06-11,Tomato,Retail,Dambulla,138.0
2018-06-11,Tomato,Wholesale,Dambulla,118.0
2018-06-11,Tomato,Retail,Pettah,110.0
2018-06-11,Tomato,Wholesale,Pettah,73.0
2018-06-12,Tomato,Retail,Dambulla,168.0
2018-06-12,Tomato,Wholesale,Dambulla,148.0
2018-06-12,Tomato,Retail,Pettah,153.0
2018-06-12,Tomato,Wholesale,Pettah,113.0
2018-06-13,Tomato,Retail,Dambulla,175.0
2018-06-13,Tomato,Wholesale,Dambulla,155.0
2018-06-13,Tomato,Retail,Pettah,175.0
2018-06-13,Tomato,Wholesale,Pettah,130.0
2018-06-14,Tomato,Retail,Dambulla,185.0
2018-06-14,Tomato,Wholesale,Dambulla,165.0
2018-06-14,Tomato,Retail,Pettah,260.0
2018-06-14,Tomato,Wholesale,Pettah,220.0
2018-06-18,Tomato,Retail,Dambulla,195.0
2018-06-18,Tomato,Wholesale,Dambulla,175.0
2018-06-18,Tomato,Retail,Pettah,280.0
2018-06-18,Tomato,Wholesale,Pettah,225.0
2018-06-19,Tomato,Retail,Dambulla,215.0
2018-06-19,Tomato,Wholesale,Dambulla,195.0
2018-06-19,Tomato,Retail,Pettah,247.0
2018-06-19,Tomato,Wholesale,Pettah,200.0
2018-06-20,Tomato,Retail,Dambulla,203.0
2018-06-20,Tomato,Wholesale,Dambulla,183.0
2018-06-20,Tomato,Retail,Pettah,263.0
2018-06-20,Tomato,Wholesale,Pettah,223.0
2018-06-21,Tomato,Retail,Dambulla,225.0
2018-06-21,Tomato,Wholesale,Dambulla,205.0
2018-06-21,Tomato,Retail,Pettah,270.0
2018-06-21,Tomato,Wholesale,Pettah,230.0
2018-06-22,Tomato,Retail,Dambulla,210.0
2018-06-22,Tomato,Wholesale,Dambulla,185.0
2018-06-22,Tomato,Retail,Pettah,240.0
2018-06-22,Tomato,Wholesale,Pettah,200.0
2018-06-25,Tomato,Retail,Dambulla,195.0
2018-06-25,Tomato,Wholesale,Dambulla,175.0
2018-06-25,Tomato,Retail,Pettah,240.0
2018-06-25,Tomato,Wholesale,Pettah,200.0
2018-06-26,Tomato,Retail,Dambulla,225.0
2018-06-26,Tomato,Wholesale,Dambulla,205.0
2018-06-26,Tomato,Retail,Pettah,263.0
2018-06-26,Tomato,Wholesale,Pettah,220.0
2018-06-29,Tomato,Retail,Dambulla,215.0
2018-06-29,Tomato,Wholesale,Dambulla,195.0
2018-06-29,Tomato,Retail,Pettah,260.0
2018-06-29,Tomato,Wholesale,Pettah,220.0
2018-07-02,Tomato,Retail,Dambulla,175.0
2018-07-02,Tomato,Wholesale,Dambulla,155.0
2018-07-02,Tomato,Retail,Pettah,257.0
2018-07-02,Tomato,Wholesale,Pettah,217.0
2018-07-03,Tomato,Retail,Dambulla,235.0
2018-07-03,Tomato,Wholesale,Dambulla,215.0
2018-07-03,Tomato,Retail,Pettah,253.0
2018-07-03,Tomato,Wholesale,Pettah,213.0
2018-07-04,Tomato,Retail,Dambulla,215.0
2018-07-04,Tomato,Wholesale,Dambulla,195.0
2018-07-04,Tomato,Retail,Pettah,273.0
2018-07-04,Tomato,Wholesale,Pettah,233.0
2018-07-05,Tomato,Retail,Dambulla,215.0
2018-07-05,Tomato,Wholesale,Dambulla,195.0
2018-07-05,Tomato,Retail,Pettah,260.0
2018-07-05,Tomato,Wholesale,Pettah,213.0
2018-07-06,Tomato,Retail,Dambulla,205.0
2018-07-06,Tomato,Wholesale,Dambulla,195.0
2018-07-06,Tomato,Retail,Pettah,275.0
2018-07-06,Tomato,Wholesale,Pettah,213.0
2018-07-09,Tomato,Retail,Dambulla,185.0
2018-07-09,Tomato,Wholesale,Dambulla,165.0
2018-07-09,Tomato,Retail,Pettah,220.0
2018-07-09,Tomato,Wholesale,Pettah,180.0
2018-07-10,Tomato,Retail,Dambulla,135.0
2018-07-10,Tomato,Wholesale,Dambulla,115.0
2018-07-10,Tomato,Retail,Pettah,220.0
2018-07-10,Tomato,Wholesale,Pettah,180.0
2018-07-11,Tomato,Retail,Dambulla,115.0
2018-07-11,Tomato,Wholesale,Dambulla,95.0
2018-07-11,Tomato,Retail,Pettah,153.0
2018-07-11,Tomato,Wholesale,Pettah,113.0
2018-07-12,Tomato,Retail,Dambulla,85.0
2018-07-12,Tomato,Wholesale,Dambulla,65.0
2018-07-12,Tomato,Retail,Pettah,137.0
2018-07-12,Tomato,Wholesale,Pettah,107.0
2018-07-13,Tomato,Retail,Dambulla,135.0
2018-07-13,Tomato,Wholesale,Dambulla,115.0
2018-07-13,Tomato,Retail,Pettah,183.0
2018-07-13,Tomato,Wholesale,Pettah,133.0
2018-07-16,Tomato,Retail,Dambulla,135.0
2018-07-16,Tomato,Wholesale,Dambulla,115.0
2018-07-16,Tomato,Retail,Pettah,180.0
2018-07-16,Tomato,Wholesale,Pettah,137.0
2018-07-17,Tomato,Retail,Dambulla,135.0
2018-07-17,Tomato,Wholesale,Dambulla,115.0
2018-07-17,Tomato,Retail,Pettah,165.0
2018-07-17,Tomato,Wholesale,Pettah,120.0
2018-07-18,Tomato,Retail,Dambulla,145.0
2018-07-18,Tomato,Wholesale,Dambulla,125.0
2018-07-18,Tomato,Retail,Pettah,160.0
2018-07-18,Tomato,Wholesale,Pettah,110.0
2018-07-19,Tomato,Retail,Dambulla,145.0
2018-07-19,Tomato,Wholesale,Dambulla,125.0
2018-07-19,Tomato,Retail,Pettah,188.0
2018-07-19,Tomato,Wholesale,Pettah,155.0
2018-07-20,Tomato,Retail,Dambulla,145.0
2018-07-20,Tomato,Wholesale,Dambulla,125.0
2018-07-20,Tomato,Retail,Pettah,170.0
2018-07-20,Tomato,Wholesale,Pettah,150.0
2018-07-23,Tomato,Retail,Dambulla,135.0
2018-07-23,Tomato,Wholesale,Dambulla,115.0
2018-07-23,Tomato,Retail,Pettah,173.0
2018-07-23,Tomato,Wholesale,Pettah,130.0
2018-07-24,Tomato,Retail,Dambulla,115.0
2018-07-24,Tomato,Wholesale,Dambulla,95.0
2018-07-24,Tomato,Retail,Pettah,177.0
2018-07-24,Tomato,Wholesale,Pettah,130.0
2018-07-25,Tomato,Retail,Dambulla,125.0
2018-07-25,Tomato,Wholesale,Dambulla,100.0
2018-07-25,Tomato,Retail,Pettah,163.0
2018-07-25,Tomato,Wholesale,Pettah,127.0
2018-07-26,Tomato,Retail,Dambulla,95.0
2018-07-26,Tomato,Wholesale,Dambulla,75.0
2018-07-26,Tomato,Retail,Pettah,145.0
2018-07-26,Tomato,Wholesale,Pettah,98.0
2018-07-30,Tomato,Retail,Dambulla,95.0
2018-07-30,Tomato,Wholesale,Dambulla,78.0
2018-07-30,Tomato,Retail,Pettah,150.0
2018-07-30,Tomato,Wholesale,Pettah,110.0
2018-07-31,Tomato,Retail,Dambulla,85.0
2018-07-31,Tomato,Wholesale,Dambulla,65.0
2018-07-31,Tomato,Retail,Pettah,150.0
2018-07-31,Tomato,Wholesale,Pettah,110.0
2018-08-01,Tomato,Retail,Dambulla,93.0
2018-08-01,Tomato,Wholesale,Dambulla,73.0
2018-08-01,Tomato,Retail,Pettah,130.0
2018-08-01,Tomato,Wholesale,Pettah,90.0
2018-08-02,Tomato,Retail,Dambulla,85.0
2018-08-02,Tomato,Wholesale,Dambulla,65.0
2018-08-02,Tomato,Retail,Pettah,125.0
2018-08-02,Tomato,Wholesale,Pettah,87.0
2018-08-03,Tomato,Retail,Dambulla,75.0
2018-08-03,Tomato,Wholesale,Dambulla,55.0
2018-08-03,Tomato,Retail,Pettah,117.0
2018-08-03,Tomato,Wholesale,Pettah,80.0
2018-08-06,Tomato,Retail,Dambulla,75.0
2018-08-06,Tomato,Wholesale,Dambulla,55.0
2018-08-06,Tomato,Retail,Pettah,90.0
2018-08-06,Tomato,Wholesale,Pettah,53.0
2018-08-07,Tomato,Retail,Dambulla,75.0
2018-08-07,Tomato,Wholesale,Dambulla,55.0
2018-08-07,Tomato,Retail,Pettah,80.0
2018-08-07,Tomato,Wholesale,Pettah,50.0
2018-08-08,Tomato,Retail,Dambulla,65.0
2018-08-08,Tomato,Wholesale,Dambulla,45.0
2018-08-08,Tomato,Retail,Pettah,120.0
2018-08-08,Tomato,Wholesale,Pettah,73.0
2018-08-09,Tomato,Retail,Dambulla,68.0
2018-08-09,Tomato,Wholesale,Dambulla,48.0
2018-08-09,Tomato,Retail,Pettah,83.0
2018-08-09,Tomato,Wholesale,Pettah,50.0
2018-08-10,Tomato,Retail,Dambulla,73.0
2018-08-10,Tomato,Wholesale,Dambulla,53.0
2018-08-10,Tomato,Retail,Pettah,100.0
2018-08-10,Tomato,Wholesale,Pettah,55.0
2018-08-13,Tomato,Retail,Dambulla,73.0
2018-08-13,Tomato,Wholesale,Dambulla,53.0
2018-08-13,Tomato,Retail,Pettah,100.0
2018-08-13,Tomato,Wholesale,Pettah,55.0
2018-08-14,Tomato,Retail,Dambulla,68.0
2018-08-14,Tomato,Wholesale,Dambulla,48.0
2018-08-14,Tomato,Retail,Pettah,75.0
2018-08-14,Tomato,Wholesale,Pettah,40.0
2018-08-15,Tomato,Retail,Dambulla,53.0
2018-08-15,Tomato,Wholesale,Dambulla,31.0
2018-08-15,Tomato,Retail,Pettah,80.0
2018-08-15,Tomato,Wholesale,Pettah,50.0
2018-08-16,Tomato,Retail,Dambulla,65.0
2018-08-16,Tomato,Wholesale,Dambulla,45.0
2018-08-16,Tomato,Retail,Pettah,68.0
2018-08-16,Tomato,Wholesale,Pettah,40.0
2018-08-17,Tomato,Retail,Dambulla,55.0
2018-08-17,Tomato,Wholesale,Dambulla,35.0
2018-08-17,Tomato,Retail,Pettah,80.0
2018-08-17,Tomato,Wholesale,Pettah,50.0
2018-08-20,Tomato,Retail,Dambulla,58.0
2018-08-20,Tomato,Wholesale,Dambulla,38.0
2018-08-20,Tomato,Retail,Pettah,83.0
2018-08-20,Tomato,Wholesale,Pettah,50.0
2018-08-21,Tomato,Retail,Dambulla,73.0
2018-08-21,Tomato,Wholesale,Dambulla,53.0
2018-08-21,Tomato,Retail,Pettah,87.0
2018-08-21,Tomato,Wholesale,Pettah,55.0
2018-08-23,Tomato,Retail,Dambulla,53.0
2018-08-23,Tomato,Wholesale,Dambulla,33.0
2018-08-23,Tomato,Retail,Pettah,80.0
2018-08-23,Tomato,Wholesale,Pettah,50.0
2018-08-24,Tomato,Retail,Dambulla,53.0
2018-08-24,Tomato,Wholesale,Dambulla,33.0
2018-08-24,Tomato,Retail,Pettah,82.0
2018-08-24,Tomato,Wholesale,Pettah,50.0
2018-08-27,Tomato,Retail,Dambulla,45.0
2018-08-27,Tomato,Wholesale,Dambulla,25.0
2018-08-27,Tomato,Retail,Pettah,90.0
2018-08-27,Tomato,Wholesale,Pettah,57.0
2018-08-28,Tomato,Retail,Dambulla,53.0
2018-08-28,Tomato,Wholesale,Dambulla,31.0
2018-08-28,Tomato,Retail,Pettah,83.0
2018-08-28,Tomato,Wholesale,Pettah,53.0
2018-08-29,Tomato,Retail,Dambulla,33.0
2018-08-29,Tomato,Wholesale,Dambulla,13.0
2018-08-29,Tomato,Retail,Pettah,63.0
2018-08-29,Tomato,Wholesale,Pettah,37.0
2018-08-30,Tomato,Retail,Dambulla,38.0
2018-08-30,Tomato,Wholesale,Dambulla,18.0
2018-08-30,Tomato,Retail,Pettah,70.0
2018-08-30,Tomato,Wholesale,Pettah,40.0
2018-08-31,Tomato,Retail,Dambulla,34.0
2018-08-31,Tomato,Wholesale,Dambulla,14.0
2018-08-31,Tomato,Retail,Pettah,60.0
2018-08-31,Tomato,Wholesale,Pettah,35.0
2018-09-03,Tomato,Retail,Dambulla,31.0
2018-09-03,Tomato,Wholesale,Dambulla,11.0
2018-09-03,Tomato,Retail,Pettah,50.0
2018-09-03,Tomato,Wholesale,Pettah,40.0
2018-09-04,Tomato,Retail,Dambulla,33.0
2018-09-04,Tomato,Wholesale,Dambulla,14.0
2018-09-04,Tomato,Retail,Pettah,60.0
2018-09-04,Tomato,Wholesale,Pettah,33.0
2018-09-05,Tomato,Retail,Dambulla,40.0
2018-09-05,Tomato,Wholesale,Dambulla,20.0
2018-09-05,Tomato,Retail,Pettah,53.0
2018-09-05,Tomato,Wholesale,Pettah,30.0
2018-09-06,Tomato,Retail,Dambulla,38.0
2018-09-06,Tomato,Wholesale,Dambulla,18.0
2018-09-06,Tomato,Retail,Pettah,50.0
2018-09-06,Tomato,Wholesale,Pettah,30.0
2018-09-07,Tomato,Retail,Dambulla,41.0
2018-09-07,Tomato,Wholesale,Dambulla,21.0
2018-09-07,Tomato,Retail,Pettah,50.0
2018-09-07,Tomato,Wholesale,Pettah,30.0
2018-09-10,Tomato,Retail,Dambulla,39.0
2018-09-10,Tomato,Wholesale,Dambulla,19.0
2018-09-10,Tomato,Retail,Pettah,50.0
2018-09-10,Tomato,Wholesale,Pettah,27.0
2018-09-11,Tomato,Retail,Dambulla,43.0
2018-09-11,Tomato,Wholesale,Dambulla,23.0
2018-09-11,Tomato,Retail,Pettah,50.0
2018-09-11,Tomato,Wholesale,Pettah,27.0
2018-09-12,Tomato,Retail,Dambulla,39.0
2018-09-12,Tomato,Wholesale,Dambulla,19.0
2018-09-12,Tomato,Retail,Pettah,45.0
2018-09-12,Tomato,Wholesale,Pettah,27.0
2018-09-13,Tomato,Retail,Dambulla,38.0
2018-09-13,Tomato,Wholesale,Dambulla,17.0
2018-09-13,Tomato,Retail,Pettah,45.0
2018-09-13,Tomato,Wholesale,Pettah,27.0
2018-09-14,Tomato,Retail,Dambulla,38.0
2018-09-14,Tomato,Wholesale,Dambulla,17.0
2018-09-14,Tomato,Retail,Pettah,45.0
2018-09-14,Tomato,Wholesale,Pettah,27.0
2018-09-17,Tomato,Retail,Dambulla,38.0
2018-09-17,Tomato,Wholesale,Dambulla,17.0
2018-09-17,Tomato,Retail,Pettah,40.0
2018-09-17,Tomato,Wholesale,Pettah,25.0
2018-09-18,Tomato,Retail,Dambulla,34.0
2018-09-18,Tomato,Wholesale,Dambulla,14.0
2018-09-18,Tomato,Retail,Pettah,50.0
2018-09-18,Tomato,Wholesale,Pettah,27.0
2018-09-19,Tomato,Retail,Dambulla,31.0
2018-09-19,Tomato,Wholesale,Dambulla,11.0
2018-09-19,Tomato,Retail,Pettah,55.0
2018-09-19,Tomato,Wholesale,Pettah,30.0
2018-09-20,Tomato,Retail,Dambulla,34.0
2018-09-20,Tomato,Wholesale,Dambulla,14.0
2018-09-20,Tomato,Retail,Pettah,45.0
2018-09-20,Tomato,Wholesale,Pettah,21.0
2018-09-21,Tomato,Retail,Dambulla,33.0
2018-09-21,Tomato,Wholesale,Dambulla,13.0
2018-09-21,Tomato,Retail,Pettah,55.0
2018-09-21,Tomato,Wholesale,Pettah,23.0
2018-09-25,Tomato,Retail,Dambulla,37.0
2018-09-25,Tomato,Wholesale,Dambulla,17.0
2018-09-25,Tomato,Retail,Pettah,55.0
2018-09-25,Tomato,Wholesale,Pettah,28.0
2018-09-26,Tomato,Retail,Dambulla,42.0
2018-09-26,Tomato,Wholesale,Dambulla,21.0
2018-09-26,Tomato,Retail,Pettah,60.0
2018-09-26,Tomato,Wholesale,Pettah,33.0
2018-09-27,Tomato,Retail,Dambulla,34.0
2018-09-27,Tomato,Wholesale,Dambulla,14.0
2018-09-27,Tomato,Retail,Pettah,55.0
2018-09-27,Tomato,Wholesale,Pettah,30.0
2018-09-28,Tomato,Retail,Dambulla,35.0
2018-09-28,Tomato,Wholesale,Dambulla,15.0
2018-09-28,Tomato,Retail,Pettah,62.0
2018-09-28,Tomato,Wholesale,Pettah,30.0
2018-10-01,Tomato,Retail,Dambulla,38.0
2018-10-01,Tomato,Wholesale,Dambulla,18.0
2018-10-01,Tomato,Retail,Pettah,58.0
2018-10-01,Tomato,Wholesale,Pettah,33.0
2018-10-02,Tomato,Retail,Dambulla,38.0
2018-10-02,Tomato,Wholesale,Dambulla,18.0
2018-10-02,Tomato,Retail,Pettah,63.0
2018-10-02,Tomato,Wholesale,Pettah,35.0
2018-10-03,Tomato,Retail,Dambulla,38.0
2018-10-03,Tomato,Wholesale,Dambulla,18.0
2018-10-03,Tomato,Retail,Pettah,65.0
2018-10-03,Tomato,Wholesale,Pettah,40.0
2018-10-04,Tomato,Retail,Dambulla,36.0
2018-10-04,Tomato,Wholesale,Dambulla,16.0
2018-10-04,Tomato,Retail,Pettah,65.0
2018-10-04,Tomato,Wholesale,Pettah,36.0
2018-10-05,Tomato,Retail,Dambulla,35.0
2018-10-05,Tomato,Wholesale,Dambulla,15.0
2018-10-05,Tomato,Retail,Pettah,62.0
2018-10-05,Tomato,Wholesale,Pettah,33.0
2018-10-08,Tomato,Retail,Dambulla,53.0
2018-10-08,Tomato,Wholesale,Dambulla,33.0
2018-10-08,Tomato,Retail,Pettah,60.0
2018-10-08,Tomato,Wholesale,Pettah,33.0
2018-10-09,Tomato,Retail,Dambulla,63.0
2018-10-09,Tomato,Wholesale,Dambulla,43.0
2018-10-09,Tomato,Retail,Pettah,67.0
2018-10-09,Tomato,Wholesale,Pettah,34.0
2018-10-10,Tomato,Retail,Dambulla,53.0
2018-10-10,Tomato,Wholesale,Dambulla,31.0
2018-10-10,Tomato,Retail,Pettah,87.0
2018-10-10,Tomato,Wholesale,Pettah,48.0
2018-10-11,Tomato,Retail,Dambulla,58.0
2018-10-11,Tomato,Wholesale,Dambulla,38.0
2018-10-11,Tomato,Retail,Pettah,80.0
2018-10-11,Tomato,Wholesale,Pettah,52.0
2018-10-12,Tomato,Retail,Dambulla,53.0
2018-10-12,Tomato,Wholesale,Dambulla,33.0
2018-10-12,Tomato,Retail,Pettah,110.0
2018-10-12,Tomato,Wholesale,Pettah,63.0
2018-10-15,Tomato,Retail,Dambulla,58.0
2018-10-15,Tomato,Wholesale,Dambulla,38.0
2018-10-15,Tomato,Retail,Pettah,123.0
2018-10-15,Tomato,Wholesale,Pettah,87.0
2018-10-16,Tomato,Retail,Dambulla,73.0
2018-10-16,Tomato,Wholesale,Dambulla,53.0
2018-10-16,Tomato,Retail,Pettah,118.0
2018-10-16,Tomato,Wholesale,Pettah,77.0
2018-10-17,Tomato,Retail,Dambulla,73.0
2018-10-17,Tomato,Wholesale,Dambulla,55.0
2018-10-17,Tomato,Retail,Pettah,128.0
2018-10-17,Tomato,Wholesale,Pettah,88.0
2018-10-18,Tomato,Retail,Dambulla,85.0
2018-10-18,Tomato,Wholesale,Dambulla,65.0
2018-10-18,Tomato,Retail,Pettah,150.0
2018-10-18,Tomato,Wholesale,Pettah,110.0
2018-10-19,Tomato,Retail,Dambulla,85.0
2018-10-19,Tomato,Wholesale,Dambulla,65.0
2018-10-19,Tomato,Retail,Pettah,142.0
2018-10-19,Tomato,Wholesale,Pettah,96.0
2018-10-22,Tomato,Retail,Dambulla,88.0
2018-10-22,Tomato,Wholesale,Dambulla,68.0
2018-10-22,Tomato,Retail,Pettah,140.0
2018-10-22,Tomato,Wholesale,Pettah,90.0
2018-10-23,Tomato,Retail,Dambulla,100.0
2018-10-23,Tomato,Wholesale,Dambulla,80.0
2018-10-23,Tomato,Retail,Pettah,187.0
2018-10-23,Tomato,Wholesale,Pettah,147.0
2018-10-26,Tomato,Retail,Dambulla,115.0
2018-10-26,Tomato,Wholesale,Dambulla,95.0
2018-10-26,Tomato,Retail,Pettah,200.0
2018-10-26,Tomato,Wholesale,Pettah,150.0
2018-10-29,Tomato,Retail,Dambulla,165.0
2018-10-29,Tomato,Wholesale,Dambulla,145.0
2018-10-29,Tomato,Retail,Pettah,240.0
2018-10-29,Tomato,Wholesale,Pettah,193.0
2018-10-30,Tomato,Retail,Dambulla,155.0
2018-10-30,Tomato,Wholesale,Dambulla,135.0
2018-10-30,Tomato,Retail,Pettah,207.0
2018-10-30,Tomato,Wholesale,Pettah,177.0
2018-10-31,Tomato,Retail,Dambulla,135.0
2018-10-31,Tomato,Wholesale,Dambulla,115.0
2018-10-31,Tomato,Retail,Pettah,235.0
2018-10-31,Tomato,Wholesale,Pettah,183.0
2018-11-01,Tomato,Retail,Dambulla,155.0
2018-11-01,Tomato,Wholesale,Dambulla,135.0
2018-11-01,Tomato,Retail,Pettah,223.0
2018-11-01,Tomato,Wholesale,Pettah,173.0
2018-11-02,Tomato,Retail,Dambulla,135.0
2018-11-02,Tomato,Wholesale,Dambulla,115.0
2018-11-02,Tomato,Retail,Pettah,213.0
2018-11-02,Tomato,Wholesale,Pettah,145.0
2018-11-05,Tomato,Retail,Dambulla,148.0
2018-11-05,Tomato,Wholesale,Dambulla,128.0
2018-11-05,Tomato,Retail,Pettah,220.0
2018-11-05,Tomato,Wholesale,Pettah,180.0
2018-11-07,Tomato,Retail,Dambulla,175.0
2018-11-07,Tomato,Wholesale,Dambulla,155.0
2018-11-07,Tomato,Retail,Pettah,225.0
2018-11-07,Tomato,Wholesale,Pettah,177.0
2018-11-08,Tomato,Retail,Dambulla,225.0
2018-11-08,Tomato,Wholesale,Dambulla,205.0
2018-11-08,Tomato,Retail,Pettah,215.0
2018-11-08,Tomato,Wholesale,Pettah,177.0
2018-11-09,Tomato,Retail,Dambulla,195.0
2018-11-09,Tomato,Wholesale,Dambulla,175.0
2018-11-09,Tomato,Retail,Pettah,240.0
2018-11-09,Tomato,Wholesale,Pettah,177.0
2018-11-12,Tomato,Retail,Dambulla,235.0
2018-11-12,Tomato,Wholesale,Dambulla,215.0
2018-11-12,Tomato,Retail,Pettah,275.0
2018-11-12,Tomato,Wholesale,Pettah,225.0
2018-11-13,Tomato,Retail,Dambulla,265.0
2018-11-13,Tomato,Wholesale,Dambulla,245.0
2018-11-13,Tomato,Retail,Pettah,233.0
2018-11-13,Tomato,Wholesale,Pettah,177.0
2018-11-14,Tomato,Retail,Dambulla,235.0
2018-11-14,Tomato,Wholesale,Dambulla,215.0
2018-11-14,Tomato,Retail,Pettah,270.0
2018-11-14,Tomato,Wholesale,Pettah,220.0
2018-11-15,Tomato,Retail,Dambulla,215.0
2018-11-15,Tomato,Wholesale,Dambulla,195.0
2018-11-15,Tomato,Retail,Pettah,270.0
2018-11-15,Tomato,Wholesale,Pettah,210.0
2018-11-16,Tomato,Retail,Dambulla,215.0
2018-11-16,Tomato,Wholesale,Dambulla,195.0
2018-11-16,Tomato,Retail,Pettah,280.0
2018-11-16,Tomato,Wholesale,Pettah,213.0
2018-11-19,Tomato,Retail,Dambulla,195.0
2018-11-19,Tomato,Wholesale,Dambulla,175.0
2018-11-19,Tomato,Retail,Pettah,315.0
2018-11-19,Tomato,Wholesale,Pettah,270.0
2018-11-21,Tomato,Retail,Dambulla,245.0
2018-11-21,Tomato,Wholesale,Dambulla,225.0
2018-11-21,Tomato,Retail,Pettah,310.0
2018-11-21,Tomato,Wholesale,Pettah,260.0
2018-11-26,Tomato,Retail,Dambulla,235.0
2018-11-26,Tomato,Wholesale,Dambulla,215.0
2018-11-26,Tomato,Retail,Pettah,293.0
2018-11-26,Tomato,Wholesale,Pettah,253.0
2018-11-27,Tomato,Retail,Dambulla,275.0
2018-11-27,Tomato,Wholesale,Dambulla,255.0
2018-11-27,Tomato,Retail,Pettah,310.0
2018-11-27,Tomato,Wholesale,Pettah,267.0
2018-11-28,Tomato,Retail,Dambulla,265.0
2018-11-28,Tomato,Wholesale,Dambulla,245.0
2018-11-28,Tomato,Retail,Pettah,287.0
2018-11-28,Tomato,Wholesale,Pettah,253.0
2018-11-29,Tomato,Retail,Dambulla,223.0
2018-11-29,Tomato,Wholesale,Dambulla,203.0
2018-11-29,Tomato,Retail,Pettah,285.0
2018-11-29,Tomato,Wholesale,Pettah,245.0
2018-11-30,Tomato,Retail,Dambulla,235.0
2018-11-30,Tomato,Wholesale,Dambulla,215.0
2018-11-30,Tomato,Retail,Pettah,295.0
2018-11-30,Tomato,Wholesale,Pettah,220.0
2018-12-03,Tomato,Retail,Dambulla,185.0
2018-12-03,Tomato,Wholesale,Dambulla,165.0
2018-12-03,Tomato,Retail,Pettah,220.0
2018-12-03,Tomato,Wholesale,Pettah,173.0
2018-12-04,Tomato,Retail,Dambulla,165.0
2018-12-04,Tomato,Wholesale,Dambulla,145.0
2018-12-04,Tomato,Retail,Pettah,250.0
2018-12-04,Tomato,Wholesale,Pettah,210.0
2018-12-05,Tomato,Retail,Dambulla,185.0
2018-12-05,Tomato,Wholesale,Dambulla,165.0
2018-12-05,Tomato,Retail,Pettah,200.0
2018-12-05,Tomato,Wholesale,Pettah,160.0
2018-12-06,Tomato,Retail,Dambulla,185.0
2018-12-06,Tomato,Wholesale,Dambulla,165.0
2018-12-06,Tomato,Retail,Pettah,240.0
2018-12-06,Tomato,Wholesale,Pettah,197.0
2018-12-07,Tomato,Retail,Dambulla,185.0
2018-12-07,Tomato,Wholesale,Dambulla,165.0
2018-12-07,Tomato,Retail,Pettah,290.0
2018-12-07,Tomato,Wholesale,Pettah,247.0
2018-12-10,Tomato,Retail,Dambulla,245.0
2018-12-10,Tomato,Wholesale,Dambulla,225.0
2018-12-10,Tomato,Retail,Pettah,300.0
2018-12-10,Tomato,Wholesale,Pettah,250.0
2018-12-11,Tomato,Retail,Dambulla,255.0
2018-12-11,Tomato,Wholesale,Dambulla,235.0
2018-12-11,Tomato,Retail,Pettah,343.0
2018-12-11,Tomato,Wholesale,Pettah,303.0
2018-12-12,Tomato,Retail,Dambulla,245.0
2018-12-12,Tomato,Wholesale,Dambulla,225.0
2018-12-12,Tomato,Retail,Pettah,330.0
2018-12-12,Tomato,Wholesale,Pettah,280.0
2018-12-13,Tomato,Retail,Dambulla,245.0
2018-12-13,Tomato,Wholesale,Dambulla,225.0
2018-12-13,Tomato,Retail,Pettah,327.0
2018-12-13,Tomato,Wholesale,Pettah,277.0
2018-12-14,Tomato,Retail,Dambulla,255.0
2018-12-14,Tomato,Wholesale,Dambulla,235.0
2018-12-14,Tomato,Retail,Pettah,310.0
2018-12-14,Tomato,Wholesale,Pettah,280.0
2018-12-17,Tomato,Retail,Dambulla,245.0
2018-12-17,Tomato,Wholesale,Dambulla,225.0
2018-12-17,Tomato,Retail,Pettah,333.0
2018-12-17,Tomato,Wholesale,Pettah,273.0
2018-12-18,Tomato,Retail,Dambulla,245.0
2018-12-18,Tomato,Wholesale,Dambulla,225.0
2018-12-18,Tomato,Retail,Pettah,315.0
2018-12-18,Tomato,Wholesale,Pettah,273.0
2018-12-19,Tomato,Retail,Dambulla,235.0
2018-12-19,Tomato,Wholesale,Dambulla,210.0
2018-12-19,Tomato,Retail,Pettah,327.0
2018-12-19,Tomato,Wholesale,Pettah,280.0
2018-12-20,Tomato,Retail,Dambulla,185.0
2018-12-20,Tomato,Wholesale,Dambulla,165.0
2018-12-20,Tomato,Retail,Pettah,283.0
2018-12-20,Tomato,Wholesale,Pettah,233.0
2018-12-21,Tomato,Retail,Dambulla,185.0
2018-12-21,Tomato,Wholesale,Dambulla,165.0
2018-12-21,Tomato,Retail,Pettah,263.0
2018-12-21,Tomato,Wholesale,Pettah,213.0
2018-12-24,Tomato,Retail,Dambulla,135.0
2018-12-24,Tomato,Wholesale,Dambulla,115.0
2018-12-24,Tomato,Retail,Pettah,180.0
2018-12-24,Tomato,Wholesale,Pettah,140.0
2018-12-26,Tomato,Retail,Dambulla,155.0
2018-12-26,Tomato,Wholesale,Dambulla,135.0
2018-12-26,Tomato,Retail,Pettah,153.0
2018-12-26,Tomato,Wholesale,Pettah,118.0
2018-12-27,Tomato,Retail,Dambulla,123.0
2018-12-27,Tomato,Wholesale,Dambulla,103.0
2018-12-27,Tomato,Retail,Pettah,140.0
2018-12-27,Tomato,Wholesale,Pettah,107.0
2018-12-28,Tomato,Retail,Dambulla,115.0
2018-12-28,Tomato,Wholesale,Dambulla,95.0
2018-12-28,Tomato,Retail,Pettah,150.0
2018-12-28,Tomato,Wholesale,Pettah,103.0
2018-12-31,Tomato,Retail,Dambulla,123.0
2018-12-31,Tomato,Wholesale,Dambulla,103.0
2018-12-31,Tomato,Retail,Pettah,117.0
2018-12-31,Tomato,Wholesale,Pettah,90.0
2019-01-01,Tomato,Retail,Dambulla,88.0
2019-01-01,Tomato,Wholesale,Dambulla,68.0
2019-01-01,Tomato,Retail,Pettah,100.0
2019-01-01,Tomato,Wholesale,Pettah,80.0
2019-01-02,Tomato,Retail,Dambulla,78.0
2019-01-02,Tomato,Wholesale,Dambulla,58.0
2019-01-02,Tomato,Retail,Pettah,110.0
2019-01-02,Tomato,Wholesale,Pettah,83.0
2019-01-03,Tomato,Retail,Dambulla,85.0
2019-01-03,Tomato,Wholesale,Dambulla,65.0
2019-01-03,Tomato,Retail,Pettah,103.0
2019-01-03,Tomato,Wholesale,Pettah,83.0
2019-01-04,Tomato,Retail,Dambulla,78.0
2019-01-04,Tomato,Wholesale,Dambulla,58.0
2019-01-04,Tomato,Retail,Pettah,110.0
2019-01-04,Tomato,Wholesale,Pettah,87.0
2019-01-07,Tomato,Retail,Dambulla,73.0
2019-01-07,Tomato,Wholesale,Dambulla,53.0
2019-01-07,Tomato,Retail,Pettah,98.0
2019-01-07,Tomato,Wholesale,Pettah,68.0
2019-01-08,Tomato,Retail,Dambulla,95.0
2019-01-08,Tomato,Wholesale,Dambulla,75.0
2019-01-08,Tomato,Retail,Pettah,110.0
2019-01-08,Tomato,Wholesale,Pettah,103.0
2019-01-09,Tomato,Retail,Dambulla,73.0
2019-01-09,Tomato,Wholesale,Dambulla,53.0
2019-01-09,Tomato,Retail,Pettah,110.0
2019-01-09,Tomato,Wholesale,Pettah,75.0
2019-01-10,Tomato,Retail,Dambulla,78.0
2019-01-10,Tomato,Wholesale,Dambulla,58.0
2019-01-10,Tomato,Retail,Pettah,93.0
2019-01-10,Tomato,Wholesale,Pettah,68.0
2019-01-11,Tomato,Retail,Dambulla,78.0
2019-01-11,Tomato,Wholesale,Dambulla,58.0
2019-01-11,Tomato,Retail,Pettah,110.0
2019-01-11,Tomato,Wholesale,Pettah,72.0
2019-01-14,Tomato,Retail,Dambulla,85.0
2019-01-14,Tomato,Wholesale,Dambulla,65.0
2019-01-14,Tomato,Retail,Pettah,107.0
2019-01-14,Tomato,Wholesale,Pettah,77.0
2019-01-16,Tomato,Retail,Dambulla,83.0
2019-01-16,Tomato,Wholesale,Dambulla,63.0
2019-01-16,Tomato,Retail,Pettah,127.0
2019-01-16,Tomato,Wholesale,Pettah,83.0
2019-01-21,Tomato,Retail,Dambulla,75.0
2019-01-21,Tomato,Wholesale,Dambulla,55.0
2019-01-21,Tomato,Retail,Pettah,100.0
2019-01-21,Tomato,Wholesale,Pettah,70.0
2019-01-22,Tomato,Retail,Dambulla,68.0
2019-01-22,Tomato,Wholesale,Dambulla,48.0
2019-01-22,Tomato,Retail,Pettah,80.0
2019-01-22,Tomato,Wholesale,Pettah,53.0
2019-01-24,Tomato,Retail,Dambulla,58.0
2019-01-24,Tomato,Wholesale,Dambulla,38.0
2019-01-24,Tomato,Retail,Pettah,80.0
2019-01-24,Tomato,Wholesale,Pettah,50.0
2019-01-25,Tomato,Retail,Dambulla,83.0
2019-01-25,Tomato,Wholesale,Dambulla,63.0
2019-01-25,Tomato,Retail,Pettah,80.0
2019-01-25,Tomato,Wholesale,Pettah,46.0
2019-01-28,Tomato,Retail,Dambulla,68.0
2019-01-28,Tomato,Wholesale,Dambulla,48.0
2019-01-28,Tomato,Retail,Pettah,77.0
2019-01-28,Tomato,Wholesale,Pettah,43.0
2019-01-29,Tomato,Retail,Dambulla,73.0
2019-01-29,Tomato,Wholesale,Dambulla,53.0
2019-01-29,Tomato,Retail,Pettah,87.0
2019-01-29,Tomato,Wholesale,Pettah,57.0
2019-01-30,Tomato,Retail,Dambulla,63.0
2019-01-30,Tomato,Wholesale,Dambulla,43.0
2019-01-30,Tomato,Retail,Pettah,90.0
2019-01-30,Tomato,Wholesale,Pettah,57.0
2019-01-31,Tomato,Retail,Dambulla,53.0
2019-01-31,Tomato,Wholesale,Dambulla,33.0
2019-01-31,Tomato,Retail,Pettah,83.0
2019-01-31,Tomato,Wholesale,Pettah,67.0
2019-02-01,Tomato,Retail,Dambulla,53.0
2019-02-01,Tomato,Wholesale,Dambulla,33.0
2019-02-01,Tomato,Retail,Pettah,83.0
2019-02-01,Tomato,Wholesale,Pettah,45.0
2019-02-05,Tomato,Retail,Dambulla,68.0
2019-02-05,Tomato,Wholesale,Dambulla,48.0
2019-02-05,Tomato,Retail,Pettah,100.0
2019-02-05,Tomato,Wholesale,Pettah,68.0
2019-02-06,Tomato,Retail,Dambulla,58.0
2019-02-06,Tomato,Wholesale,Dambulla,38.0
2019-02-06,Tomato,Retail,Pettah,80.0
2019-02-06,Tomato,Wholesale,Pettah,50.0
2019-02-07,Tomato,Retail,Dambulla,63.0
2019-02-07,Tomato,Wholesale,Dambulla,43.0
2019-02-07,Tomato,Retail,Pettah,70.0
2019-02-07,Tomato,Wholesale,Pettah,50.0
2019-02-08,Tomato,Retail,Dambulla,58.0
2019-02-08,Tomato,Wholesale,Dambulla,38.0
2019-02-08,Tomato,Retail,Pettah,73.0
2019-02-08,Tomato,Wholesale,Pettah,40.0
2019-02-11,Tomato,Retail,Dambulla,53.0
2019-02-11,Tomato,Wholesale,Dambulla,33.0
2019-02-11,Tomato,Retail,Pettah,70.0
2019-02-11,Tomato,Wholesale,Pettah,40.0
2019-02-12,Tomato,Retail,Dambulla,58.0
2019-02-12,Tomato,Wholesale,Dambulla,38.0
2019-02-12,Tomato,Retail,Pettah,75.0
2019-02-12,Tomato,Wholesale,Pettah,40.0
2019-02-13,Tomato,Retail,Dambulla,58.0
2019-02-13,Tomato,Wholesale,Dambulla,38.0
2019-02-13,Tomato,Retail,Pettah,80.0
2019-02-13,Tomato,Wholesale,Pettah,40.0
2019-02-14,Tomato,Retail,Dambulla,58.0
2019-02-14,Tomato,Wholesale,Dambulla,38.0
2019-02-14,Tomato,Retail,Pettah,75.0
2019-02-14,Tomato,Wholesale,Pettah,40.0
2019-02-15,Tomato,Retail,Dambulla,53.0
2019-02-15,Tomato,Wholesale,Dambulla,33.0
2019-02-15,Tomato,Retail,Pettah,75.0
2019-02-15,Tomato,Wholesale,Pettah,35.0
2019-02-18,Tomato,Retail,Dambulla,53.0
2019-02-18,Tomato,Wholesale,Dambulla,33.0
2019-02-18,Tomato,Retail,Pettah,75.0
2019-02-18,Tomato,Wholesale,Pettah,40.0
2019-02-20,Tomato,Retail,Dambulla,53.0
2019-02-20,Tomato,Wholesale,Dambulla,33.0
2019-02-20,Tomato,Retail,Pettah,75.0
2019-02-20,Tomato,Wholesale,Pettah,40.0
2019-02-21,Tomato,Retail,Dambulla,53.0
2019-02-21,Tomato,Wholesale,Dambulla,33.0
2019-02-21,Tomato,Retail,Pettah,65.0
2019-02-21,Tomato,Wholesale,Pettah,40.0
2019-02-22,Tomato,Retail,Dambulla,58.0
2019-02-22,Tomato,Wholesale,Dambulla,38.0
2019-02-22,Tomato,Retail,Pettah,85.0
2019-02-22,Tomato,Wholesale,Pettah,35.0
2019-02-25,Tomato,Retail,Dambulla,58.0
2019-02-25,Tomato,Wholesale,Dambulla,38.0
2019-02-25,Tomato,Retail,Pettah,90.0
2019-02-25,Tomato,Wholesale,Pettah,45.0
2019-02-26,Tomato,Retail,Dambulla,53.0
2019-02-26,Tomato,Wholesale,Dambulla,33.0
2019-02-26,Tomato,Retail,Pettah,80.0
2019-02-26,Tomato,Wholesale,Pettah,45.0
2019-02-27,Tomato,Retail,Dambulla,53.0
2019-02-27,Tomato,Wholesale,Dambulla,33.0
2019-02-27,Tomato,Retail,Pettah,80.0
2019-02-27,Tomato,Wholesale,Pettah,45.0
2019-02-28,Tomato,Retail,Dambulla,53.0
2019-02-28,Tomato,Wholesale,Dambulla,33.0
2019-02-28,Tomato,Retail,Pettah,80.0
2019-02-28,Tomato,Wholesale,Pettah,45.0
2019-03-01,Tomato,Retail,Dambulla,53.0
2019-03-01,Tomato,Wholesale,Dambulla,33.0
2019-03-01,Tomato,Retail,Pettah,83.0
2019-03-01,Tomato,Wholesale,Pettah,36.0
2019-03-05,Tomato,Retail,Dambulla,53.0
2019-03-05,Tomato,Wholesale,Dambulla,33.0
2019-03-05,Tomato,Retail,Pettah,75.0
2019-03-05,Tomato,Wholesale,Pettah,30.0
2019-03-06,Tomato,Retail,Dambulla,48.0
2019-03-06,Tomato,Wholesale,Dambulla,28.0
2019-03-06,Tomato,Retail,Pettah,75.0
2019-03-06,Tomato,Wholesale,Pettah,35.0
2019-03-07,Tomato,Retail,Dambulla,51.0
2019-03-07,Tomato,Wholesale,Dambulla,31.0
2019-03-07,Tomato,Retail,Pettah,75.0
2019-03-07,Tomato,Wholesale,Pettah,35.0
2019-03-08,Tomato,Retail,Dambulla,54.0
2019-03-08,Tomato,Wholesale,Dambulla,34.0
2019-03-08,Tomato,Retail,Pettah,80.0
2019-03-08,Tomato,Wholesale,Pettah,40.0
2019-03-11,Tomato,Retail,Dambulla,55.0
2019-03-11,Tomato,Wholesale,Dambulla,35.0
2019-03-11,Tomato,Retail,Pettah,70.0
2019-03-11,Tomato,Wholesale,Pettah,35.0
2019-03-12,Tomato,Retail,Dambulla,53.0
2019-03-12,Tomato,Wholesale,Dambulla,33.0
2019-03-12,Tomato,Retail,Pettah,75.0
2019-03-12,Tomato,Wholesale,Pettah,35.0
2019-03-13,Tomato,Retail,Dambulla,48.0
2019-03-13,Tomato,Wholesale,Dambulla,28.0
2019-03-13,Tomato,Retail,Pettah,75.0
2019-03-13,Tomato,Wholesale,Pettah,35.0
2019-03-14,Tomato,Retail,Dambulla,48.0
2019-03-14,Tomato,Wholesale,Dambulla,28.0
2019-03-14,Tomato,Retail,Pettah,70.0
2019-03-14,Tomato,Wholesale,Pettah,40.0
2019-03-15,Tomato,Retail,Dambulla,43.0
2019-03-15,Tomato,Wholesale,Dambulla,23.0
2019-03-15,Tomato,Retail,Pettah,65.0
2019-03-15,Tomato,Wholesale,Pettah,38.0
2019-03-18,Tomato,Retail,Dambulla,48.0
2019-03-18,Tomato,Wholesale,Dambulla,28.0
2019-03-18,Tomato,Retail,Pettah,80.0
2019-03-18,Tomato,Wholesale,Pettah,50.0
2019-03-19,Tomato,Retail,Dambulla,48.0
2019-03-19,Tomato,Wholesale,Dambulla,28.0
2019-03-19,Tomato,Retail,Pettah,75.0
2019-03-19,Tomato,Wholesale,Pettah,50.0
2019-03-21,Tomato,Retail,Dambulla,44.0
2019-03-21,Tomato,Wholesale,Dambulla,24.0
2019-03-21,Tomato,Retail,Pettah,75.0
2019-03-21,Tomato,Wholesale,Pettah,45.0
2019-03-22,Tomato,Retail,Dambulla,48.0
2019-03-22,Tomato,Wholesale,Dambulla,28.0
2019-03-22,Tomato,Retail,Pettah,75.0
2019-03-22,Tomato,Wholesale,Pettah,45.0
2019-03-25,Tomato,Retail,Dambulla,48.0
2019-03-25,Tomato,Wholesale,Dambulla,28.0
2019-03-25,Tomato,Retail,Pettah,75.0
2019-03-25,Tomato,Wholesale,Pettah,45.0
2019-03-26,Tomato,Retail,Dambulla,48.0
2019-03-26,Tomato,Wholesale,Dambulla,28.0
2019-03-26,Tomato,Retail,Pettah,75.0
2019-03-26,Tomato,Wholesale,Pettah,45.0
2019-03-27,Tomato,Retail,Dambulla,53.0
2019-03-27,Tomato,Wholesale,Dambulla,33.0
2019-03-27,Tomato,Retail,Pettah,75.0
2019-03-27,Tomato,Wholesale,Pettah,45.0
2019-03-28,Tomato,Retail,Dambulla,51.0
2019-03-28,Tomato,Wholesale,Dambulla,31.0
2019-03-28,Tomato,Retail,Pettah,75.0
2019-03-28,Tomato,Wholesale,Pettah,45.0
2019-03-29,Tomato,Retail,Dambulla,53.0
2019-03-29,Tomato,Wholesale,Dambulla,33.0
2019-03-29,Tomato,Retail,Pettah,70.0
2019-03-29,Tomato,Wholesale,Pettah,43.0
2019-04-01,Tomato,Retail,Dambulla,63.0
2019-04-01,Tomato,Wholesale,Dambulla,43.0
2019-04-01,Tomato,Retail,Pettah,70.0
2019-04-01,Tomato,Wholesale,Pettah,40.0
2019-04-02,Tomato,Retail,Dambulla,53.0
2019-04-02,Tomato,Wholesale,Dambulla,33.0
2019-04-02,Tomato,Retail,Pettah,65.0
2019-04-02,Tomato,Wholesale,Pettah,40.0
2019-04-03,Tomato,Retail,Dambulla,50.0
2019-04-03,Tomato,Wholesale,Dambulla,30.0
2019-04-03,Tomato,Retail,Pettah,65.0
2019-04-03,Tomato,Wholesale,Pettah,40.0
2019-04-04,Tomato,Retail,Dambulla,48.0
2019-04-04,Tomato,Wholesale,Dambulla,28.0
2019-04-04,Tomato,Retail,Pettah,65.0
2019-04-04,Tomato,Wholesale,Pettah,40.0
2019-04-05,Tomato,Retail,Dambulla,48.0
2019-04-05,Tomato,Wholesale,Dambulla,28.0
2019-04-05,Tomato,Retail,Pettah,60.0
2019-04-05,Tomato,Wholesale,Pettah,40.0
2019-04-08,Tomato,Retail,Dambulla,55.0
2019-04-08,Tomato,Wholesale,Dambulla,35.0
2019-04-08,Tomato,Retail,Pettah,75.0
2019-04-08,Tomato,Wholesale,Pettah,43.0
2019-04-09,Tomato,Retail,Dambulla,53.0
2019-04-09,Tomato,Wholesale,Dambulla,33.0
2019-04-09,Tomato,Retail,Pettah,70.0
2019-04-09,Tomato,Wholesale,Pettah,40.0
2019-04-10,Tomato,Retail,Dambulla,95.0
2019-04-10,Tomato,Wholesale,Dambulla,75.0
2019-04-10,Tomato,Retail,Pettah,135.0
2019-04-10,Tomato,Wholesale,Pettah,100.0
2019-04-11,Tomato,Retail,Dambulla,115.0
2019-04-11,Tomato,Wholesale,Dambulla,95.0
2019-04-11,Tomato,Retail,Pettah,135.0
2019-04-11,Tomato,Wholesale,Pettah,100.0
2019-04-12,Tomato,Retail,Dambulla,105.0
2019-04-12,Tomato,Wholesale,Dambulla,85.0
2019-04-12,Tomato,Retail,Pettah,135.0
2019-04-12,Tomato,Wholesale,Pettah,100.0
2019-04-16,Tomato,Retail,Dambulla,
2019-04-16,Tomato,Wholesale,Dambulla,
2019-04-16,Tomato,Retail,Pettah,160.0
2019-04-16,Tomato,Wholesale,Pettah,120.0
2019-04-17,Tomato,Retail,Dambulla,
2019-04-17,Tomato,Wholesale,Dambulla,
2019-04-17,Tomato,Retail,Pettah,135.0
2019-04-17,Tomato,Wholesale,Pettah,100.0
2019-04-18,Tomato,Retail,Dambulla,53.0
2019-04-18,Tomato,Wholesale,Dambulla,33.0
2019-04-18,Tomato,Retail,Pettah,80.0
2019-04-18,Tomato,Wholesale,Pettah,50.0
2019-04-22,Tomato,Retail,Dambulla,53.0
2019-04-22,Tomato,Wholesale,Dambulla,33.0
2019-04-22,Tomato,Retail,Pettah,
2019-04-22,Tomato,Wholesale,Pettah,
2019-04-23,Tomato,Retail,Dambulla,45.0
2019-04-23,Tomato,Wholesale,Dambulla,25.0
2019-04-23,Tomato,Retail,Pettah,100.0
2019-04-23,Tomato,Wholesale,Pettah,70.0
2019-04-24,Tomato,Retail,Dambulla,63.0
2019-04-24,Tomato,Wholesale,Dambulla,43.0
2019-04-24,Tomato,Retail,Pettah,120.0
2019-04-24,Tomato,Wholesale,Pettah,85.0
2019-04-25,Tomato,Retail,Dambulla,65.0
2019-04-25,Tomato,Wholesale,Dambulla,45.0
2019-04-25,Tomato,Retail,Pettah,100.0
2019-04-25,Tomato,Wholesale,Pettah,60.0
2019-04-26,Tomato,Retail,Dambulla,65.0
2019-04-26,Tomato,Wholesale,Dambulla,45.0
2019-04-26,Tomato,Retail,Pettah,100.0
2019-04-26,Tomato,Wholesale,Pettah,60.0
2019-04-29,Tomato,Retail,Dambulla,65.0
2019-04-29,Tomato,Wholesale,Dambulla,45.0
2019-04-29,Tomato,Retail,Pettah,120.0
2019-04-29,Tomato,Wholesale,Pettah,80.0
2019-04-30,Tomato,Retail,Dambulla,79.0
2019-04-30,Tomato,Wholesale,Dambulla,55.0
2019-04-30,Tomato,Retail,Pettah,100.0
2019-04-30,Tomato,Wholesale,Pettah,75.0
2019-05-02,Tomato,Retail,Dambulla,88.0
2019-05-02,Tomato,Wholesale,Dambulla,68.0
2019-05-02,Tomato,Retail,Pettah,100.0
2019-05-02,Tomato,Wholesale,Pettah,75.0
2019-05-03,Tomato,Retail,Dambulla,95.0
2019-05-03,Tomato,Wholesale,Dambulla,75.0
2019-05-03,Tomato,Retail,Pettah,90.0
2019-05-03,Tomato,Wholesale,Pettah,55.0
2019-05-06,Tomato,Retail,Dambulla,88.0
2019-05-06,Tomato,Wholesale,Dambulla,68.0
2019-05-06,Tomato,Retail,Pettah,140.0
2019-05-06,Tomato,Wholesale,Pettah,100.0
2019-05-07,Tomato,Retail,Dambulla,98.0
2019-05-07,Tomato,Wholesale,Dambulla,78.0
2019-05-07,Tomato,Retail,Pettah,130.0
2019-05-07,Tomato,Wholesale,Pettah,90.0
2019-05-08,Tomato,Retail,Dambulla,103.0
2019-05-08,Tomato,Wholesale,Dambulla,83.0
2019-05-08,Tomato,Retail,Pettah,120.0
2019-05-08,Tomato,Wholesale,Pettah,90.0
2019-05-09,Tomato,Retail,Dambulla,95.0
2019-05-09,Tomato,Wholesale,Dambulla,75.0
2019-05-09,Tomato,Retail,Pettah,120.0
2019-05-09,Tomato,Wholesale,Pettah,90.0
2019-05-10,Tomato,Retail,Dambulla,108.0
2019-05-10,Tomato,Wholesale,Dambulla,88.0
2019-05-10,Tomato,Retail,Pettah,140.0
2019-05-10,Tomato,Wholesale,Pettah,100.0
2019-05-13,Tomato,Retail,Dambulla,115.0
2019-05-13,Tomato,Wholesale,Dambulla,95.0
2019-05-13,Tomato,Retail,Pettah,120.0
2019-05-13,Tomato,Wholesale,Pettah,100.0
2019-05-14,Tomato,Retail,Dambulla,115.0
2019-05-14,Tomato,Wholesale,Dambulla,95.0
2019-05-14,Tomato,Retail,Pettah,130.0
2019-05-14,Tomato,Wholesale,Pettah,100.0
2019-05-15,Tomato,Retail,Dambulla,95.0
2019-05-15,Tomato,Wholesale,Dambulla,75.0
2019-05-15,Tomato,Retail,Pettah,130.0
2019-05-15,Tomato,Wholesale,Pettah,100.0
2019-05-16,Tomato,Retail,Dambulla,103.0
2019-05-16,Tomato,Wholesale,Dambulla,83.0
2019-05-16,Tomato,Retail,Pettah,130.0
2019-05-16,Tomato,Wholesale,Pettah,100.0
2019-05-17,Tomato,Retail,Dambulla,105.0
2019-05-17,Tomato,Wholesale,Dambulla,85.0
2019-05-17,Tomato,Retail,Pettah,130.0
2019-05-17,Tomato,Wholesale,Pettah,90.0
2019-05-21,Tomato,Retail,Dambulla,105.0
2019-05-21,Tomato,Wholesale,Dambulla,85.0
2019-05-21,Tomato,Retail,Pettah,140.0
2019-05-21,Tomato,Wholesale,Pettah,100.0
2019-05-22,Tomato,Retail,Dambulla,68.0
2019-05-22,Tomato,Wholesale,Dambulla,48.0
2019-05-22,Tomato,Retail,Pettah,140.0
2019-05-22,Tomato,Wholesale,Pettah,100.0
2019-05-23,Tomato,Retail,Dambulla,83.0
2019-05-23,Tomato,Wholesale,Dambulla,63.0
2019-05-23,Tomato,Retail,Pettah,110.0
2019-05-23,Tomato,Wholesale,Pettah,75.0
2019-05-24,Tomato,Retail,Dambulla,85.0
2019-05-24,Tomato,Wholesale,Dambulla,65.0
2019-05-24,Tomato,Retail,Pettah,110.0
2019-05-24,Tomato,Wholesale,Pettah,70.0
2019-05-27,Tomato,Retail,Dambulla,88.0
2019-05-27,Tomato,Wholesale,Dambulla,68.0
2019-05-27,Tomato,Retail,Pettah,120.0
2019-05-27,Tomato,Wholesale,Pettah,70.0
2019-05-28,Tomato,Retail,Dambulla,78.0
2019-05-28,Tomato,Wholesale,Dambulla,58.0
2019-05-28,Tomato,Retail,Pettah,120.0
2019-05-28,Tomato,Wholesale,Pettah,75.0
2019-05-29,Tomato,Retail,Dambulla,78.0
2019-05-29,Tomato,Wholesale,Dambulla,58.0
2019-05-29,Tomato,Retail,Pettah,120.0
2019-05-29,Tomato,Wholesale,Pettah,80.0
2019-05-30,Tomato,Retail,Dambulla,75.0
2019-05-30,Tomato,Wholesale,Dambulla,55.0
2019-05-30,Tomato,Retail,Pettah,110.0
2019-05-30,Tomato,Wholesale,Pettah,75.0
2019-05-31,Tomato,Retail,Dambulla,58.0
2019-05-31,Tomato,Wholesale,Dambulla,38.0
2019-05-31,Tomato,Retail,Pettah,100.0
2019-05-31,Tomato,Wholesale,Pettah,65.0
2019-06-03,Tomato,Retail,Dambulla,55.0
2019-06-03,Tomato,Wholesale,Dambulla,35.0
2019-06-03,Tomato,Retail,Pettah,80.0
2019-06-03,Tomato,Wholesale,Pettah,40.0
2019-06-04,Tomato,Retail,Dambulla,61.0
2019-06-04,Tomato,Wholesale,Dambulla,41.0
2019-06-04,Tomato,Retail,Pettah,
2019-06-04,Tomato,Wholesale,Pettah,
2019-06-06,Tomato,Retail,Dambulla,58.0
2019-06-06,Tomato,Wholesale,Dambulla,38.0
2019-06-06,Tomato,Retail,Pettah,80.0
2019-06-06,Tomato,Wholesale,Pettah,45.0
2019-06-07,Tomato,Retail,Dambulla,38.0
2019-06-07,Tomato,Wholesale,Dambulla,18.0
2019-06-07,Tomato,Retail,Pettah,80.0
2019-06-07,Tomato,Wholesale,Pettah,40.0
2019-06-10,Tomato,Retail,Dambulla,53.0
2019-06-10,Tomato,Wholesale,Dambulla,33.0
2019-06-10,Tomato,Retail,Pettah,75.0
2019-06-10,Tomato,Wholesale,Pettah,40.0
2019-06-11,Tomato,Retail,Dambulla,48.0
2019-06-11,Tomato,Wholesale,Dambulla,28.0
2019-06-11,Tomato,Retail,Pettah,70.0
2019-06-11,Tomato,Wholesale,Pettah,40.0
2019-06-12,Tomato,Retail,Dambulla,43.0
2019-06-12,Tomato,Wholesale,Dambulla,23.0
2019-06-12,Tomato,Retail,Pettah,70.0
2019-06-12,Tomato,Wholesale,Pettah,50.0
2019-06-13,Tomato,Retail,Dambulla,54.0
2019-06-13,Tomato,Wholesale,Dambulla,34.0
2019-06-13,Tomato,Retail,Pettah,80.0
2019-06-13,Tomato,Wholesale,Pettah,50.0
2019-06-14,Tomato,Retail,Dambulla,48.0
2019-06-14,Tomato,Wholesale,Dambulla,28.0
2019-06-14,Tomato,Retail,Pettah,60.0
2019-06-14,Tomato,Wholesale,Pettah,40.0
2019-06-17,Tomato,Retail,Dambulla,43.0
2019-06-17,Tomato,Wholesale,Dambulla,23.0
2019-06-17,Tomato,Retail,Pettah,80.0
2019-06-17,Tomato,Wholesale,Pettah,50.0
2019-06-18,Tomato,Retail,Dambulla,58.0
2019-06-18,Tomato,Wholesale,Dambulla,38.0
2019-06-18,Tomato,Retail,Pettah,80.0
2019-06-18,Tomato,Wholesale,Pettah,50.0
2019-06-19,Tomato,Retail,Dambulla,53.0
2019-06-19,Tomato,Wholesale,Dambulla,33.0
2019-06-19,Tomato,Retail,Pettah,80.0
2019-06-19,Tomato,Wholesale,Pettah,50.0
2019-06-20,Tomato,Retail,Dambulla,48.0
2019-06-20,Tomato,Wholesale,Dambulla,28.0
2019-06-20,Tomato,Retail,Pettah,80.0
2019-06-20,Tomato,Wholesale,Pettah,50.0
2019-06-21,Tomato,Retail,Dambulla,48.0
2019-06-21,Tomato,Wholesale,Dambulla,29.0
2019-06-21,Tomato,Retail,Pettah,80.0
2019-06-21,Tomato,Wholesale,Pettah,50.0
2019-06-24,Tomato,Retail,Dambulla,48.0
2019-06-24,Tomato,Wholesale,Dambulla,28.0
2019-06-24,Tomato,Retail,Pettah,60.0
2019-06-24,Tomato,Wholesale,Pettah,30.0
2019-06-25,Tomato,Retail,Dambulla,58.0
2019-06-25,Tomato,Wholesale,Dambulla,38.0
2019-06-25,Tomato,Retail,Pettah,60.0
2019-06-25,Tomato,Wholesale,Pettah,30.0
2019-06-26,Tomato,Retail,Dambulla,48.0
2019-06-26,Tomato,Wholesale,Dambulla,28.0
2019-06-26,Tomato,Retail,Pettah,60.0
2019-06-26,Tomato,Wholesale,Pettah,30.0
2019-06-27,Tomato,Retail,Dambulla,58.0
2019-06-27,Tomato,Wholesale,Dambulla,38.0
2019-06-27,Tomato,Retail,Pettah,65.0
2019-06-27,Tomato,Wholesale,Pettah,35.0
2019-06-28,Tomato,Retail,Dambulla,53.0
2019-06-28,Tomato,Wholesale,Dambulla,33.0
2019-06-28,Tomato,Retail,Pettah,65.0
2019-06-28,Tomato,Wholesale,Pettah,35.0
2019-07-01,Tomato,Retail,Dambulla,75.0
2019-07-01,Tomato,Wholesale,Dambulla,55.0
2019-07-01,Tomato,Retail,Pettah,110.0
2019-07-01,Tomato,Wholesale,Pettah,75.0
2019-07-02,Tomato,Retail,Dambulla,88.0
2019-07-02,Tomato,Wholesale,Dambulla,68.0
2019-07-02,Tomato,Retail,Pettah,100.0
2019-07-02,Tomato,Wholesale,Pettah,60.0
2019-07-03,Tomato,Retail,Dambulla,78.0
2019-07-03,Tomato,Wholesale,Dambulla,58.0
2019-07-03,Tomato,Retail,Pettah,100.0
2019-07-03,Tomato,Wholesale,Pettah,60.0
2019-07-04,Tomato,Retail,Dambulla,83.0
2019-07-04,Tomato,Wholesale,Dambulla,63.0
2019-07-04,Tomato,Retail,Pettah,100.0
2019-07-04,Tomato,Wholesale,Pettah,60.0
2019-07-05,Tomato,Retail,Dambulla,58.0
2019-07-05,Tomato,Wholesale,Dambulla,38.0
2019-07-05,Tomato,Retail,Pettah,95.0
2019-07-05,Tomato,Wholesale,Pettah,55.0
2019-07-08,Tomato,Retail,Dambulla,63.0
2019-07-08,Tomato,Wholesale,Dambulla,43.0
2019-07-08,Tomato,Retail,Pettah,90.0
2019-07-08,Tomato,Wholesale,Pettah,50.0
2019-07-09,Tomato,Retail,Dambulla,58.0
2019-07-09,Tomato,Wholesale,Dambulla,38.0
2019-07-09,Tomato,Retail,Pettah,80.0
2019-07-09,Tomato,Wholesale,Pettah,55.0
2019-07-10,Tomato,Retail,Dambulla,68.0
2019-07-10,Tomato,Wholesale,Dambulla,48.0
2019-07-10,Tomato,Retail,Pettah,80.0
2019-07-10,Tomato,Wholesale,Pettah,50.0
2019-07-11,Tomato,Retail,Dambulla,65.0
2019-07-11,Tomato,Wholesale,Dambulla,45.0
2019-07-11,Tomato,Retail,Pettah,80.0
2019-07-11,Tomato,Wholesale,Pettah,50.0
2019-07-12,Tomato,Retail,Dambulla,53.0
2019-07-12,Tomato,Wholesale,Dambulla,33.0
2019-07-12,Tomato,Retail,Pettah,80.0
2019-07-12,Tomato,Wholesale,Pettah,50.0
2019-07-15,Tomato,Retail,Dambulla,68.0
2019-07-15,Tomato,Wholesale,Dambulla,48.0
2019-07-15,Tomato,Retail,Pettah,95.0
2019-07-15,Tomato,Wholesale,Pettah,65.0
2019-07-17,Tomato,Retail,Dambulla,58.0
2019-07-17,Tomato,Wholesale,Dambulla,38.0
2019-07-17,Tomato,Retail,Pettah,100.0
2019-07-17,Tomato,Wholesale,Pettah,60.0
2019-07-18,Tomato,Retail,Dambulla,73.0
2019-07-18,Tomato,Wholesale,Dambulla,53.0
2019-07-18,Tomato,Retail,Pettah,100.0
2019-07-18,Tomato,Wholesale,Pettah,70.0
2019-07-19,Tomato,Retail,Dambulla,68.0
2019-07-19,Tomato,Wholesale,Dambulla,48.0
2019-07-19,Tomato,Retail,Pettah,100.0
2019-07-19,Tomato,Wholesale,Pettah,70.0
2019-07-22,Tomato,Retail,Dambulla,80.0
2019-07-22,Tomato,Wholesale,Dambulla,60.0
2019-07-22,Tomato,Retail,Pettah,90.0
2019-07-22,Tomato,Wholesale,Pettah,55.0
2019-07-23,Tomato,Retail,Dambulla,78.0
2019-07-23,Tomato,Wholesale,Dambulla,58.0
2019-07-23,Tomato,Retail,Pettah,90.0
2019-07-23,Tomato,Wholesale,Pettah,55.0
2019-07-24,Tomato,Retail,Dambulla,68.0
2019-07-24,Tomato,Wholesale,Dambulla,48.0
2019-07-24,Tomato,Retail,Pettah,90.0
2019-07-24,Tomato,Wholesale,Pettah,55.0
2019-07-25,Tomato,Retail,Dambulla,93.0
2019-07-25,Tomato,Wholesale,Dambulla,73.0
2019-07-25,Tomato,Retail,Pettah,80.0
2019-07-25,Tomato,Wholesale,Pettah,55.0
2019-07-26,Tomato,Retail,Dambulla,73.0
2019-07-26,Tomato,Wholesale,Dambulla,53.0
2019-07-26,Tomato,Retail,Pettah,75.0
2019-07-26,Tomato,Wholesale,Pettah,45.0
2019-07-29,Tomato,Retail,Dambulla,88.0
2019-07-29,Tomato,Wholesale,Dambulla,68.0
2019-07-29,Tomato,Retail,Pettah,80.0
2019-07-29,Tomato,Wholesale,Pettah,55.0
2019-07-30,Tomato,Retail,Dambulla,98.0
2019-07-30,Tomato,Wholesale,Dambulla,78.0
2019-07-30,Tomato,Retail,Pettah,80.0
2019-07-30,Tomato,Wholesale,Pettah,55.0
2019-07-31,Tomato,Retail,Dambulla,93.0
2019-07-31,Tomato,Wholesale,Dambulla,73.0
2019-07-31,Tomato,Retail,Pettah,80.0
2019-07-31,Tomato,Wholesale,Pettah,55.0
2019-08-01,Tomato,Retail,Dambulla,83.0
2019-08-01,Tomato,Wholesale,Dambulla,63.0
2019-08-01,Tomato,Retail,Pettah,75.0
2019-08-01,Tomato,Wholesale,Pettah,50.0
2019-08-02,Tomato,Retail,Dambulla,83.0
2019-08-02,Tomato,Wholesale,Dambulla,63.0
2019-08-02,Tomato,Retail,Pettah,80.0
2019-08-02,Tomato,Wholesale,Pettah,50.0
2019-08-05,Tomato,Retail,Dambulla,93.0
2019-08-05,Tomato,Wholesale,Dambulla,73.0
2019-08-05,Tomato,Retail,Pettah,100.0
2019-08-05,Tomato,Wholesale,Pettah,90.0
2019-08-06,Tomato,Retail,Dambulla,83.0
2019-08-06,Tomato,Wholesale,Dambulla,63.0
2019-08-06,Tomato,Retail,Pettah,100.0
2019-08-06,Tomato,Wholesale,Pettah,70.0
2019-08-07,Tomato,Retail,Dambulla,103.0
2019-08-07,Tomato,Wholesale,Dambulla,83.0
2019-08-07,Tomato,Retail,Pettah,100.0
2019-08-07,Tomato,Wholesale,Pettah,70.0
2019-08-08,Tomato,Retail,Dambulla,95.0
2019-08-08,Tomato,Wholesale,Dambulla,75.0
2019-08-08,Tomato,Retail,Pettah,100.0
2019-08-08,Tomato,Wholesale,Pettah,65.0
2019-08-09,Tomato,Retail,Dambulla,93.0
2019-08-09,Tomato,Wholesale,Dambulla,73.0
2019-08-09,Tomato,Retail,Pettah,120.0
2019-08-09,Tomato,Wholesale,Pettah,90.0
2019-08-13,Tomato,Retail,Dambulla,108.0
2019-08-13,Tomato,Wholesale,Dambulla,88.0
2019-08-13,Tomato,Retail,Pettah,100.0
2019-08-13,Tomato,Wholesale,Pettah,70.0
2019-08-15,Tomato,Retail,Dambulla,98.0
2019-08-15,Tomato,Wholesale,Dambulla,78.0
2019-08-15,Tomato,Retail,Pettah,100.0
2019-08-15,Tomato,Wholesale,Pettah,70.0
2019-08-16,Tomato,Retail,Dambulla,103.0
2019-08-16,Tomato,Wholesale,Dambulla,83.0
2019-08-16,Tomato,Retail,Pettah,100.0
2019-08-16,Tomato,Wholesale,Pettah,70.0
2019-08-19,Tomato,Retail,Dambulla,115.0
2019-08-19,Tomato,Wholesale,Dambulla,95.0
2019-08-19,Tomato,Retail,Pettah,115.0
2019-08-19,Tomato,Wholesale,Pettah,80.0
2019-08-20,Tomato,Retail,Dambulla,108.0
2019-08-20,Tomato,Wholesale,Dambulla,88.0
2019-08-20,Tomato,Retail,Pettah,115.0
2019-08-20,Tomato,Wholesale,Pettah,85.0
2019-08-21,Tomato,Retail,Dambulla,108.0
2019-08-21,Tomato,Wholesale,Dambulla,88.0
2019-08-21,Tomato,Retail,Pettah,115.0
2019-08-21,Tomato,Wholesale,Pettah,80.0
2019-08-22,Tomato,Retail,Dambulla,103.0
2019-08-22,Tomato,Wholesale,Dambulla,83.0
2019-08-22,Tomato,Retail,Pettah,100.0
2019-08-22,Tomato,Wholesale,Pettah,70.0
2019-08-23,Tomato,Retail,Dambulla,98.0
2019-08-23,Tomato,Wholesale,Dambulla,78.0
2019-08-23,Tomato,Retail,Pettah,100.0
2019-08-23,Tomato,Wholesale,Pettah,70.0
2019-08-26,Tomato,Retail,Dambulla,103.0
2019-08-26,Tomato,Wholesale,Dambulla,83.0
2019-08-26,Tomato,Retail,Pettah,120.0
2019-08-26,Tomato,Wholesale,Pettah,80.0
2019-08-27,Tomato,Retail,Dambulla,108.0
2019-08-27,Tomato,Wholesale,Dambulla,88.0
2019-08-27,Tomato,Retail,Pettah,120.0
2019-08-27,Tomato,Wholesale,Pettah,80.0
2019-08-28,Tomato,Retail,Dambulla,103.0
2019-08-28,Tomato,Wholesale,Dambulla,83.0
2019-08-28,Tomato,Retail,Pettah,120.0
2019-08-28,Tomato,Wholesale,Pettah,80.0
2019-08-29,Tomato,Retail,Dambulla,108.0
2019-08-29,Tomato,Wholesale,Dambulla,88.0
2019-08-29,Tomato,Retail,Pettah,120.0
2019-08-29,Tomato,Wholesale,Pettah,80.0
2019-08-30,Tomato,Retail,Dambulla,103.0
2019-08-30,Tomato,Wholesale,Dambulla,83.0
2019-08-30,Tomato,Retail,Pettah,120.0
2019-08-30,Tomato,Wholesale,Pettah,80.0
2019-09-02,Tomato,Retail,Dambulla,113.0
2019-09-02,Tomato,Wholesale,Dambulla,93.0
2019-09-02,Tomato,Retail,Pettah,120.0
2019-09-02,Tomato,Wholesale,Pettah,80.0
2019-09-03,Tomato,Retail,Dambulla,95.0
2019-09-03,Tomato,Wholesale,Dambulla,75.0
2019-09-03,Tomato,Retail,Pettah,120.0
2019-09-03,Tomato,Wholesale,Pettah,80.0
2019-09-04,Tomato,Retail,Dambulla,98.0
2019-09-04,Tomato,Wholesale,Dambulla,78.0
2019-09-04,Tomato,Retail,Pettah,120.0
2019-09-04,Tomato,Wholesale,Pettah,80.0
2019-09-05,Tomato,Retail,Dambulla,70.0
2019-09-05,Tomato,Wholesale,Dambulla,50.0
2019-09-05,Tomato,Retail,Pettah,120.0
2019-09-05,Tomato,Wholesale,Pettah,80.0
2019-09-06,Tomato,Retail,Dambulla,64.0
2019-09-06,Tomato,Wholesale,Dambulla,44.0
2019-09-06,Tomato,Retail,Pettah,120.0
2019-09-06,Tomato,Wholesale,Pettah,80.0
2019-09-09,Tomato,Retail,Dambulla,80.0
2019-09-09,Tomato,Wholesale,Dambulla,65.0
2019-09-09,Tomato,Retail,Pettah,100.0
2019-09-09,Tomato,Wholesale,Pettah,75.0
2019-09-10,Tomato,Retail,Dambulla,68.0
2019-09-10,Tomato,Wholesale,Dambulla,48.0
2019-09-10,Tomato,Retail,Pettah,90.0
2019-09-10,Tomato,Wholesale,Pettah,60.0
2019-09-11,Tomato,Retail,Dambulla,80.0
2019-09-11,Tomato,Wholesale,Dambulla,60.0
2019-09-11,Tomato,Retail,Pettah,100.0
2019-09-11,Tomato,Wholesale,Pettah,60.0
2019-09-12,Tomato,Retail,Dambulla,68.0
2019-09-12,Tomato,Wholesale,Dambulla,48.0
2019-09-12,Tomato,Retail,Pettah,80.0
2019-09-12,Tomato,Wholesale,Pettah,60.0
2019-09-16,Tomato,Retail,Dambulla,98.0
2019-09-16,Tomato,Wholesale,Dambulla,78.0
2019-09-16,Tomato,Retail,Pettah,100.0
2019-09-16,Tomato,Wholesale,Pettah,70.0
2019-09-17,Tomato,Retail,Dambulla,88.0
2019-09-17,Tomato,Wholesale,Dambulla,68.0
2019-09-17,Tomato,Retail,Pettah,100.0
2019-09-17,Tomato,Wholesale,Pettah,65.0
2019-09-18,Tomato,Retail,Dambulla,98.0
2019-09-18,Tomato,Wholesale,Dambulla,78.0
2019-09-18,Tomato,Retail,Pettah,100.0
2019-09-18,Tomato,Wholesale,Pettah,70.0
2019-09-19,Tomato,Retail,Dambulla,108.0
2019-09-19,Tomato,Wholesale,Dambulla,88.0
2019-09-19,Tomato,Retail,Pettah,140.0
2019-09-19,Tomato,Wholesale,Pettah,100.0
2019-09-20,Tomato,Retail,Dambulla,123.0
2019-09-20,Tomato,Wholesale,Dambulla,103.0
2019-09-20,Tomato,Retail,Pettah,140.0
2019-09-20,Tomato,Wholesale,Pettah,110.0
2019-09-24,Tomato,Retail,Dambulla,115.0
2019-09-24,Tomato,Wholesale,Dambulla,95.0
2019-09-24,Tomato,Retail,Pettah,120.0
2019-09-24,Tomato,Wholesale,Pettah,85.0
2019-09-25,Tomato,Retail,Dambulla,115.0
2019-09-25,Tomato,Wholesale,Dambulla,95.0
2019-09-25,Tomato,Retail,Pettah,120.0
2019-09-25,Tomato,Wholesale,Pettah,80.0
2019-09-26,Tomato,Retail,Dambulla,95.0
2019-09-26,Tomato,Wholesale,Dambulla,75.0
2019-09-26,Tomato,Retail,Pettah,140.0
2019-09-26,Tomato,Wholesale,Pettah,100.0
2019-09-27,Tomato,Retail,Dambulla,98.0
2019-09-27,Tomato,Wholesale,Dambulla,78.0
2019-09-27,Tomato,Retail,Pettah,140.0
2019-09-27,Tomato,Wholesale,Pettah,100.0
2019-09-30,Tomato,Retail,Dambulla,115.0
2019-09-30,Tomato,Wholesale,Dambulla,95.0
2019-09-30,Tomato,Retail,Pettah,140.0
2019-09-30,Tomato,Wholesale,Pettah,100.0
2019-10-02,Tomato,Retail,Dambulla,128.0
2019-10-02,Tomato,Wholesale,Dambulla,108.0
2019-10-02,Tomato,Retail,Pettah,140.0
2019-10-02,Tomato,Wholesale,Pettah,100.0
2019-10-03,Tomato,Retail,Dambulla,125.0
2019-10-03,Tomato,Wholesale,Dambulla,105.0
2019-10-03,Tomato,Retail,Pettah,140.0
2019-10-03,Tomato,Wholesale,Pettah,100.0
2019-10-04,Tomato,Retail,Dambulla,125.0
2019-10-04,Tomato,Wholesale,Dambulla,105.0
2019-10-04,Tomato,Retail,Pettah,140.0
2019-10-04,Tomato,Wholesale,Pettah,100.0
2019-10-07,Tomato,Retail,Dambulla,125.0
2019-10-07,Tomato,Wholesale,Dambulla,105.0
2019-10-07,Tomato,Retail,Pettah,140.0
2019-10-07,Tomato,Wholesale,Pettah,100.0
2019-10-08,Tomato,Retail,Dambulla,115.0
2019-10-08,Tomato,Wholesale,Dambulla,95.0
2019-10-08,Tomato,Retail,Pettah,140.0
2019-10-08,Tomato,Wholesale,Pettah,100.0
2019-10-09,Tomato,Retail,Dambulla,118.0
2019-10-09,Tomato,Wholesale,Dambulla,98.0
2019-10-09,Tomato,Retail,Pettah,140.0
2019-10-09,Tomato,Wholesale,Pettah,100.0
2019-10-10,Tomato,Retail,Dambulla,115.0
2019-10-10,Tomato,Wholesale,Dambulla,95.0
2019-10-10,Tomato,Retail,Pettah,140.0
2019-10-10,Tomato,Wholesale,Pettah,100.0
2019-10-11,Tomato,Retail,Dambulla,85.0
2019-10-11,Tomato,Wholesale,Dambulla,65.0
2019-10-11,Tomato,Retail,Pettah,140.0
2019-10-11,Tomato,Wholesale,Pettah,100.0
2019-10-14,Tomato,Retail,Dambulla,110.0
2019-10-14,Tomato,Wholesale,Dambulla,95.0
2019-10-14,Tomato,Retail,Pettah,140.0
2019-10-14,Tomato,Wholesale,Pettah,100.0
2019-10-15,Tomato,Retail,Dambulla,115.0
2019-10-15,Tomato,Wholesale,Dambulla,95.0
2019-10-15,Tomato,Retail,Pettah,140.0
2019-10-15,Tomato,Wholesale,Pettah,100.0
2019-10-16,Tomato,Retail,Dambulla,125.0
2019-10-16,Tomato,Wholesale,Dambulla,105.0
2019-10-16,Tomato,Retail,Pettah,150.0
2019-10-16,Tomato,Wholesale,Pettah,120.0
2019-10-17,Tomato,Retail,Dambulla,115.0
2019-10-17,Tomato,Wholesale,Dambulla,95.0
2019-10-17,Tomato,Retail,Pettah,150.0
2019-10-17,Tomato,Wholesale,Pettah,120.0
2019-10-18,Tomato,Retail,Dambulla,115.0
2019-10-18,Tomato,Wholesale,Dambulla,95.0
2019-10-18,Tomato,Retail,Pettah,150.0
2019-10-18,Tomato,Wholesale,Pettah,120.0
2019-10-21,Tomato,Retail,Dambulla,103.0
2019-10-21,Tomato,Wholesale,Dambulla,83.0
2019-10-21,Tomato,Retail,Pettah,160.0
2019-10-21,Tomato,Wholesale,Pettah,120.0
2019-10-22,Tomato,Retail,Dambulla,108.0
2019-10-22,Tomato,Wholesale,Dambulla,88.0
2019-10-22,Tomato,Retail,Pettah,160.0
2019-10-22,Tomato,Wholesale,Pettah,120.0
2019-10-23,Tomato,Retail,Dambulla,108.0
2019-10-23,Tomato,Wholesale,Dambulla,88.0
2019-10-23,Tomato,Retail,Pettah,150.0
2019-10-23,Tomato,Wholesale,Pettah,110.0
2019-10-24,Tomato,Retail,Dambulla,98.0
2019-10-24,Tomato,Wholesale,Dambulla,78.0
2019-10-24,Tomato,Retail,Pettah,160.0
2019-10-24,Tomato,Wholesale,Pettah,120.0
2019-10-25,Tomato,Retail,Dambulla,108.0
2019-10-25,Tomato,Wholesale,Dambulla,88.0
2019-10-25,Tomato,Retail,Pettah,160.0
2019-10-25,Tomato,Wholesale,Pettah,120.0
2019-10-28,Tomato,Retail,Dambulla,125.0
2019-10-28,Tomato,Wholesale,Dambulla,105.0
2019-10-28,Tomato,Retail,Pettah,160.0
2019-10-28,Tomato,Wholesale,Pettah,120.0
2019-10-29,Tomato,Retail,Dambulla,115.0
2019-10-29,Tomato,Wholesale,Dambulla,95.0
2019-10-29,Tomato,Retail,Pettah,170.0
2019-10-29,Tomato,Wholesale,Pettah,125.0
2019-10-30,Tomato,Retail,Dambulla,108.0
2019-10-30,Tomato,Wholesale,Dambulla,88.0
2019-10-30,Tomato,Retail,Pettah,170.0
2019-10-30,Tomato,Wholesale,Pettah,125.0
2019-10-31,Tomato,Retail,Dambulla,123.0
2019-10-31,Tomato,Wholesale,Dambulla,103.0
2019-10-31,Tomato,Retail,Pettah,170.0
2019-10-31,Tomato,Wholesale,Pettah,125.0
2019-11-01,Tomato,Retail,Dambulla,123.0
2019-11-01,Tomato,Wholesale,Dambulla,103.0
2019-11-01,Tomato,Retail,Pettah,170.0
2019-11-01,Tomato,Wholesale,Pettah,125.0
2019-11-02,Tomato,Retail,Dambulla,113.0
2019-11-02,Tomato,Wholesale,Dambulla,93.0
2019-11-02,Tomato,Retail,Pettah,170.0
2019-11-02,Tomato,Wholesale,Pettah,130.0
2019-11-05,Tomato,Retail,Dambulla,105.0
2019-11-05,Tomato,Wholesale,Dambulla,85.0
2019-11-05,Tomato,Retail,Pettah,160.0
2019-11-05,Tomato,Wholesale,Pettah,120.0
2019-11-06,Tomato,Retail,Dambulla,85.0
2019-11-06,Tomato,Wholesale,Dambulla,65.0
2019-11-06,Tomato,Retail,Pettah,160.0
2019-11-06,Tomato,Wholesale,Pettah,120.0
2019-11-07,Tomato,Retail,Dambulla,78.0
2019-11-07,Tomato,Wholesale,Dambulla,58.0
2019-11-07,Tomato,Retail,Pettah,160.0
2019-11-07,Tomato,Wholesale,Pettah,120.0
2019-11-08,Tomato,Retail,Dambulla,75.0
2019-11-08,Tomato,Wholesale,Dambulla,55.0
2019-11-08,Tomato,Retail,Pettah,160.0
2019-11-08,Tomato,Wholesale,Pettah,120.0
2019-11-13,Tomato,Retail,Dambulla,78.0
2019-11-13,Tomato,Wholesale,Dambulla,58.0
2019-11-13,Tomato,Retail,Pettah,110.0
2019-11-13,Tomato,Wholesale,Pettah,65.0
2019-11-14,Tomato,Retail,Dambulla,65.0
2019-11-14,Tomato,Wholesale,Dambulla,45.0
2019-11-14,Tomato,Retail,Pettah,100.0
2019-11-14,Tomato,Wholesale,Pettah,60.0
2019-11-15,Tomato,Retail,Dambulla,63.0
2019-11-15,Tomato,Wholesale,Dambulla,43.0
2019-11-15,Tomato,Retail,Pettah,100.0
2019-11-15,Tomato,Wholesale,Pettah,60.0
2019-11-18,Tomato,Retail,Dambulla,73.0
2019-11-18,Tomato,Wholesale,Dambulla,53.0
2019-11-18,Tomato,Retail,Pettah,90.0
2019-11-18,Tomato,Wholesale,Pettah,55.0
2019-11-19,Tomato,Retail,Dambulla,63.0
2019-11-19,Tomato,Wholesale,Dambulla,43.0
2019-11-19,Tomato,Retail,Pettah,100.0
2019-11-19,Tomato,Wholesale,Pettah,55.0
2019-11-20,Tomato,Retail,Dambulla,85.0
2019-11-20,Tomato,Wholesale,Dambulla,65.0
2019-11-20,Tomato,Retail,Pettah,90.0
2019-11-20,Tomato,Wholesale,Pettah,55.0
2019-11-21,Tomato,Retail,Dambulla,55.0
2019-11-21,Tomato,Wholesale,Dambulla,35.0
2019-11-21,Tomato,Retail,Pettah,90.0
2019-11-21,Tomato,Wholesale,Pettah,55.0
2019-11-22,Tomato,Retail,Dambulla,73.0
2019-11-22,Tomato,Wholesale,Dambulla,53.0
2019-11-22,Tomato,Retail,Pettah,80.0
2019-11-22,Tomato,Wholesale,Pettah,50.0
2019-11-25,Tomato,Retail,Dambulla,73.0
2019-11-25,Tomato,Wholesale,Dambulla,53.0
2019-11-25,Tomato,Retail,Pettah,90.0
2019-11-25,Tomato,Wholesale,Pettah,55.0
2019-11-26,Tomato,Retail,Dambulla,75.0
2019-11-26,Tomato,Wholesale,Dambulla,58.0
2019-11-26,Tomato,Retail,Pettah,80.0
2019-11-26,Tomato,Wholesale,Pettah,50.0
2019-11-27,Tomato,Retail,Dambulla,68.0
2019-11-27,Tomato,Wholesale,Dambulla,48.0
2019-11-27,Tomato,Retail,Pettah,80.0
2019-11-27,Tomato,Wholesale,Pettah,50.0
2019-11-28,Tomato,Retail,Dambulla,85.0
2019-11-28,Tomato,Wholesale,Dambulla,65.0
2019-11-28,Tomato,Retail,Pettah,80.0
2019-11-28,Tomato,Wholesale,Pettah,50.0
2019-11-29,Tomato,Retail,Dambulla,88.0
2019-11-29,Tomato,Wholesale,Dambulla,68.0
2019-11-29,Tomato,Retail,Pettah,80.0
2019-11-29,Tomato,Wholesale,Pettah,45.0
2019-12-02,Tomato,Retail,Dambulla,83.0
2019-12-02,Tomato,Wholesale,Dambulla,63.0
2019-12-02,Tomato,Retail,Pettah,80.0
2019-12-02,Tomato,Wholesale,Pettah,50.0
2019-12-03,Tomato,Retail,Dambulla,83.0
2019-12-03,Tomato,Wholesale,Dambulla,63.0
2019-12-03,Tomato,Retail,Pettah,80.0
2019-12-03,Tomato,Wholesale,Pettah,50.0
2019-12-04,Tomato,Retail,Dambulla,83.0
2019-12-04,Tomato,Wholesale,Dambulla,63.0
2019-12-04,Tomato,Retail,Pettah,120.0
2019-12-04,Tomato,Wholesale,Pettah,80.0
2019-12-05,Tomato,Retail,Dambulla,98.0
2019-12-05,Tomato,Wholesale,Dambulla,78.0
2019-12-05,Tomato,Retail,Pettah,120.0
2019-12-05,Tomato,Wholesale,Pettah,80.0
2019-12-06,Tomato,Retail,Dambulla,125.0
2019-12-06,Tomato,Wholesale,Dambulla,105.0
2019-12-06,Tomato,Retail,Pettah,150.0
2019-12-06,Tomato,Wholesale,Pettah,85.0
2019-12-09,Tomato,Retail,Dambulla,113.0
2019-12-09,Tomato,Wholesale,Dambulla,93.0
2019-12-09,Tomato,Retail,Pettah,170.0
2019-12-09,Tomato,Wholesale,Pettah,120.0
2019-12-10,Tomato,Retail,Dambulla,113.0
2019-12-10,Tomato,Wholesale,Dambulla,93.0
2019-12-10,Tomato,Retail,Pettah,170.0
2019-12-10,Tomato,Wholesale,Pettah,140.0
2019-12-12,Tomato,Retail,Dambulla,88.0
2019-12-12,Tomato,Wholesale,Dambulla,68.0
2019-12-12,Tomato,Retail,Pettah,140.0
2019-12-12,Tomato,Wholesale,Pettah,100.0
2019-12-13,Tomato,Retail,Dambulla,108.0
2019-12-13,Tomato,Wholesale,Dambulla,88.0
2019-12-13,Tomato,Retail,Pettah,140.0
2019-12-13,Tomato,Wholesale,Pettah,100.0
2019-12-16,Tomato,Retail,Dambulla,103.0
2019-12-16,Tomato,Wholesale,Dambulla,83.0
2019-12-16,Tomato,Retail,Pettah,145.0
2019-12-16,Tomato,Wholesale,Pettah,100.0
2019-12-17,Tomato,Retail,Dambulla,105.0
2019-12-17,Tomato,Wholesale,Dambulla,85.0
2019-12-17,Tomato,Retail,Pettah,145.0
2019-12-17,Tomato,Wholesale,Pettah,100.0
2019-12-18,Tomato,Retail,Dambulla,103.0
2019-12-18,Tomato,Wholesale,Dambulla,83.0
2019-12-18,Tomato,Retail,Pettah,145.0
2019-12-18,Tomato,Wholesale,Pettah,100.0
2019-12-19,Tomato,Retail,Dambulla,83.0
2019-12-19,Tomato,Wholesale,Dambulla,63.0
2019-12-19,Tomato,Retail,Pettah,145.0
2019-12-19,Tomato,Wholesale,Pettah,100.0
2019-12-20,Tomato,Retail,Dambulla,105.0
2019-12-20,Tomato,Wholesale,Dambulla,85.0
2019-12-20,Tomato,Retail,Pettah,145.0
2019-12-20,Tomato,Wholesale,Pettah,100.0
2019-12-23,Tomato,Retail,Dambulla,175.0
2019-12-23,Tomato,Wholesale,Dambulla,155.0
2019-12-23,Tomato,Retail,Pettah,290.0
2019-12-23,Tomato,Wholesale,Pettah,245.0
2019-12-24,Tomato,Retail,Dambulla,195.0
2019-12-24,Tomato,Wholesale,Dambulla,175.0
2019-12-24,Tomato,Retail,Pettah,280.0
2019-12-24,Tomato,Wholesale,Pettah,245.0
2019-12-26,Tomato,Retail,Dambulla,205.0
2019-12-26,Tomato,Wholesale,Dambulla,185.0
2019-12-26,Tomato,Retail,Pettah,280.0
2019-12-26,Tomato,Wholesale,Pettah,230.0
2019-12-27,Tomato,Retail,Dambulla,175.0
2019-12-27,Tomato,Wholesale,Dambulla,155.0
2019-12-27,Tomato,Retail,Pettah,250.0
2019-12-27,Tomato,Wholesale,Pettah,200.0
2019-12-30,Tomato,Retail,Dambulla,165.0
2019-12-30,Tomato,Wholesale,Dambulla,145.0
2019-12-30,Tomato,Retail,Pettah,200.0
2019-12-30,Tomato,Wholesale,Pettah,150.0
2019-12-31,Tomato,Retail,Dambulla,173.0
2019-12-31,Tomato,Wholesale,Dambulla,153.0
2019-12-31,Tomato,Retail,Pettah,120.0
2019-12-31,Tomato,Wholesale,Pettah,90.0
2020-01-01,Tomato,Retail,Dambulla,125.0
2020-01-01,Tomato,Wholesale,Dambulla,105.0
2020-01-01,Tomato,Retail,Pettah,150.0
2020-01-01,Tomato,Wholesale,Pettah,100.0
2020-01-02,Tomato,Retail,Dambulla,115.0
2020-01-02,Tomato,Wholesale,Dambulla,95.0
2020-01-02,Tomato,Retail,Pettah,150.0
2020-01-02,Tomato,Wholesale,Pettah,100.0
2020-01-03,Tomato,Retail,Dambulla,185.0
2020-01-03,Tomato,Wholesale,Dambulla,165.0
2020-01-03,Tomato,Retail,Pettah,190.0
2020-01-03,Tomato,Wholesale,Pettah,140.0
2020-01-06,Tomato,Retail,Dambulla,165.0
2020-01-06,Tomato,Wholesale,Dambulla,145.0
2020-01-06,Tomato,Retail,Pettah,190.0
2020-01-06,Tomato,Wholesale,Pettah,140.0
2020-01-07,Tomato,Retail,Dambulla,153.0
2020-01-07,Tomato,Wholesale,Dambulla,133.0
2020-01-07,Tomato,Retail,Pettah,190.0
2020-01-07,Tomato,Wholesale,Pettah,140.0
2020-01-08,Tomato,Retail,Dambulla,175.0
2020-01-08,Tomato,Wholesale,Dambulla,155.0
2020-01-08,Tomato,Retail,Pettah,175.0
2020-01-08,Tomato,Wholesale,Pettah,130.0
2020-01-09,Tomato,Retail,Dambulla,225.0
2020-01-09,Tomato,Wholesale,Dambulla,205.0
2020-01-09,Tomato,Retail,Pettah,210.0
2020-01-09,Tomato,Wholesale,Pettah,160.0
2020-01-13,Tomato,Retail,Dambulla,273.0
2020-01-13,Tomato,Wholesale,Dambulla,253.0
2020-01-13,Tomato,Retail,Pettah,290.0
2020-01-13,Tomato,Wholesale,Pettah,220.0
2020-01-14,Tomato,Retail,Dambulla,295.0
2020-01-14,Tomato,Wholesale,Dambulla,275.0
2020-01-14,Tomato,Retail,Pettah,280.0
2020-01-14,Tomato,Wholesale,Pettah,220.0
2020-01-16,Tomato,Retail,Dambulla,295.0
2020-01-16,Tomato,Wholesale,Dambulla,275.0
2020-01-16,Tomato,Retail,Pettah,400.0
2020-01-16,Tomato,Wholesale,Pettah,350.0
2020-01-17,Tomato,Retail,Dambulla,293.0
2020-01-17,Tomato,Wholesale,Dambulla,273.0
2020-01-17,Tomato,Retail,Pettah,400.0
2020-01-17,Tomato,Wholesale,Pettah,350.0
2020-01-20,Tomato,Retail,Dambulla,365.0
2020-01-20,Tomato,Wholesale,Dambulla,345.0
2020-01-20,Tomato,Retail,Pettah,390.0
2020-01-20,Tomato,Wholesale,Pettah,350.0
2020-01-21,Tomato,Retail,Dambulla,335.0
2020-01-21,Tomato,Wholesale,Dambulla,315.0
2020-01-21,Tomato,Retail,Pettah,400.0
2020-01-21,Tomato,Wholesale,Pettah,350.0
2020-01-22,Tomato,Retail,Dambulla,345.0
2020-01-22,Tomato,Wholesale,Dambulla,325.0
2020-01-22,Tomato,Retail,Pettah,390.0
2020-01-22,Tomato,Wholesale,Pettah,330.0
2020-01-23,Tomato,Retail,Dambulla,335.0
2020-01-23,Tomato,Wholesale,Dambulla,315.0
2020-01-23,Tomato,Retail,Pettah,380.0
2020-01-23,Tomato,Wholesale,Pettah,330.0
2020-01-24,Tomato,Retail,Dambulla,350.0
2020-01-24,Tomato,Wholesale,Dambulla,330.0
2020-01-24,Tomato,Retail,Pettah,350.0
2020-01-24,Tomato,Wholesale,Pettah,300.0
2020-01-27,Tomato,Retail,Dambulla,355.0
2020-01-27,Tomato,Wholesale,Dambulla,335.0
2020-01-27,Tomato,Retail,Pettah,460.0
2020-01-27,Tomato,Wholesale,Pettah,400.0
2020-01-28,Tomato,Retail,Dambulla,380.0
2020-01-28,Tomato,Wholesale,Dambulla,360.0
2020-01-28,Tomato,Retail,Pettah,440.0
2020-01-28,Tomato,Wholesale,Pettah,390.0
2020-01-29,Tomato,Retail,Dambulla,405.0
2020-01-29,Tomato,Wholesale,Dambulla,385.0
2020-01-29,Tomato,Retail,Pettah,400.0
2020-01-29,Tomato,Wholesale,Pettah,355.0
2020-01-30,Tomato,Retail,Dambulla,350.0
2020-01-30,Tomato,Wholesale,Dambulla,335.0
2020-01-30,Tomato,Retail,Pettah,380.0
2020-01-30,Tomato,Wholesale,Pettah,330.0
2020-01-31,Tomato,Retail,Dambulla,375.0
2020-01-31,Tomato,Wholesale,Dambulla,355.0
2020-01-31,Tomato,Retail,Pettah,390.0
2020-01-31,Tomato,Wholesale,Pettah,350.0
2020-02-03,Tomato,Retail,Dambulla,375.0
2020-02-03,Tomato,Wholesale,Dambulla,355.0
2020-02-03,Tomato,Retail,Pettah,430.0
2020-02-03,Tomato,Wholesale,Pettah,380.0
2020-02-05,Tomato,Retail,Dambulla,375.0
2020-02-05,Tomato,Wholesale,Dambulla,355.0
2020-02-05,Tomato,Retail,Pettah,400.0
2020-02-05,Tomato,Wholesale,Pettah,350.0
2020-02-06,Tomato,Retail,Dambulla,253.0
2020-02-06,Tomato,Wholesale,Dambulla,233.0
2020-02-06,Tomato,Retail,Pettah,400.0
2020-02-06,Tomato,Wholesale,Pettah,350.0
2020-02-07,Tomato,Retail,Dambulla,235.0
2020-02-07,Tomato,Wholesale,Dambulla,215.0
2020-02-07,Tomato,Retail,Pettah,400.0
2020-02-07,Tomato,Wholesale,Pettah,350.0
2020-02-10,Tomato,Retail,Dambulla,273.0
2020-02-10,Tomato,Wholesale,Dambulla,253.0
2020-02-10,Tomato,Retail,Pettah,350.0
2020-02-10,Tomato,Wholesale,Pettah,300.0
2020-02-11,Tomato,Retail,Dambulla,303.0
2020-02-11,Tomato,Wholesale,Dambulla,283.0
2020-02-11,Tomato,Retail,Pettah,375.0
2020-02-11,Tomato,Wholesale,Pettah,325.0
2020-02-12,Tomato,Retail,Dambulla,315.0
2020-02-12,Tomato,Wholesale,Dambulla,295.0
2020-02-12,Tomato,Retail,Pettah,350.0
2020-02-12,Tomato,Wholesale,Pettah,300.0
2020-02-13,Tomato,Retail,Dambulla,275.0
2020-02-13,Tomato,Wholesale,Dambulla,255.0
2020-02-13,Tomato,Retail,Pettah,350.0
2020-02-13,Tomato,Wholesale,Pettah,300.0
2020-02-14,Tomato,Retail,Dambulla,265.0
2020-02-14,Tomato,Wholesale,Dambulla,245.0
2020-02-14,Tomato,Retail,Pettah,350.0
2020-02-14,Tomato,Wholesale,Pettah,300.0
2020-02-17,Tomato,Retail,Dambulla,255.0
2020-02-17,Tomato,Wholesale,Dambulla,235.0
2020-02-17,Tomato,Retail,Pettah,335.0
2020-02-17,Tomato,Wholesale,Pettah,290.0
2020-02-18,Tomato,Retail,Dambulla,195.0
2020-02-18,Tomato,Wholesale,Dambulla,175.0
2020-02-18,Tomato,Retail,Pettah,220.0
2020-02-18,Tomato,Wholesale,Pettah,180.0
2020-02-19,Tomato,Retail,Dambulla,115.0
2020-02-19,Tomato,Wholesale,Dambulla,95.0
2020-02-19,Tomato,Retail,Pettah,200.0
2020-02-19,Tomato,Wholesale,Pettah,150.0
2020-02-20,Tomato,Retail,Dambulla,113.0
2020-02-20,Tomato,Wholesale,Dambulla,93.0
2020-02-20,Tomato,Retail,Pettah,140.0
2020-02-20,Tomato,Wholesale,Pettah,100.0
2020-02-25,Tomato,Retail,Dambulla,145.0
2020-02-25,Tomato,Wholesale,Dambulla,125.0
2020-02-25,Tomato,Retail,Pettah,200.0
2020-02-25,Tomato,Wholesale,Pettah,150.0
2020-02-26,Tomato,Retail,Dambulla,115.0
2020-02-26,Tomato,Wholesale,Dambulla,95.0
2020-02-26,Tomato,Retail,Pettah,190.0
2020-02-26,Tomato,Wholesale,Pettah,140.0
2020-02-27,Tomato,Retail,Dambulla,145.0
2020-02-27,Tomato,Wholesale,Dambulla,125.0
2020-02-27,Tomato,Retail,Pettah,190.0
2020-02-27,Tomato,Wholesale,Pettah,140.0
2020-02-28,Tomato,Retail,Dambulla,148.0
2020-02-28,Tomato,Wholesale,Dambulla,128.0
2020-02-28,Tomato,Retail,Pettah,190.0
2020-02-28,Tomato,Wholesale,Pettah,140.0
2020-03-02,Tomato,Retail,Dambulla,135.0
2020-03-02,Tomato,Wholesale,Dambulla,115.0
2020-03-02,Tomato,Retail,Pettah,190.0
2020-03-02,Tomato,Wholesale,Pettah,145.0
2020-03-03,Tomato,Retail,Dambulla,143.0
2020-03-03,Tomato,Wholesale,Dambulla,123.0
2020-03-03,Tomato,Retail,Pettah,180.0
2020-03-03,Tomato,Wholesale,Pettah,140.0
2020-03-04,Tomato,Retail,Dambulla,115.0
2020-03-04,Tomato,Wholesale,Dambulla,95.0
2020-03-04,Tomato,Retail,Pettah,180.0
2020-03-04,Tomato,Wholesale,Pettah,140.0
2020-03-05,Tomato,Retail,Dambulla,115.0
2020-03-05,Tomato,Wholesale,Dambulla,95.0
2020-03-05,Tomato,Retail,Pettah,145.0
2020-03-05,Tomato,Wholesale,Pettah,120.0
2020-03-06,Tomato,Retail,Dambulla,110.0
2020-03-06,Tomato,Wholesale,Dambulla,90.0
2020-03-06,Tomato,Retail,Pettah,140.0
2020-03-06,Tomato,Wholesale,Pettah,115.0
2020-03-10,Tomato,Retail,Dambulla,78.0
2020-03-10,Tomato,Wholesale,Dambulla,58.0
2020-03-10,Tomato,Retail,Pettah,120.0
2020-03-10,Tomato,Wholesale,Pettah,80.0
2020-03-11,Tomato,Retail,Dambulla,88.0
2020-03-11,Tomato,Wholesale,Dambulla,68.0
2020-03-11,Tomato,Retail,Pettah,120.0
2020-03-11,Tomato,Wholesale,Pettah,80.0
2020-03-12,Tomato,Retail,Dambulla,79.0
2020-03-12,Tomato,Wholesale,Dambulla,59.0
2020-03-12,Tomato,Retail,Pettah,120.0
2020-03-12,Tomato,Wholesale,Pettah,80.0
2020-03-13,Tomato,Retail,Dambulla,95.0
2020-03-13,Tomato,Wholesale,Dambulla,75.0
2020-03-13,Tomato,Retail,Pettah,120.0
2020-03-13,Tomato,Wholesale,Pettah,80.0
2020-03-17,Tomato,Retail,Dambulla,73.0
2020-03-17,Tomato,Wholesale,Dambulla,53.0
2020-03-17,Tomato,Retail,Pettah,120.0
2020-03-17,Tomato,Wholesale,Pettah,80.0
2020-03-18,Tomato,Retail,Dambulla,65.0
2020-03-18,Tomato,Wholesale,Dambulla,45.0
2020-03-18,Tomato,Retail,Pettah,120.0
2020-03-18,Tomato,Wholesale,Pettah,80.0
2020-03-19,Tomato,Retail,Dambulla,58.0
2020-03-19,Tomato,Wholesale,Dambulla,38.0
2020-03-19,Tomato,Retail,Pettah,110.0
2020-03-19,Tomato,Wholesale,Pettah,80.0
2020-03-20,Tomato,Retail,Dambulla,51.0
2020-03-20,Tomato,Wholesale,Dambulla,31.0
2020-03-20,Tomato,Retail,Pettah,120.0
2020-03-20,Tomato,Wholesale,Pettah,80.0
2020-03-23,Tomato,Retail,Dambulla,48.0
2020-03-23,Tomato,Wholesale,Dambulla,28.0
2020-03-23,Tomato,Retail,Pettah,
2020-03-23,Tomato,Wholesale,Pettah,
2020-03-24,Tomato,Retail,Dambulla,51.0
2020-03-24,Tomato,Wholesale,Dambulla,31.0
2020-03-24,Tomato,Retail,Pettah,120.0
2020-03-24,Tomato,Wholesale,Pettah,80.0
2020-03-26,Tomato,Retail,Dambulla,75.0
2020-03-26,Tomato,Wholesale,Dambulla,55.0
2020-03-26,Tomato,Retail,Pettah,220.0
2020-03-26,Tomato,Wholesale,Pettah,165.0
2020-03-27,Tomato,Retail,Dambulla,105.0
2020-03-27,Tomato,Wholesale,Dambulla,85.0
2020-03-27,Tomato,Retail,Pettah,
2020-03-27,Tomato,Wholesale,Pettah,100.0
2020-03-30,Tomato,Retail,Dambulla,58.0
2020-03-30,Tomato,Wholesale,Dambulla,38.0
2020-03-30,Tomato,Retail,Pettah,
2020-03-30,Tomato,Wholesale,Pettah,90.0
2020-03-31,Tomato,Retail,Dambulla,
2020-03-31,Tomato,Wholesale,Dambulla,
2020-03-31,Tomato,Retail,Pettah,
2020-03-31,Tomato,Wholesale,Pettah,80.0
2020-04-01,Tomato,Retail,Dambulla,53.0
2020-04-01,Tomato,Wholesale,Dambulla,33.0
2020-04-01,Tomato,Retail,Pettah,
2020-04-01,Tomato,Wholesale,Pettah,70.0
2020-04-02,Tomato,Retail,Dambulla,
2020-04-02,Tomato,Wholesale,Dambulla,23.0
2020-04-02,Tomato,Retail,Pettah,
2020-04-02,Tomato,Wholesale,Pettah,60.0
2020-04-03,Tomato,Retail,Dambulla,
2020-04-03,Tomato,Wholesale,Dambulla,23.0
2020-04-03,Tomato,Retail,Pettah,
2020-04-03,Tomato,Wholesale,Pettah,60.0
2020-04-06,Tomato,Retail,Dambulla,
2020-04-06,Tomato,Wholesale,Dambulla,
2020-04-06,Tomato,Retail,Pettah,
2020-04-06,Tomato,Wholesale,Pettah,
2020-04-08,Tomato,Retail,Dambulla,
2020-04-08,Tomato,Wholesale,Dambulla,
2020-04-08,Tomato,Retail,Pettah,
2020-04-08,Tomato,Wholesale,Pettah,
2020-04-09,Tomato,Retail,Dambulla,
2020-04-09,Tomato,Wholesale,Dambulla,
2020-04-09,Tomato,Retail,Pettah,
2020-04-09,Tomato,Wholesale,Pettah,
2020-04-21,Tomato,Retail,Dambulla,
2020-04-21,Tomato,Wholesale,Dambulla,
2020-04-21,Tomato,Retail,Pettah,
2020-04-21,Tomato,Wholesale,Pettah,
2020-04-22,Tomato,Retail,Dambulla,45.0
2020-04-22,Tomato,Wholesale,Dambulla,
2020-04-22,Tomato,Retail,Pettah,
2020-04-22,Tomato,Wholesale,Pettah,
2020-04-23,Tomato,Retail,Dambulla,48.0
2020-04-23,Tomato,Wholesale,Dambulla,
2020-04-23,Tomato,Retail,Pettah,
2020-04-23,Tomato,Wholesale,Pettah,
2020-04-24,Tomato,Retail,Dambulla,
2020-04-24,Tomato,Wholesale,Dambulla,
2020-04-24,Tomato,Retail,Pettah,
2020-04-24,Tomato,Wholesale,Pettah,
2020-04-27,Tomato,Retail,Dambulla,
2020-04-27,Tomato,Wholesale,Dambulla,
2020-04-27,Tomato,Retail,Pettah,
2020-04-27,Tomato,Wholesale,Pettah,
2020-04-28,Tomato,Retail,Dambulla,
2020-04-28,Tomato,Wholesale,Dambulla,23.0
2020-04-28,Tomato,Retail,Pettah,48.0
2020-04-28,Tomato,Wholesale,Pettah,
2020-04-29,Tomato,Retail,Dambulla,
2020-04-29,Tomato,Wholesale,Dambulla,33.0
2020-04-29,Tomato,Retail,Pettah,48.0
2020-04-29,Tomato,Wholesale,Pettah,50.0
2020-04-30,Tomato,Retail,Dambulla,
2020-04-30,Tomato,Wholesale,Dambulla,33.0
2020-04-30,Tomato,Retail,Pettah,45.0
2020-04-30,Tomato,Wholesale,Pettah,45.0
2020-05-04,Tomato,Retail,Dambulla,
2020-05-04,Tomato,Wholesale,Dambulla,38.0
2020-05-04,Tomato,Retail,Pettah,70.0
2020-05-04,Tomato,Wholesale,Pettah,45.0
2020-05-05,Tomato,Retail,Dambulla,
2020-05-05,Tomato,Wholesale,Dambulla,
2020-05-05,Tomato,Retail,Pettah,
2020-05-05,Tomato,Wholesale,Pettah,
2020-05-06,Tomato,Retail,Dambulla,
2020-05-06,Tomato,Wholesale,Dambulla,
2020-05-06,Tomato,Retail,Pettah,
2020-05-06,Tomato,Wholesale,Pettah,
2020-05-11,Tomato,Retail,Dambulla,
2020-05-11,Tomato,Wholesale,Dambulla,43.0
2020-05-11,Tomato,Retail,Pettah,70.0
2020-05-11,Tomato,Wholesale,Pettah,
2020-05-12,Tomato,Retail,Dambulla,
2020-05-12,Tomato,Wholesale,Dambulla,33.0
2020-05-12,Tomato,Retail,Pettah,60.0
2020-05-12,Tomato,Wholesale,Pettah,
2020-05-13,Tomato,Retail,Dambulla,
2020-05-13,Tomato,Wholesale,Dambulla,65.0
2020-05-13,Tomato,Retail,Pettah,60.0
2020-05-13,Tomato,Wholesale,Pettah,
2020-05-14,Tomato,Retail,Dambulla,
2020-05-14,Tomato,Wholesale,Dambulla,75.0
2020-05-14,Tomato,Retail,Pettah,60.0
2020-05-14,Tomato,Wholesale,Pettah,
2020-05-15,Tomato,Retail,Dambulla,
2020-05-15,Tomato,Wholesale,Dambulla,65.0
2020-05-15,Tomato,Retail,Pettah,70.0
2020-05-15,Tomato,Wholesale,Pettah,
2020-05-19,Tomato,Retail,Dambulla,
2020-05-19,Tomato,Wholesale,Dambulla,43.0
2020-05-19,Tomato,Retail,Pettah,
2020-05-19,Tomato,Wholesale,Pettah,
2020-05-20,Tomato,Retail,Dambulla,
2020-05-20,Tomato,Wholesale,Dambulla,58.0
2020-05-20,Tomato,Retail,Pettah,
2020-05-20,Tomato,Wholesale,Pettah,
2020-05-21,Tomato,Retail,Dambulla,
2020-05-21,Tomato,Wholesale,Dambulla,53.0
2020-05-21,Tomato,Retail,Pettah,
2020-05-21,Tomato,Wholesale,Pettah,
2020-05-22,Tomato,Retail,Dambulla,
2020-05-22,Tomato,Wholesale,Dambulla,65.0
2020-05-22,Tomato,Retail,Pettah,
2020-05-22,Tomato,Wholesale,Pettah,
2020-05-26,Tomato,Retail,Dambulla,
2020-05-26,Tomato,Wholesale,Dambulla,
2020-05-26,Tomato,Retail,Pettah,
2020-05-26,Tomato,Wholesale,Pettah,
2020-05-27,Tomato,Retail,Dambulla,
2020-05-27,Tomato,Wholesale,Dambulla,
2020-05-27,Tomato,Retail,Pettah,
2020-05-27,Tomato,Wholesale,Pettah,
2020-05-28,Tomato,Retail,Dambulla,
2020-05-28,Tomato,Wholesale,Dambulla,58.0
2020-05-28,Tomato,Retail,Pettah,
2020-05-28,Tomato,Wholesale,Pettah,
2020-05-29,Tomato,Retail,Dambulla,
2020-05-29,Tomato,Wholesale,Dambulla,73.0
2020-05-29,Tomato,Retail,Pettah,
2020-05-29,Tomato,Wholesale,Pettah,
2020-06-01,Tomato,Retail,Dambulla,120.0
2020-06-01,Tomato,Wholesale,Dambulla,83.0
2020-06-01,Tomato,Retail,Pettah,
2020-06-01,Tomato,Wholesale,Pettah,80.0
2020-06-02,Tomato,Retail,Dambulla,
2020-06-02,Tomato,Wholesale,Dambulla,
2020-06-02,Tomato,Retail,Pettah,
2020-06-02,Tomato,Wholesale,Pettah,
2020-06-03,Tomato,Retail,Dambulla,83.0
2020-06-03,Tomato,Wholesale,Dambulla,63.0
2020-06-03,Tomato,Retail,Pettah,120.0
2020-06-03,Tomato,Wholesale,Pettah,80.0
2020-06-08,Tomato,Retail,Dambulla,115.0
2020-06-08,Tomato,Wholesale,Dambulla,95.0
2020-06-08,Tomato,Retail,Pettah,170.0
2020-06-08,Tomato,Wholesale,Pettah,140.0
2020-06-09,Tomato,Retail,Dambulla,125.0
2020-06-09,Tomato,Wholesale,Dambulla,105.0
2020-06-09,Tomato,Retail,Pettah,160.0
2020-06-09,Tomato,Wholesale,Pettah,120.0
2020-06-10,Tomato,Retail,Dambulla,145.0
2020-06-10,Tomato,Wholesale,Dambulla,125.0
2020-06-10,Tomato,Retail,Pettah,150.0
2020-06-10,Tomato,Wholesale,Pettah,125.0
2020-06-11,Tomato,Retail,Dambulla,135.0
2020-06-11,Tomato,Wholesale,Dambulla,115.0
2020-06-11,Tomato,Retail,Pettah,150.0
2020-06-11,Tomato,Wholesale,Pettah,120.0
2020-06-12,Tomato,Retail,Dambulla,145.0
2020-06-12,Tomato,Wholesale,Dambulla,125.0
2020-06-12,Tomato,Retail,Pettah,150.0
2020-06-12,Tomato,Wholesale,Pettah,120.0
2020-06-15,Tomato,Retail,Dambulla,158.0
2020-06-15,Tomato,Wholesale,Dambulla,138.0
2020-06-15,Tomato,Retail,Pettah,200.0
2020-06-15,Tomato,Wholesale,Pettah,150.0
2020-06-16,Tomato,Retail,Dambulla,165.0
2020-06-16,Tomato,Wholesale,Dambulla,145.0
2020-06-16,Tomato,Retail,Pettah,200.0
2020-06-16,Tomato,Wholesale,Pettah,150.0
2020-06-17,Tomato,Retail,Dambulla,165.0
2020-06-17,Tomato,Wholesale,Dambulla,145.0
2020-06-17,Tomato,Retail,Pettah,210.0
2020-06-17,Tomato,Wholesale,Pettah,155.0
2020-06-18,Tomato,Retail,Dambulla,175.0
2020-06-18,Tomato,Wholesale,Dambulla,155.0
2020-06-18,Tomato,Retail,Pettah,170.0
2020-06-18,Tomato,Wholesale,Pettah,140.0
2020-06-19,Tomato,Retail,Dambulla,185.0
2020-06-19,Tomato,Wholesale,Dambulla,165.0
2020-06-19,Tomato,Retail,Pettah,170.0
2020-06-19,Tomato,Wholesale,Pettah,155.0
2020-06-22,Tomato,Retail,Dambulla,175.0
2020-06-22,Tomato,Wholesale,Dambulla,155.0
2020-06-22,Tomato,Retail,Pettah,200.0
2020-06-22,Tomato,Wholesale,Pettah,145.0
2020-06-23,Tomato,Retail,Dambulla,175.0
2020-06-23,Tomato,Wholesale,Dambulla,155.0
2020-06-23,Tomato,Retail,Pettah,200.0
2020-06-23,Tomato,Wholesale,Pettah,155.0
2020-06-24,Tomato,Retail,Dambulla,183.0
2020-06-24,Tomato,Wholesale,Dambulla,163.0
2020-06-24,Tomato,Retail,Pettah,200.0
2020-06-24,Tomato,Wholesale,Pettah,150.0
2020-06-25,Tomato,Retail,Dambulla,155.0
2020-06-25,Tomato,Wholesale,Dambulla,135.0
2020-06-25,Tomato,Retail,Pettah,190.0
2020-06-25,Tomato,Wholesale,Pettah,145.0
2020-06-26,Tomato,Retail,Dambulla,163.0
2020-06-26,Tomato,Wholesale,Dambulla,143.0
2020-06-26,Tomato,Retail,Pettah,200.0
2020-06-26,Tomato,Wholesale,Pettah,145.0
2020-06-30,Tomato,Retail,Dambulla,185.0
2020-06-30,Tomato,Wholesale,Dambulla,165.0
2020-06-30,Tomato,Retail,Pettah,200.0
2020-06-30,Tomato,Wholesale,Pettah,150.0
2020-07-01,Tomato,Retail,Dambulla,135.0
2020-07-01,Tomato,Wholesale,Dambulla,115.0
2020-07-01,Tomato,Retail,Pettah,200.0
2020-07-01,Tomato,Wholesale,Pettah,145.0
2020-07-02,Tomato,Retail,Dambulla,125.0
2020-07-02,Tomato,Wholesale,Dambulla,105.0
2020-07-02,Tomato,Retail,Pettah,200.0
2020-07-02,Tomato,Wholesale,Pettah,145.0
2020-07-03,Tomato,Retail,Dambulla,108.0
2020-07-03,Tomato,Wholesale,Dambulla,88.0
2020-07-03,Tomato,Retail,Pettah,135.0
2020-07-03,Tomato,Wholesale,Pettah,100.0
2020-07-06,Tomato,Retail,Dambulla,98.0
2020-07-06,Tomato,Wholesale,Dambulla,78.0
2020-07-06,Tomato,Retail,Pettah,190.0
2020-07-06,Tomato,Wholesale,Pettah,145.0
2020-07-07,Tomato,Retail,Dambulla,83.0
2020-07-07,Tomato,Wholesale,Dambulla,63.0
2020-07-07,Tomato,Retail,Pettah,175.0
2020-07-07,Tomato,Wholesale,Pettah,145.0
2020-07-08,Tomato,Retail,Dambulla,95.0
2020-07-08,Tomato,Wholesale,Dambulla,75.0
2020-07-08,Tomato,Retail,Pettah,175.0
2020-07-08,Tomato,Wholesale,Pettah,140.0
2020-07-09,Tomato,Retail,Dambulla,85.0
2020-07-09,Tomato,Wholesale,Dambulla,65.0
2020-07-09,Tomato,Retail,Pettah,175.0
2020-07-09,Tomato,Wholesale,Pettah,140.0
2020-07-10,Tomato,Retail,Dambulla,98.0
2020-07-10,Tomato,Wholesale,Dambulla,78.0
2020-07-10,Tomato,Retail,Pettah,120.0
2020-07-10,Tomato,Wholesale,Pettah,95.0
2020-07-13,Tomato,Retail,Dambulla,103.0
2020-07-13,Tomato,Wholesale,Dambulla,83.0
2020-07-13,Tomato,Retail,Pettah,120.0
2020-07-13,Tomato,Wholesale,Pettah,95.0
2020-07-14,Tomato,Retail,Dambulla,95.0
2020-07-14,Tomato,Wholesale,Dambulla,75.0
2020-07-14,Tomato,Retail,Pettah,120.0
2020-07-14,Tomato,Wholesale,Pettah,95.0
2020-07-15,Tomato,Retail,Dambulla,73.0
2020-07-15,Tomato,Wholesale,Dambulla,53.0
2020-07-15,Tomato,Retail,Pettah,120.0
2020-07-15,Tomato,Wholesale,Pettah,95.0
2020-07-16,Tomato,Retail,Dambulla,65.0
2020-07-16,Tomato,Wholesale,Dambulla,45.0
2020-07-16,Tomato,Retail,Pettah,100.0
2020-07-16,Tomato,Wholesale,Pettah,65.0
2020-07-17,Tomato,Retail,Dambulla,73.0
2020-07-17,Tomato,Wholesale,Dambulla,53.0
2020-07-17,Tomato,Retail,Pettah,100.0
2020-07-17,Tomato,Wholesale,Pettah,65.0
2020-07-20,Tomato,Retail,Dambulla,48.0
2020-07-20,Tomato,Wholesale,Dambulla,28.0
2020-07-20,Tomato,Retail,Pettah,100.0
2020-07-20,Tomato,Wholesale,Pettah,65.0
2020-07-21,Tomato,Retail,Dambulla,43.0
2020-07-21,Tomato,Wholesale,Dambulla,23.0
2020-07-21,Tomato,Retail,Pettah,100.0
2020-07-21,Tomato,Wholesale,Pettah,65.0
2020-07-22,Tomato,Retail,Dambulla,53.0
2020-07-22,Tomato,Wholesale,Dambulla,33.0
2020-07-22,Tomato,Retail,Pettah,100.0
2020-07-22,Tomato,Wholesale,Pettah,70.0
2020-07-23,Tomato,Retail,Dambulla,48.0
2020-07-23,Tomato,Wholesale,Dambulla,28.0
2020-07-23,Tomato,Retail,Pettah,95.0
2020-07-23,Tomato,Wholesale,Pettah,60.0
2020-07-24,Tomato,Retail,Dambulla,45.0
2020-07-24,Tomato,Wholesale,Dambulla,25.0
2020-07-24,Tomato,Retail,Pettah,90.0
2020-07-24,Tomato,Wholesale,Pettah,60.0
2020-07-27,Tomato,Retail,Dambulla,48.0
2020-07-27,Tomato,Wholesale,Dambulla,28.0
2020-07-27,Tomato,Retail,Pettah,80.0
2020-07-27,Tomato,Wholesale,Pettah,60.0
2020-07-28,Tomato,Retail,Dambulla,48.0
2020-07-28,Tomato,Wholesale,Dambulla,28.0
2020-07-28,Tomato,Retail,Pettah,80.0
2020-07-28,Tomato,Wholesale,Pettah,60.0
2020-07-29,Tomato,Retail,Dambulla,51.0
2020-07-29,Tomato,Wholesale,Dambulla,31.0
2020-07-29,Tomato,Retail,Pettah,70.0
2020-07-29,Tomato,Wholesale,Pettah,43.0
2020-07-30,Tomato,Retail,Dambulla,53.0
2020-07-30,Tomato,Wholesale,Dambulla,33.0
2020-07-30,Tomato,Retail,Pettah,65.0
2020-07-30,Tomato,Wholesale,Pettah,45.0
2020-07-31,Tomato,Retail,Dambulla,58.0
2020-07-31,Tomato,Wholesale,Dambulla,38.0
2020-07-31,Tomato,Retail,Pettah,67.0
2020-07-31,Tomato,Wholesale,Pettah,37.0
2020-08-04,Tomato,Retail,Dambulla,53.0
2020-08-04,Tomato,Wholesale,Dambulla,33.0
2020-08-04,Tomato,Retail,Pettah,78.0
2020-08-04,Tomato,Wholesale,Pettah,43.0
2020-08-05,Tomato,Retail,Dambulla,
2020-08-05,Tomato,Wholesale,Dambulla,
2020-08-05,Tomato,Retail,Pettah,60.0
2020-08-05,Tomato,Wholesale,Pettah,30.0
2020-08-06,Tomato,Retail,Dambulla,
2020-08-06,Tomato,Wholesale,Dambulla,
2020-08-06,Tomato,Retail,Pettah,65.0
2020-08-06,Tomato,Wholesale,Pettah,35.0
2020-08-07,Tomato,Retail,Dambulla,53.0
2020-08-07,Tomato,Wholesale,Dambulla,33.0
2020-08-07,Tomato,Retail,Pettah,80.0
2020-08-07,Tomato,Wholesale,Pettah,40.0
2020-08-10,Tomato,Retail,Dambulla,48.0
2020-08-10,Tomato,Wholesale,Dambulla,28.0
2020-08-10,Tomato,Retail,Pettah,73.0
2020-08-10,Tomato,Wholesale,Pettah,40.0
2020-08-11,Tomato,Retail,Dambulla,58.0
2020-08-11,Tomato,Wholesale,Dambulla,38.0
2020-08-11,Tomato,Retail,Pettah,68.0
2020-08-11,Tomato,Wholesale,Pettah,35.0
2020-08-12,Tomato,Retail,Dambulla,68.0
2020-08-12,Tomato,Wholesale,Dambulla,48.0
2020-08-12,Tomato,Retail,Pettah,80.0
2020-08-12,Tomato,Wholesale,Pettah,40.0
2020-08-13,Tomato,Retail,Dambulla,63.0
2020-08-13,Tomato,Wholesale,Dambulla,43.0
2020-08-13,Tomato,Retail,Pettah,70.0
2020-08-13,Tomato,Wholesale,Pettah,37.0
2020-08-14,Tomato,Retail,Dambulla,58.0
2020-08-14,Tomato,Wholesale,Dambulla,38.0
2020-08-14,Tomato,Retail,Pettah,77.0
2020-08-14,Tomato,Wholesale,Pettah,43.0
2020-08-17,Tomato,Retail,Dambulla,63.0
2020-08-17,Tomato,Wholesale,Dambulla,43.0
2020-08-17,Tomato,Retail,Pettah,80.0
2020-08-17,Tomato,Wholesale,Pettah,50.0
2020-08-18,Tomato,Retail,Dambulla,68.0
2020-08-18,Tomato,Wholesale,Dambulla,48.0
2020-08-18,Tomato,Retail,Pettah,73.0
2020-08-18,Tomato,Wholesale,Pettah,43.0
2020-08-19,Tomato,Retail,Dambulla,68.0
2020-08-19,Tomato,Wholesale,Dambulla,48.0
2020-08-19,Tomato,Retail,Pettah,77.0
2020-08-19,Tomato,Wholesale,Pettah,43.0
2020-08-20,Tomato,Retail,Dambulla,53.0
2020-08-20,Tomato,Wholesale,Dambulla,33.0
2020-08-20,Tomato,Retail,Pettah,88.0
2020-08-20,Tomato,Wholesale,Pettah,53.0
2020-08-21,Tomato,Retail,Dambulla,68.0
2020-08-21,Tomato,Wholesale,Dambulla,48.0
2020-08-21,Tomato,Retail,Pettah,88.0
2020-08-21,Tomato,Wholesale,Pettah,58.0
2020-08-24,Tomato,Retail,Dambulla,88.0
2020-08-24,Tomato,Wholesale,Dambulla,68.0
2020-08-24,Tomato,Retail,Pettah,85.0
2020-08-24,Tomato,Wholesale,Pettah,50.0
2020-08-25,Tomato,Retail,Dambulla,78.0
2020-08-25,Tomato,Wholesale,Dambulla,58.0
2020-08-25,Tomato,Retail,Pettah,85.0
2020-08-25,Tomato,Wholesale,Pettah,50.0
2020-08-26,Tomato,Retail,Dambulla,70.0
2020-08-26,Tomato,Wholesale,Dambulla,50.0
2020-08-26,Tomato,Retail,Pettah,90.0
2020-08-26,Tomato,Wholesale,Pettah,60.0
2020-08-27,Tomato,Retail,Dambulla,78.0
2020-08-27,Tomato,Wholesale,Dambulla,58.0
2020-08-27,Tomato,Retail,Pettah,80.0
2020-08-27,Tomato,Wholesale,Pettah,48.0
2020-08-28,Tomato,Retail,Dambulla,75.0
2020-08-28,Tomato,Wholesale,Dambulla,55.0
2020-08-28,Tomato,Retail,Pettah,87.0
2020-08-28,Tomato,Wholesale,Pettah,53.0
2020-08-31,Tomato,Retail,Dambulla,85.0
2020-08-31,Tomato,Wholesale,Dambulla,65.0
2020-08-31,Tomato,Retail,Pettah,98.0
2020-08-31,Tomato,Wholesale,Pettah,65.0
2020-09-02,Tomato,Retail,Dambulla,98.0
2020-09-02,Tomato,Wholesale,Dambulla,78.0
2020-09-02,Tomato,Retail,Pettah,97.0
2020-09-02,Tomato,Wholesale,Pettah,75.0
2020-09-03,Tomato,Retail,Dambulla,95.0
2020-09-03,Tomato,Wholesale,Dambulla,75.0
2020-09-03,Tomato,Retail,Pettah,127.0
2020-09-03,Tomato,Wholesale,Pettah,75.0
2020-09-04,Tomato,Retail,Dambulla,93.0
2020-09-04,Tomato,Wholesale,Dambulla,73.0
2020-09-04,Tomato,Retail,Pettah,115.0
2020-09-04,Tomato,Wholesale,Pettah,85.0
2020-09-07,Tomato,Retail,Dambulla,115.0
2020-09-07,Tomato,Wholesale,Dambulla,95.0
2020-09-07,Tomato,Retail,Pettah,140.0
2020-09-07,Tomato,Wholesale,Pettah,100.0
2020-09-08,Tomato,Retail,Dambulla,135.0
2020-09-08,Tomato,Wholesale,Dambulla,115.0
2020-09-08,Tomato,Retail,Pettah,140.0
2020-09-08,Tomato,Wholesale,Pettah,105.0
2020-09-09,Tomato,Retail,Dambulla,115.0
2020-09-09,Tomato,Wholesale,Dambulla,95.0
2020-09-09,Tomato,Retail,Pettah,140.0
2020-09-09,Tomato,Wholesale,Pettah,100.0
2020-09-10,Tomato,Retail,Dambulla,115.0
2020-09-10,Tomato,Wholesale,Dambulla,95.0
2020-09-10,Tomato,Retail,Pettah,150.0
2020-09-10,Tomato,Wholesale,Pettah,110.0
2020-09-11,Tomato,Retail,Dambulla,135.0
2020-09-11,Tomato,Wholesale,Dambulla,115.0
2020-09-11,Tomato,Retail,Pettah,150.0
2020-09-11,Tomato,Wholesale,Pettah,110.0
2020-09-14,Tomato,Retail,Dambulla,138.0
2020-09-14,Tomato,Wholesale,Dambulla,118.0
2020-09-14,Tomato,Retail,Pettah,143.0
2020-09-14,Tomato,Wholesale,Pettah,107.0
2020-09-15,Tomato,Retail,Dambulla,145.0
2020-09-15,Tomato,Wholesale,Dambulla,125.0
2020-09-15,Tomato,Retail,Pettah,150.0
2020-09-15,Tomato,Wholesale,Pettah,113.0
2020-09-16,Tomato,Retail,Dambulla,165.0
2020-09-16,Tomato,Wholesale,Dambulla,145.0
2020-09-16,Tomato,Retail,Pettah,155.0
2020-09-16,Tomato,Wholesale,Pettah,120.0
2020-09-17,Tomato,Retail,Dambulla,155.0
2020-09-17,Tomato,Wholesale,Dambulla,135.0
2020-09-17,Tomato,Retail,Pettah,157.0
2020-09-17,Tomato,Wholesale,Pettah,117.0
2020-09-18,Tomato,Retail,Dambulla,155.0
2020-09-18,Tomato,Wholesale,Dambulla,135.0
2020-09-18,Tomato,Retail,Pettah,150.0
2020-09-18,Tomato,Wholesale,Pettah,110.0
2020-09-21,Tomato,Retail,Dambulla,155.0
2020-09-21,Tomato,Wholesale,Dambulla,135.0
2020-09-21,Tomato,Retail,Pettah,170.0
2020-09-21,Tomato,Wholesale,Pettah,140.0
2020-09-22,Tomato,Retail,Dambulla,145.0
2020-09-22,Tomato,Wholesale,Dambulla,125.0
2020-09-22,Tomato,Retail,Pettah,173.0
2020-09-22,Tomato,Wholesale,Pettah,135.0
2020-09-23,Tomato,Retail,Dambulla,145.0
2020-09-23,Tomato,Wholesale,Dambulla,125.0
2020-09-23,Tomato,Retail,Pettah,170.0
2020-09-23,Tomato,Wholesale,Pettah,135.0
2020-09-24,Tomato,Retail,Dambulla,145.0
2020-09-24,Tomato,Wholesale,Dambulla,125.0
2020-09-24,Tomato,Retail,Pettah,167.0
2020-09-24,Tomato,Wholesale,Pettah,130.0
2020-09-25,Tomato,Retail,Dambulla,145.0
2020-09-25,Tomato,Wholesale,Dambulla,125.0
2020-09-25,Tomato,Retail,Pettah,167.0
2020-09-25,Tomato,Wholesale,Pettah,130.0
2020-09-28,Tomato,Retail,Dambulla,125.0
2020-09-28,Tomato,Wholesale,Dambulla,105.0
2020-09-28,Tomato,Retail,Pettah,160.0
2020-09-28,Tomato,Wholesale,Pettah,125.0
2020-09-29,Tomato,Retail,Dambulla,125.0
2020-09-29,Tomato,Wholesale,Dambulla,105.0
2020-09-29,Tomato,Retail,Pettah,160.0
2020-09-29,Tomato,Wholesale,Pettah,127.0
2020-09-30,Tomato,Retail,Dambulla,125.0
2020-09-30,Tomato,Wholesale,Dambulla,105.0
2020-09-30,Tomato,Retail,Pettah,160.0
2020-09-30,Tomato,Wholesale,Pettah,127.0
2020-10-02,Tomato,Retail,Dambulla,125.0
2020-10-02,Tomato,Wholesale,Dambulla,105.0
2020-10-02,Tomato,Retail,Pettah,140.0
2020-10-02,Tomato,Wholesale,Pettah,107.0
2020-10-05,Tomato,Retail,Dambulla,115.0
2020-10-05,Tomato,Wholesale,Dambulla,95.0
2020-10-05,Tomato,Retail,Pettah,170.0
2020-10-05,Tomato,Wholesale,Pettah,123.0
2020-10-06,Tomato,Retail,Dambulla,125.0
2020-10-06,Tomato,Wholesale,Dambulla,105.0
2020-10-06,Tomato,Retail,Pettah,170.0
2020-10-06,Tomato,Wholesale,Pettah,123.0
2020-10-07,Tomato,Retail,Dambulla,115.0
2020-10-07,Tomato,Wholesale,Dambulla,95.0
2020-10-07,Tomato,Retail,Pettah,160.0
2020-10-07,Tomato,Wholesale,Pettah,123.0
2020-10-08,Tomato,Retail,Dambulla,125.0
2020-10-08,Tomato,Wholesale,Dambulla,105.0
2020-10-08,Tomato,Retail,Pettah,140.0
2020-10-08,Tomato,Wholesale,Pettah,107.0
2020-10-09,Tomato,Retail,Dambulla,115.0
2020-10-09,Tomato,Wholesale,Dambulla,95.0
2020-10-09,Tomato,Retail,Pettah,130.0
2020-10-09,Tomato,Wholesale,Pettah,100.0
2020-10-12,Tomato,Retail,Dambulla,115.0
2020-10-12,Tomato,Wholesale,Dambulla,95.0
2020-10-12,Tomato,Retail,Pettah,140.0
2020-10-12,Tomato,Wholesale,Pettah,100.0
2020-10-13,Tomato,Retail,Dambulla,115.0
2020-10-13,Tomato,Wholesale,Dambulla,95.0
2020-10-13,Tomato,Retail,Pettah,123.0
2020-10-13,Tomato,Wholesale,Pettah,90.0
2020-10-14,Tomato,Retail,Dambulla,105.0
2020-10-14,Tomato,Wholesale,Dambulla,85.0
2020-10-14,Tomato,Retail,Pettah,100.0
2020-10-14,Tomato,Wholesale,Pettah,63.0
2020-10-15,Tomato,Retail,Dambulla,68.0
2020-10-15,Tomato,Wholesale,Dambulla,48.0
2020-10-15,Tomato,Retail,Pettah,87.0
2020-10-15,Tomato,Wholesale,Pettah,50.0
2020-10-16,Tomato,Retail,Dambulla,63.0
2020-10-16,Tomato,Wholesale,Dambulla,43.0
2020-10-16,Tomato,Retail,Pettah,87.0
2020-10-16,Tomato,Wholesale,Pettah,57.0
2020-10-19,Tomato,Retail,Dambulla,78.0
2020-10-19,Tomato,Wholesale,Dambulla,58.0
2020-10-19,Tomato,Retail,Pettah,100.0
2020-10-19,Tomato,Wholesale,Pettah,65.0
2020-10-20,Tomato,Retail,Dambulla,75.0
2020-10-20,Tomato,Wholesale,Dambulla,55.0
2020-10-20,Tomato,Retail,Pettah,93.0
2020-10-20,Tomato,Wholesale,Pettah,60.0
2020-10-21,Tomato,Retail,Dambulla,78.0
2020-10-21,Tomato,Wholesale,Dambulla,58.0
2020-10-21,Tomato,Retail,Pettah,83.0
2020-10-21,Tomato,Wholesale,Pettah,53.0
2020-10-22,Tomato,Retail,Dambulla,68.0
2020-10-22,Tomato,Wholesale,Dambulla,48.0
2020-10-22,Tomato,Retail,Pettah,
2020-10-22,Tomato,Wholesale,Pettah,
2020-10-23,Tomato,Retail,Dambulla,68.0
2020-10-23,Tomato,Wholesale,Dambulla,48.0
2020-10-23,Tomato,Retail,Pettah,
2020-10-23,Tomato,Wholesale,Pettah,
2020-10-26,Tomato,Retail,Dambulla,68.0
2020-10-26,Tomato,Wholesale,Dambulla,48.0
2020-10-26,Tomato,Retail,Pettah,
2020-10-26,Tomato,Wholesale,Pettah,
2020-10-27,Tomato,Retail,Dambulla,83.0
2020-10-27,Tomato,Wholesale,Dambulla,63.0
2020-10-27,Tomato,Retail,Pettah,
2020-10-27,Tomato,Wholesale,Pettah,
2020-10-28,Tomato,Retail,Dambulla,63.0
2020-10-28,Tomato,Wholesale,Dambulla,43.0
2020-10-28,Tomato,Retail,Pettah,
2020-10-28,Tomato,Wholesale,Pettah,
2020-10-29,Tomato,Retail,Dambulla,78.0
2020-10-29,Tomato,Wholesale,Dambulla,58.0
2020-10-29,Tomato,Retail,Pettah,
2020-10-29,Tomato,Wholesale,Pettah,
2020-11-02,Tomato,Retail,Dambulla,43.0
2020-11-02,Tomato,Wholesale,Dambulla,23.0
2020-11-02,Tomato,Retail,Pettah,
2020-11-02,Tomato,Wholesale,Pettah,
2020-11-03,Tomato,Retail,Dambulla,68.0
2020-11-03,Tomato,Wholesale,Dambulla,48.0
2020-11-03,Tomato,Retail,Pettah,
2020-11-03,Tomato,Wholesale,Pettah,
2020-11-04,Tomato,Retail,Dambulla,68.0
2020-11-04,Tomato,Wholesale,Dambulla,48.0
2020-11-04,Tomato,Retail,Pettah,
2020-11-04,Tomato,Wholesale,Pettah,
2020-11-05,Tomato,Retail,Dambulla,75.0
2020-11-05,Tomato,Wholesale,Dambulla,55.0
2020-11-05,Tomato,Retail,Pettah,
2020-11-05,Tomato,Wholesale,Pettah,
2020-11-06,Tomato,Retail,Dambulla,88.0
2020-11-06,Tomato,Wholesale,Dambulla,68.0
2020-11-06,Tomato,Retail,Pettah,
2020-11-06,Tomato,Wholesale,Pettah,
2020-11-09,Tomato,Retail,Dambulla,65.0
2020-11-09,Tomato,Wholesale,Dambulla,45.0
2020-11-09,Tomato,Retail,Pettah,
2020-11-09,Tomato,Wholesale,Pettah,
2020-11-10,Tomato,Retail,Dambulla,75.0
2020-11-10,Tomato,Wholesale,Dambulla,55.0
2020-11-10,Tomato,Retail,Pettah,
2020-11-10,Tomato,Wholesale,Pettah,
2020-11-11,Tomato,Retail,Dambulla,65.0
2020-11-11,Tomato,Wholesale,Dambulla,45.0
2020-11-11,Tomato,Retail,Pettah,
2020-11-11,Tomato,Wholesale,Pettah,
2020-11-12,Tomato,Retail,Dambulla,70.0
2020-11-12,Tomato,Wholesale,Dambulla,50.0
2020-11-12,Tomato,Retail,Pettah,
2020-11-12,Tomato,Wholesale,Pettah,
2020-11-13,Tomato,Retail,Dambulla,73.0
2020-11-13,Tomato,Wholesale,Dambulla,53.0
2020-11-13,Tomato,Retail,Pettah,
2020-11-13,Tomato,Wholesale,Pettah,
2020-11-16,Tomato,Retail,Dambulla,65.0
2020-11-16,Tomato,Wholesale,Dambulla,45.0
2020-11-16,Tomato,Retail,Pettah,
2020-11-16,Tomato,Wholesale,Pettah,
2020-11-17,Tomato,Retail,Dambulla,68.0
2020-11-17,Tomato,Wholesale,Dambulla,48.0
2020-11-17,Tomato,Retail,Pettah,
2020-11-17,Tomato,Wholesale,Pettah,
2020-11-18,Tomato,Retail,Dambulla,65.0
2020-11-18,Tomato,Wholesale,Dambulla,45.0
2020-11-18,Tomato,Retail,Pettah,
2020-11-18,Tomato,Wholesale,Pettah,
2020-11-19,Tomato,Retail,Dambulla,65.0
2020-11-19,Tomato,Wholesale,Dambulla,45.0
2020-11-19,Tomato,Retail,Pettah,
2020-11-19,Tomato,Wholesale,Pettah,
2020-11-20,Tomato,Retail,Dambulla,75.0
2020-11-20,Tomato,Wholesale,Dambulla,55.0
2020-11-20,Tomato,Retail,Pettah,
2020-11-20,Tomato,Wholesale,Pettah,
2020-11-23,Tomato,Retail,Dambulla,78.0
2020-11-23,Tomato,Wholesale,Dambulla,58.0
2020-11-23,Tomato,Retail,Pettah,
2020-11-23,Tomato,Wholesale,Pettah,
2020-11-24,Tomato,Retail,Dambulla,75.0
2020-11-24,Tomato,Wholesale,Dambulla,55.0
2020-11-24,Tomato,Retail,Pettah,
2020-11-24,Tomato,Wholesale,Pettah,
2020-11-25,Tomato,Retail,Dambulla,75.0
2020-11-25,Tomato,Wholesale,Dambulla,55.0
2020-11-25,Tomato,Retail,Pettah,
2020-11-25,Tomato,Wholesale,Pettah,
2020-11-26,Tomato,Retail,Dambulla,85.0
2020-11-26,Tomato,Wholesale,Dambulla,65.0
2020-11-26,Tomato,Retail,Pettah,
2020-11-26,Tomato,Wholesale,Pettah,
2020-11-27,Tomato,Retail,Dambulla,73.0
2020-11-27,Tomato,Wholesale,Dambulla,53.0
2020-11-27,Tomato,Retail,Pettah,
2020-11-27,Tomato,Wholesale,Pettah,
2020-11-30,Tomato,Retail,Dambulla,68.0
2020-11-30,Tomato,Wholesale,Dambulla,48.0
2020-11-30,Tomato,Retail,Pettah,
2020-11-30,Tomato,Wholesale,Pettah,
2020-12-01,Tomato,Retail,Dambulla,75.0
2020-12-01,Tomato,Wholesale,Dambulla,55.0
2020-12-01,Tomato,Retail,Pettah,
2020-12-01,Tomato,Wholesale,Pettah,
2020-12-02,Tomato,Retail,Dambulla,58.0
2020-12-02,Tomato,Wholesale,Dambulla,38.0
2020-12-02,Tomato,Retail,Pettah,
2020-12-02,Tomato,Wholesale,Pettah,
2020-12-03,Tomato,Retail,Dambulla,58.0
2020-12-03,Tomato,Wholesale,Dambulla,38.0
2020-12-03,Tomato,Retail,Pettah,
2020-12-03,Tomato,Wholesale,Pettah,
2020-12-04,Tomato,Retail,Dambulla,55.0
2020-12-04,Tomato,Wholesale,Dambulla,35.0
2020-12-04,Tomato,Retail,Pettah,
2020-12-04,Tomato,Wholesale,Pettah,
2020-12-07,Tomato,Retail,Dambulla,65.0
2020-12-07,Tomato,Wholesale,Dambulla,45.0
2020-12-07,Tomato,Retail,Pettah,
2020-12-07,Tomato,Wholesale,Pettah,
2020-12-08,Tomato,Retail,Dambulla,50.0
2020-12-08,Tomato,Wholesale,Dambulla,30.0
2020-12-08,Tomato,Retail,Pettah,
2020-12-08,Tomato,Wholesale,Pettah,
2020-12-09,Tomato,Retail,Dambulla,63.0
2020-12-09,Tomato,Wholesale,Dambulla,43.0
2020-12-09,Tomato,Retail,Pettah,
2020-12-09,Tomato,Wholesale,Pettah,
2020-12-10,Tomato,Retail,Dambulla,65.0
2020-12-10,Tomato,Wholesale,Dambulla,45.0
2020-12-10,Tomato,Retail,Pettah,
2020-12-10,Tomato,Wholesale,Pettah,
2020-12-11,Tomato,Retail,Dambulla,68.0
2020-12-11,Tomato,Wholesale,Dambulla,48.0
2020-12-11,Tomato,Retail,Pettah,
2020-12-11,Tomato,Wholesale,Pettah,
2020-12-14,Tomato,Retail,Dambulla,65.0
2020-12-14,Tomato,Wholesale,Dambulla,45.0
2020-12-14,Tomato,Retail,Pettah,
2020-12-14,Tomato,Wholesale,Pettah,
2020-12-15,Tomato,Retail,Dambulla,58.0
2020-12-15,Tomato,Wholesale,Dambulla,38.0
2020-12-15,Tomato,Retail,Pettah,
2020-12-15,Tomato,Wholesale,Pettah,
2020-12-16,Tomato,Retail,Dambulla,65.0
2020-12-16,Tomato,Wholesale,Dambulla,45.0
2020-12-16,Tomato,Retail,Pettah,
2020-12-16,Tomato,Wholesale,Pettah,55.0
2020-12-17,Tomato,Retail,Dambulla,65.0
2020-12-17,Tomato,Wholesale,Dambulla,45.0
2020-12-17,Tomato,Retail,Pettah,
2020-12-17,Tomato,Wholesale,Pettah,63.0
2020-12-18,Tomato,Retail,Dambulla,65.0
2020-12-18,Tomato,Wholesale,Dambulla,45.0
2020-12-18,Tomato,Retail,Pettah,
2020-12-18,Tomato,Wholesale,Pettah,60.0
2020-12-21,Tomato,Retail,Dambulla,95.0
2020-12-21,Tomato,Wholesale,Dambulla,75.0
2020-12-21,Tomato,Retail,Pettah,
2020-12-21,Tomato,Wholesale,Pettah,60.0
2020-12-22,Tomato,Retail,Dambulla,108.0
2020-12-22,Tomato,Wholesale,Dambulla,88.0
2020-12-22,Tomato,Retail,Pettah,
2020-12-22,Tomato,Wholesale,Pettah,80.0
2020-12-23,Tomato,Retail,Dambulla,105.0
2020-12-23,Tomato,Wholesale,Dambulla,85.0
2020-12-23,Tomato,Retail,Pettah,
2020-12-23,Tomato,Wholesale,Pettah,100.0
2020-12-24,Tomato,Retail,Dambulla,115.0
2020-12-24,Tomato,Wholesale,Dambulla,95.0
2020-12-24,Tomato,Retail,Pettah,
2020-12-24,Tomato,Wholesale,Pettah,100.0
2020-12-28,Tomato,Retail,Dambulla,85.0
2020-12-28,Tomato,Wholesale,Dambulla,65.0
2020-12-28,Tomato,Retail,Pettah,
2020-12-28,Tomato,Wholesale,Pettah,120.0
2020-12-30,Tomato,Retail,Dambulla,115.0
2020-12-30,Tomato,Wholesale,Dambulla,95.0
2020-12-30,Tomato,Retail,Pettah,
2020-12-30,Tomato,Wholesale,Pettah,100.0
2020-12-31,Tomato,Retail,Dambulla,135.0
2020-12-31,Tomato,Wholesale,Dambulla,115.0
2020-12-31,Tomato,Retail,Pettah,
2020-12-31,Tomato,Wholesale,Pettah,100.0
2021-01-01,Tomato,Retail,Dambulla,98.0
2021-01-01,Tomato,Wholesale,Dambulla,78.0
2021-01-01,Tomato,Retail,Pettah,
2021-01-01,Tomato,Wholesale,Pettah,90.0
2021-01-04,Tomato,Retail,Dambulla,125.0
2021-01-04,Tomato,Wholesale,Dambulla,105.0
2021-01-04,Tomato,Retail,Pettah,
2021-01-04,Tomato,Wholesale,Pettah,97.0
2021-01-05,Tomato,Retail,Dambulla,115.0
2021-01-05,Tomato,Wholesale,Dambulla,95.0
2021-01-05,Tomato,Retail,Pettah,
2021-01-05,Tomato,Wholesale,Pettah,87.0
2021-01-06,Tomato,Retail,Dambulla,95.0
2021-01-06,Tomato,Wholesale,Dambulla,75.0
2021-01-06,Tomato,Retail,Pettah,
2021-01-06,Tomato,Wholesale,Pettah,80.0
2021-01-07,Tomato,Retail,Dambulla,105.0
2021-01-07,Tomato,Wholesale,Dambulla,85.0
2021-01-07,Tomato,Retail,Pettah,
2021-01-07,Tomato,Wholesale,Pettah,80.0
2021-01-08,Tomato,Retail,Dambulla,125.0
2021-01-08,Tomato,Wholesale,Dambulla,105.0
2021-01-08,Tomato,Retail,Pettah,
2021-01-08,Tomato,Wholesale,Pettah,80.0
2021-01-11,Tomato,Retail,Dambulla,115.0
2021-01-11,Tomato,Wholesale,Dambulla,95.0
2021-01-11,Tomato,Retail,Pettah,
2021-01-11,Tomato,Wholesale,Pettah,83.0
2021-01-12,Tomato,Retail,Dambulla,115.0
2021-01-12,Tomato,Wholesale,Dambulla,95.0
2021-01-12,Tomato,Retail,Pettah,
2021-01-12,Tomato,Wholesale,Pettah,93.0
2021-01-13,Tomato,Retail,Dambulla,105.0
2021-01-13,Tomato,Wholesale,Dambulla,85.0
2021-01-13,Tomato,Retail,Pettah,
2021-01-13,Tomato,Wholesale,Pettah,95.0
2021-01-15,Tomato,Retail,Dambulla,125.0
2021-01-15,Tomato,Wholesale,Dambulla,105.0
2021-01-15,Tomato,Retail,Pettah,
2021-01-15,Tomato,Wholesale,Pettah,103.0
2021-01-18,Tomato,Retail,Dambulla,115.0
2021-01-18,Tomato,Wholesale,Dambulla,95.0
2021-01-18,Tomato,Retail,Pettah,
2021-01-18,Tomato,Wholesale,Pettah,100.0
2021-01-19,Tomato,Retail,Dambulla,115.0
2021-01-19,Tomato,Wholesale,Dambulla,95.0
2021-01-19,Tomato,Retail,Pettah,
2021-01-19,Tomato,Wholesale,Pettah,100.0
2021-01-20,Tomato,Retail,Dambulla,125.0
2021-01-20,Tomato,Wholesale,Dambulla,105.0
2021-01-20,Tomato,Retail,Pettah,
2021-01-20,Tomato,Wholesale,Pettah,100.0
2021-01-21,Tomato,Retail,Dambulla,105.0
2021-01-21,Tomato,Wholesale,Dambulla,85.0
2021-01-21,Tomato,Retail,Pettah,
2021-01-21,Tomato,Wholesale,Pettah,90.0
2021-01-22,Tomato,Retail,Dambulla,108.0
2021-01-22,Tomato,Wholesale,Dambulla,88.0
2021-01-22,Tomato,Retail,Pettah,
2021-01-22,Tomato,Wholesale,Pettah,98.0
2021-01-25,Tomato,Retail,Dambulla,115.0
2021-01-25,Tomato,Wholesale,Dambulla,95.0
2021-01-25,Tomato,Retail,Pettah,
2021-01-25,Tomato,Wholesale,Pettah,120.0
2021-01-26,Tomato,Retail,Dambulla,115.0
2021-01-26,Tomato,Wholesale,Dambulla,95.0
2021-01-26,Tomato,Retail,Pettah,
2021-01-26,Tomato,Wholesale,Pettah,120.0
2021-01-27,Tomato,Retail,Dambulla,125.0
2021-01-27,Tomato,Wholesale,Dambulla,105.0
2021-01-27,Tomato,Retail,Pettah,
2021-01-27,Tomato,Wholesale,Pettah,110.0
2021-01-29,Tomato,Retail,Dambulla,125.0
2021-01-29,Tomato,Wholesale,Dambulla,105.0
2021-01-29,Tomato,Retail,Pettah,
2021-01-29,Tomato,Wholesale,Pettah,100.0
2021-02-01,Tomato,Retail,Dambulla,165.0
2021-02-01,Tomato,Wholesale,Dambulla,145.0
2021-02-01,Tomato,Retail,Pettah,
2021-02-01,Tomato,Wholesale,Pettah,140.0
2021-02-02,Tomato,Retail,Dambulla,145.0
2021-02-02,Tomato,Wholesale,Dambulla,125.0
2021-02-02,Tomato,Retail,Pettah,
2021-02-02,Tomato,Wholesale,Pettah,180.0
2021-02-03,Tomato,Retail,Dambulla,170.0
2021-02-03,Tomato,Wholesale,Dambulla,150.0
2021-02-03,Tomato,Retail,Pettah,
2021-02-03,Tomato,Wholesale,Pettah,180.0
2021-02-05,Tomato,Retail,Dambulla,165.0
2021-02-05,Tomato,Wholesale,Dambulla,145.0
2021-02-05,Tomato,Retail,Pettah,
2021-02-05,Tomato,Wholesale,Pettah,187.0
2021-02-08,Tomato,Retail,Dambulla,175.0
2021-02-08,Tomato,Wholesale,Dambulla,155.0
2021-02-08,Tomato,Retail,Pettah,
2021-02-08,Tomato,Wholesale,Pettah,165.0
2021-02-09,Tomato,Retail,Dambulla,175.0
2021-02-09,Tomato,Wholesale,Dambulla,155.0
2021-02-09,Tomato,Retail,Pettah,
2021-02-09,Tomato,Wholesale,Pettah,160.0
2021-02-10,Tomato,Retail,Dambulla,195.0
2021-02-10,Tomato,Wholesale,Dambulla,175.0
2021-02-10,Tomato,Retail,Pettah,
2021-02-10,Tomato,Wholesale,Pettah,173.0
2021-02-11,Tomato,Retail,Dambulla,195.0
2021-02-11,Tomato,Wholesale,Dambulla,175.0
2021-02-11,Tomato,Retail,Pettah,
2021-02-11,Tomato,Wholesale,Pettah,200.0
2021-02-12,Tomato,Retail,Dambulla,
2021-02-12,Tomato,Wholesale,Dambulla,155.0
2021-02-12,Tomato,Retail,Pettah,
2021-02-12,Tomato,Wholesale,Pettah,200.0
2021-02-15,Tomato,Retail,Dambulla,235.0
2021-02-15,Tomato,Wholesale,Dambulla,215.0
2021-02-15,Tomato,Retail,Pettah,
2021-02-15,Tomato,Wholesale,Pettah,223.0
2021-02-16,Tomato,Retail,Dambulla,215.0
2021-02-16,Tomato,Wholesale,Dambulla,195.0
2021-02-16,Tomato,Retail,Pettah,240.0
2021-02-16,Tomato,Wholesale,Pettah,223.0
2021-02-17,Tomato,Retail,Dambulla,235.0
2021-02-17,Tomato,Wholesale,Dambulla,215.0
2021-02-17,Tomato,Retail,Pettah,265.0
2021-02-17,Tomato,Wholesale,Pettah,255.0
2021-02-18,Tomato,Retail,Dambulla,235.0
2021-02-18,Tomato,Wholesale,Dambulla,215.0
2021-02-18,Tomato,Retail,Pettah,270.0
2021-02-18,Tomato,Wholesale,Pettah,230.0
2021-02-19,Tomato,Retail,Dambulla,245.0
2021-02-19,Tomato,Wholesale,Dambulla,225.0
2021-02-19,Tomato,Retail,Pettah,290.0
2021-02-19,Tomato,Wholesale,Pettah,240.0
2021-02-22,Tomato,Retail,Dambulla,215.0
2021-02-22,Tomato,Wholesale,Dambulla,195.0
2021-02-22,Tomato,Retail,Pettah,280.0
2021-02-22,Tomato,Wholesale,Pettah,247.0
2021-02-23,Tomato,Retail,Dambulla,215.0
2021-02-23,Tomato,Wholesale,Dambulla,195.0
2021-02-23,Tomato,Retail,Pettah,280.0
2021-02-23,Tomato,Wholesale,Pettah,250.0
2021-02-24,Tomato,Retail,Dambulla,215.0
2021-02-24,Tomato,Wholesale,Dambulla,195.0
2021-02-24,Tomato,Retail,Pettah,280.0
2021-02-24,Tomato,Wholesale,Pettah,235.0
2021-02-25,Tomato,Retail,Dambulla,205.0
2021-02-25,Tomato,Wholesale,Dambulla,185.0
2021-02-25,Tomato,Retail,Pettah,250.0
2021-02-25,Tomato,Wholesale,Pettah,220.0
2021-03-01,Tomato,Retail,Dambulla,175.0
2021-03-01,Tomato,Wholesale,Dambulla,155.0
2021-03-01,Tomato,Retail,Pettah,245.0
2021-03-01,Tomato,Wholesale,Pettah,213.0
2021-03-02,Tomato,Retail,Dambulla,155.0
2021-03-02,Tomato,Wholesale,Dambulla,135.0
2021-03-02,Tomato,Retail,Pettah,265.0
2021-03-02,Tomato,Wholesale,Pettah,220.0
2021-03-03,Tomato,Retail,Dambulla,175.0
2021-03-03,Tomato,Wholesale,Dambulla,155.0
2021-03-03,Tomato,Retail,Pettah,270.0
2021-03-03,Tomato,Wholesale,Pettah,245.0
2021-03-04,Tomato,Retail,Dambulla,175.0
2021-03-04,Tomato,Wholesale,Dambulla,155.0
2021-03-04,Tomato,Retail,Pettah,220.0
2021-03-04,Tomato,Wholesale,Pettah,180.0
2021-03-05,Tomato,Retail,Dambulla,195.0
2021-03-05,Tomato,Wholesale,Dambulla,175.0
2021-03-05,Tomato,Retail,Pettah,160.0
2021-03-05,Tomato,Wholesale,Pettah,140.0
2021-03-08,Tomato,Retail,Dambulla,145.0
2021-03-08,Tomato,Wholesale,Dambulla,125.0
2021-03-08,Tomato,Retail,Pettah,165.0
2021-03-08,Tomato,Wholesale,Pettah,145.0
2021-03-09,Tomato,Retail,Dambulla,155.0
2021-03-09,Tomato,Wholesale,Dambulla,135.0
2021-03-09,Tomato,Retail,Pettah,160.0
2021-03-09,Tomato,Wholesale,Pettah,145.0
2021-03-10,Tomato,Retail,Dambulla,125.0
2021-03-10,Tomato,Wholesale,Dambulla,105.0
2021-03-10,Tomato,Retail,Pettah,160.0
2021-03-10,Tomato,Wholesale,Pettah,140.0
2021-03-12,Tomato,Retail,Dambulla,135.0
2021-03-12,Tomato,Wholesale,Dambulla,115.0
2021-03-12,Tomato,Retail,Pettah,140.0
2021-03-12,Tomato,Wholesale,Pettah,100.0
2021-03-15,Tomato,Retail,Dambulla,125.0
2021-03-15,Tomato,Wholesale,Dambulla,105.0
2021-03-15,Tomato,Retail,Pettah,160.0
2021-03-15,Tomato,Wholesale,Pettah,120.0
2021-03-16,Tomato,Retail,Dambulla,115.0
2021-03-16,Tomato,Wholesale,Dambulla,95.0
2021-03-16,Tomato,Retail,Pettah,160.0
2021-03-16,Tomato,Wholesale,Pettah,110.0
2021-03-17,Tomato,Retail,Dambulla,125.0
2021-03-17,Tomato,Wholesale,Dambulla,105.0
2021-03-17,Tomato,Retail,Pettah,160.0
2021-03-17,Tomato,Wholesale,Pettah,120.0
2021-03-18,Tomato,Retail,Dambulla,125.0
2021-03-18,Tomato,Wholesale,Dambulla,105.0
2021-03-18,Tomato,Retail,Pettah,130.0
2021-03-18,Tomato,Wholesale,Pettah,100.0
2021-03-19,Tomato,Retail,Dambulla,95.0
2021-03-19,Tomato,Wholesale,Dambulla,75.0
2021-03-19,Tomato,Retail,Pettah,130.0
2021-03-19,Tomato,Wholesale,Pettah,100.0
2021-03-22,Tomato,Retail,Dambulla,68.0
2021-03-22,Tomato,Wholesale,Dambulla,48.0
2021-03-22,Tomato,Retail,Pettah,100.0
2021-03-22,Tomato,Wholesale,Pettah,65.0
2021-03-23,Tomato,Retail,Dambulla,63.0
2021-03-23,Tomato,Wholesale,Dambulla,43.0
2021-03-23,Tomato,Retail,Pettah,100.0
2021-03-23,Tomato,Wholesale,Pettah,60.0
2021-03-24,Tomato,Retail,Dambulla,80.0
2021-03-24,Tomato,Wholesale,Dambulla,60.0
2021-03-24,Tomato,Retail,Pettah,100.0
2021-03-24,Tomato,Wholesale,Pettah,60.0
2021-03-25,Tomato,Retail,Dambulla,75.0
2021-03-25,Tomato,Wholesale,Dambulla,55.0
2021-03-25,Tomato,Retail,Pettah,95.0
2021-03-25,Tomato,Wholesale,Pettah,55.0
2021-03-26,Tomato,Retail,Dambulla,78.0
2021-03-26,Tomato,Wholesale,Dambulla,58.0
2021-03-26,Tomato,Retail,Pettah,110.0
2021-03-26,Tomato,Wholesale,Pettah,80.0
2021-03-29,Tomato,Retail,Dambulla,88.0
2021-03-29,Tomato,Wholesale,Dambulla,68.0
2021-03-29,Tomato,Retail,Pettah,120.0
2021-03-29,Tomato,Wholesale,Pettah,80.0
2021-03-30,Tomato,Retail,Dambulla,83.0
2021-03-30,Tomato,Wholesale,Dambulla,63.0
2021-03-30,Tomato,Retail,Pettah,110.0
2021-03-30,Tomato,Wholesale,Pettah,90.0
2021-03-31,Tomato,Retail,Dambulla,83.0
2021-03-31,Tomato,Wholesale,Dambulla,63.0
2021-03-31,Tomato,Retail,Pettah,110.0
2021-03-31,Tomato,Wholesale,Pettah,80.0
2021-04-01,Tomato,Retail,Dambulla,75.0
2021-04-01,Tomato,Wholesale,Dambulla,55.0
2021-04-01,Tomato,Retail,Pettah,100.0
2021-04-01,Tomato,Wholesale,Pettah,75.0
2021-04-05,Tomato,Retail,Dambulla,75.0
2021-04-05,Tomato,Wholesale,Dambulla,55.0
2021-04-05,Tomato,Retail,Pettah,120.0
2021-04-05,Tomato,Wholesale,Pettah,80.0
2021-04-07,Tomato,Retail,Dambulla,88.0
2021-04-07,Tomato,Wholesale,Dambulla,68.0
2021-04-07,Tomato,Retail,Pettah,120.0
2021-04-07,Tomato,Wholesale,Pettah,80.0
2021-04-09,Tomato,Retail,Dambulla,88.0
2021-04-09,Tomato,Wholesale,Dambulla,68.0
2021-04-09,Tomato,Retail,Pettah,140.0
2021-04-09,Tomato,Wholesale,Pettah,100.0
2021-04-12,Tomato,Retail,Dambulla,135.0
2021-04-12,Tomato,Wholesale,Dambulla,115.0
2021-04-12,Tomato,Retail,Pettah,200.0
2021-04-12,Tomato,Wholesale,Pettah,150.0
2021-04-15,Tomato,Retail,Dambulla,155.0
2021-04-15,Tomato,Wholesale,Dambulla,135.0
2021-04-15,Tomato,Retail,Pettah,
2021-04-15,Tomato,Wholesale,Pettah,
2021-04-16,Tomato,Retail,Dambulla,105.0
2021-04-16,Tomato,Wholesale,Dambulla,85.0
2021-04-16,Tomato,Retail,Pettah,190.0
2021-04-16,Tomato,Wholesale,Pettah,150.0
2021-04-19,Tomato,Retail,Dambulla,65.0
2021-04-19,Tomato,Wholesale,Dambulla,45.0
2021-04-19,Tomato,Retail,Pettah,100.0
2021-04-19,Tomato,Wholesale,Pettah,65.0
2021-04-20,Tomato,Retail,Dambulla,75.0
2021-04-20,Tomato,Wholesale,Dambulla,55.0
2021-04-20,Tomato,Retail,Pettah,100.0
2021-04-20,Tomato,Wholesale,Pettah,63.0
2021-04-21,Tomato,Retail,Dambulla,65.0
2021-04-21,Tomato,Wholesale,Dambulla,45.0
2021-04-21,Tomato,Retail,Pettah,100.0
2021-04-21,Tomato,Wholesale,Pettah,60.0
2021-04-22,Tomato,Retail,Dambulla,55.0
2021-04-22,Tomato,Wholesale,Dambulla,35.0
2021-04-22,Tomato,Retail,Pettah,100.0
2021-04-22,Tomato,Wholesale,Pettah,65.0
2021-04-23,Tomato,Retail,Dambulla,53.0
2021-04-23,Tomato,Wholesale,Dambulla,33.0
2021-04-23,Tomato,Retail,Pettah,100.0
2021-04-23,Tomato,Wholesale,Pettah,70.0
2021-04-27,Tomato,Retail,Dambulla,
2021-04-27,Tomato,Wholesale,Dambulla,
2021-04-27,Tomato,Retail,Pettah,100.0
2021-04-27,Tomato,Wholesale,Pettah,70.0
2021-04-28,Tomato,Retail,Dambulla,
2021-04-28,Tomato,Wholesale,Dambulla,
2021-04-28,Tomato,Retail,Pettah,100.0
2021-04-28,Tomato,Wholesale,Pettah,65.0
2021-04-29,Tomato,Retail,Dambulla,
2021-04-29,Tomato,Wholesale,Dambulla,
2021-04-29,Tomato,Retail,Pettah,90.0
2021-04-29,Tomato,Wholesale,Pettah,60.0
2021-04-30,Tomato,Retail,Dambulla,
2021-04-30,Tomato,Wholesale,Dambulla,
2021-04-30,Tomato,Retail,Pettah,90.0
2021-04-30,Tomato,Wholesale,Pettah,60.0
2021-05-03,Tomato,Retail,Dambulla,
2021-05-03,Tomato,Wholesale,Dambulla,
2021-05-03,Tomato,Retail,Pettah,90.0
2021-05-03,Tomato,Wholesale,Pettah,60.0
2021-05-04,Tomato,Retail,Dambulla,
2021-05-04,Tomato,Wholesale,Dambulla,
2021-05-04,Tomato,Retail,Pettah,90.0
2021-05-04,Tomato,Wholesale,Pettah,60.0
2021-05-05,Tomato,Retail,Dambulla,
2021-05-05,Tomato,Wholesale,Dambulla,
2021-05-05,Tomato,Retail,Pettah,100.0
2021-05-05,Tomato,Wholesale,Pettah,70.0
2021-05-06,Tomato,Retail,Dambulla,
2021-05-06,Tomato,Wholesale,Dambulla,
2021-05-06,Tomato,Retail,Pettah,100.0
2021-05-06,Tomato,Wholesale,Pettah,70.0
2021-05-07,Tomato,Retail,Dambulla,75.0
2021-05-07,Tomato,Wholesale,Dambulla,55.0
2021-05-07,Tomato,Retail,Pettah,100.0
2021-05-07,Tomato,Wholesale,Pettah,70.0
2021-05-10,Tomato,Retail,Dambulla,63.0
2021-05-10,Tomato,Wholesale,Dambulla,43.0
2021-05-10,Tomato,Retail,Pettah,100.0
2021-05-10,Tomato,Wholesale,Pettah,70.0
2021-05-11,Tomato,Retail,Dambulla,108.0
2021-05-11,Tomato,Wholesale,Dambulla,88.0
2021-05-11,Tomato,Retail,Pettah,100.0
2021-05-11,Tomato,Wholesale,Pettah,70.0
2021-05-12,Tomato,Retail,Dambulla,125.0
2021-05-12,Tomato,Wholesale,Dambulla,105.0
2021-05-12,Tomato,Retail,Pettah,140.0
2021-05-12,Tomato,Wholesale,Pettah,110.0
2021-05-13,Tomato,Retail,Dambulla,115.0
2021-05-13,Tomato,Wholesale,Dambulla,95.0
2021-05-13,Tomato,Retail,Pettah,170.0
2021-05-13,Tomato,Wholesale,Pettah,143.0
2021-05-17,Tomato,Retail,Dambulla,115.0
2021-05-17,Tomato,Wholesale,Dambulla,95.0
2021-05-17,Tomato,Retail,Pettah,170.0
2021-05-17,Tomato,Wholesale,Pettah,130.0
2021-05-18,Tomato,Retail,Dambulla,115.0
2021-05-18,Tomato,Wholesale,Dambulla,95.0
2021-05-18,Tomato,Retail,Pettah,150.0
2021-05-18,Tomato,Wholesale,Pettah,120.0
2021-05-19,Tomato,Retail,Dambulla,135.0
2021-05-19,Tomato,Wholesale,Dambulla,115.0
2021-05-19,Tomato,Retail,Pettah,220.0
2021-05-19,Tomato,Wholesale,Pettah,180.0
2021-05-20,Tomato,Retail,Dambulla,215.0
2021-05-20,Tomato,Wholesale,Dambulla,195.0
2021-05-20,Tomato,Retail,Pettah,260.0
2021-05-20,Tomato,Wholesale,Pettah,210.0
2021-05-21,Tomato,Retail,Dambulla,205.0
2021-05-21,Tomato,Wholesale,Dambulla,185.0
2021-05-21,Tomato,Retail,Pettah,260.0
2021-05-21,Tomato,Wholesale,Pettah,220.0
2021-05-24,Tomato,Retail,Dambulla,
2021-05-24,Tomato,Wholesale,Dambulla,155.0
2021-05-24,Tomato,Retail,Pettah,
2021-05-24,Tomato,Wholesale,Pettah,200.0
2021-05-25,Tomato,Retail,Dambulla,
2021-05-25,Tomato,Wholesale,Dambulla,105.0
2021-05-25,Tomato,Retail,Pettah,240.0
2021-05-25,Tomato,Wholesale,Pettah,200.0
2021-05-31,Tomato,Retail,Dambulla,
2021-05-31,Tomato,Wholesale,Dambulla,85.0
2021-05-31,Tomato,Retail,Pettah,140.0
2021-05-31,Tomato,Wholesale,Pettah,100.0
2021-06-03,Tomato,Retail,Dambulla,
2021-06-03,Tomato,Wholesale,Dambulla,138.0
2021-06-03,Tomato,Retail,Pettah,160.0
2021-06-03,Tomato,Wholesale,Pettah,110.0
2021-06-04,Tomato,Retail,Dambulla,
2021-06-04,Tomato,Wholesale,Dambulla,123.0
2021-06-04,Tomato,Retail,Pettah,150.0
2021-06-04,Tomato,Wholesale,Pettah,110.0
2021-06-08,Tomato,Retail,Dambulla,
2021-06-08,Tomato,Wholesale,Dambulla,105.0
2021-06-08,Tomato,Retail,Pettah,150.0
2021-06-08,Tomato,Wholesale,Pettah,110.0
2021-06-09,Tomato,Retail,Dambulla,
2021-06-09,Tomato,Wholesale,Dambulla,95.0
2021-06-09,Tomato,Retail,Pettah,160.0
2021-06-09,Tomato,Wholesale,Pettah,110.0
2021-06-10,Tomato,Retail,Dambulla,
2021-06-10,Tomato,Wholesale,Dambulla,
2021-06-10,Tomato,Retail,Pettah,
2021-06-10,Tomato,Wholesale,Pettah,
2021-06-11,Tomato,Retail,Dambulla,
2021-06-11,Tomato,Wholesale,Dambulla,
2021-06-11,Tomato,Retail,Pettah,
2021-06-11,Tomato,Wholesale,Pettah,
2021-06-14,Tomato,Retail,Dambulla,
2021-06-14,Tomato,Wholesale,Dambulla,
2021-06-14,Tomato,Retail,Pettah,
2021-06-14,Tomato,Wholesale,Pettah,
2021-06-15,Tomato,Retail,Dambulla,
2021-06-15,Tomato,Wholesale,Dambulla,
2021-06-15,Tomato,Retail,Pettah,
2021-06-15,Tomato,Wholesale,Pettah,
2021-06-16,Tomato,Retail,Dambulla,
2021-06-16,Tomato,Wholesale,Dambulla,
2021-06-16,Tomato,Retail,Pettah,
2021-06-16,Tomato,Wholesale,Pettah,
2021-06-17,Tomato,Retail,Dambulla,
2021-06-17,Tomato,Wholesale,Dambulla,95.0
2021-06-17,Tomato,Retail,Pettah,150.0
2021-06-17,Tomato,Wholesale,Pettah,110.0
2021-06-18,Tomato,Retail,Dambulla,
2021-06-18,Tomato,Wholesale,Dambulla,88.0
2021-06-18,Tomato,Retail,Pettah,150.0
2021-06-18,Tomato,Wholesale,Pettah,110.0
2021-06-21,Tomato,Retail,Dambulla,
2021-06-21,Tomato,Wholesale,Dambulla,105.0
2021-06-21,Tomato,Retail,Pettah,200.0
2021-06-21,Tomato,Wholesale,Pettah,150.0
2021-06-22,Tomato,Retail,Dambulla,135.0
2021-06-22,Tomato,Wholesale,Dambulla,115.0
2021-06-22,Tomato,Retail,Pettah,140.0
2021-06-22,Tomato,Wholesale,Pettah,110.0
2021-06-23,Tomato,Retail,Dambulla,115.0
2021-06-23,Tomato,Wholesale,Dambulla,95.0
2021-06-23,Tomato,Retail,Pettah,140.0
2021-06-23,Tomato,Wholesale,Pettah,110.0
2021-06-25,Tomato,Retail,Dambulla,125.0
2021-06-25,Tomato,Wholesale,Dambulla,105.0
2021-06-25,Tomato,Retail,Pettah,140.0
2021-06-25,Tomato,Wholesale,Pettah,110.0
2021-06-28,Tomato,Retail,Dambulla,
2021-06-28,Tomato,Wholesale,Dambulla,
2021-06-28,Tomato,Retail,Pettah,140.0
2021-06-28,Tomato,Wholesale,Pettah,110.0
2021-06-29,Tomato,Retail,Dambulla,108.0
2021-06-29,Tomato,Wholesale,Dambulla,88.0
2021-06-29,Tomato,Retail,Pettah,130.0
2021-06-29,Tomato,Wholesale,Pettah,100.0
2021-06-30,Tomato,Retail,Dambulla,75.0
2021-06-30,Tomato,Wholesale,Dambulla,55.0
2021-06-30,Tomato,Retail,Pettah,130.0
2021-06-30,Tomato,Wholesale,Pettah,100.0
2021-07-01,Tomato,Retail,Dambulla,88.0
2021-07-01,Tomato,Wholesale,Dambulla,68.0
2021-07-01,Tomato,Retail,Pettah,130.0
2021-07-01,Tomato,Wholesale,Pettah,100.0
2021-07-02,Tomato,Retail,Dambulla,115.0
2021-07-02,Tomato,Wholesale,Dambulla,95.0
2021-07-02,Tomato,Retail,Pettah,120.0
2021-07-02,Tomato,Wholesale,Pettah,100.0
2021-07-05,Tomato,Retail,Dambulla,95.0
2021-07-05,Tomato,Wholesale,Dambulla,75.0
2021-07-05,Tomato,Retail,Pettah,130.0
2021-07-05,Tomato,Wholesale,Pettah,100.0
2021-07-06,Tomato,Retail,Dambulla,75.0
2021-07-06,Tomato,Wholesale,Dambulla,55.0
2021-07-06,Tomato,Retail,Pettah,110.0
2021-07-06,Tomato,Wholesale,Pettah,80.0
2021-07-07,Tomato,Retail,Dambulla,78.0
2021-07-07,Tomato,Wholesale,Dambulla,58.0
2021-07-07,Tomato,Retail,Pettah,100.0
2021-07-07,Tomato,Wholesale,Pettah,75.0
2021-07-08,Tomato,Retail,Dambulla,75.0
2021-07-08,Tomato,Wholesale,Dambulla,55.0
2021-07-08,Tomato,Retail,Pettah,100.0
2021-07-08,Tomato,Wholesale,Pettah,75.0
2021-07-09,Tomato,Retail,Dambulla,48.0
2021-07-09,Tomato,Wholesale,Dambulla,28.0
2021-07-09,Tomato,Retail,Pettah,100.0
2021-07-09,Tomato,Wholesale,Pettah,75.0
2021-07-12,Tomato,Retail,Dambulla,78.0
2021-07-12,Tomato,Wholesale,Dambulla,58.0
2021-07-12,Tomato,Retail,Pettah,100.0
2021-07-12,Tomato,Wholesale,Pettah,75.0
2021-07-13,Tomato,Retail,Dambulla,68.0
2021-07-13,Tomato,Wholesale,Dambulla,48.0
2021-07-13,Tomato,Retail,Pettah,100.0
2021-07-13,Tomato,Wholesale,Pettah,75.0
2021-07-14,Tomato,Retail,Dambulla,73.0
2021-07-14,Tomato,Wholesale,Dambulla,53.0
2021-07-14,Tomato,Retail,Pettah,100.0
2021-07-14,Tomato,Wholesale,Pettah,75.0
2021-07-15,Tomato,Retail,Dambulla,73.0
2021-07-15,Tomato,Wholesale,Dambulla,53.0
2021-07-15,Tomato,Retail,Pettah,100.0
2021-07-15,Tomato,Wholesale,Pettah,75.0
2021-07-16,Tomato,Retail,Dambulla,73.0
2021-07-16,Tomato,Wholesale,Dambulla,53.0
2021-07-16,Tomato,Retail,Pettah,100.0
2021-07-16,Tomato,Wholesale,Pettah,75.0
2021-07-19,Tomato,Retail,Dambulla,85.0
2021-07-19,Tomato,Wholesale,Dambulla,65.0
2021-07-19,Tomato,Retail,Pettah,120.0
2021-07-19,Tomato,Wholesale,Pettah,90.0
2021-07-20,Tomato,Retail,Dambulla,125.0
2021-07-20,Tomato,Wholesale,Dambulla,105.0
2021-07-20,Tomato,Retail,Pettah,120.0
2021-07-20,Tomato,Wholesale,Pettah,85.0
2021-07-22,Tomato,Retail,Dambulla,115.0
2021-07-22,Tomato,Wholesale,Dambulla,95.0
2021-07-22,Tomato,Retail,Pettah,120.0
2021-07-22,Tomato,Wholesale,Pettah,85.0
2021-07-26,Tomato,Retail,Dambulla,68.0
2021-07-26,Tomato,Wholesale,Dambulla,48.0
2021-07-26,Tomato,Retail,Pettah,90.0
2021-07-26,Tomato,Wholesale,Pettah,60.0
2021-07-27,Tomato,Retail,Dambulla,58.0
2021-07-27,Tomato,Wholesale,Dambulla,38.0
2021-07-27,Tomato,Retail,Pettah,90.0
2021-07-27,Tomato,Wholesale,Pettah,60.0
2021-07-28,Tomato,Retail,Dambulla,58.0
2021-07-28,Tomato,Wholesale,Dambulla,38.0
2021-07-28,Tomato,Retail,Pettah,75.0
2021-07-28,Tomato,Wholesale,Pettah,55.0
2021-07-29,Tomato,Retail,Dambulla,58.0
2021-07-29,Tomato,Wholesale,Dambulla,38.0
2021-07-29,Tomato,Retail,Pettah,75.0
2021-07-29,Tomato,Wholesale,Pettah,55.0
2021-07-30,Tomato,Retail,Dambulla,58.0
2021-07-30,Tomato,Wholesale,Dambulla,38.0
2021-07-30,Tomato,Retail,Pettah,75.0
2021-07-30,Tomato,Wholesale,Pettah,55.0
2021-08-02,Tomato,Retail,Dambulla,73.0
2021-08-02,Tomato,Wholesale,Dambulla,53.0
2021-08-02,Tomato,Retail,Pettah,75.0
2021-08-02,Tomato,Wholesale,Pettah,55.0
2021-08-03,Tomato,Retail,Dambulla,75.0
2021-08-03,Tomato,Wholesale,Dambulla,55.0
2021-08-03,Tomato,Retail,Pettah,75.0
2021-08-03,Tomato,Wholesale,Pettah,55.0
2021-08-04,Tomato,Retail,Dambulla,78.0
2021-08-04,Tomato,Wholesale,Dambulla,58.0
2021-08-04,Tomato,Retail,Pettah,80.0
2021-08-04,Tomato,Wholesale,Pettah,50.0
2021-08-05,Tomato,Retail,Dambulla,78.0
2021-08-05,Tomato,Wholesale,Dambulla,58.0
2021-08-05,Tomato,Retail,Pettah,75.0
2021-08-05,Tomato,Wholesale,Pettah,50.0
2021-08-06,Tomato,Retail,Dambulla,90.0
2021-08-06,Tomato,Wholesale,Dambulla,63.0
2021-08-06,Tomato,Retail,Pettah,75.0
2021-08-06,Tomato,Wholesale,Pettah,50.0
2021-08-09,Tomato,Retail,Dambulla,75.0
2021-08-09,Tomato,Wholesale,Dambulla,55.0
2021-08-09,Tomato,Retail,Pettah,75.0
2021-08-09,Tomato,Wholesale,Pettah,55.0
2021-08-10,Tomato,Retail,Dambulla,73.0
2021-08-10,Tomato,Wholesale,Dambulla,53.0
2021-08-10,Tomato,Retail,Pettah,100.0
2021-08-10,Tomato,Wholesale,Pettah,80.0
2021-08-11,Tomato,Retail,Dambulla,65.0
2021-08-11,Tomato,Wholesale,Dambulla,45.0
2021-08-11,Tomato,Retail,Pettah,100.0
2021-08-11,Tomato,Wholesale,Pettah,80.0
2021-08-12,Tomato,Retail,Dambulla,83.0
2021-08-12,Tomato,Wholesale,Dambulla,63.0
2021-08-12,Tomato,Retail,Pettah,100.0
2021-08-12,Tomato,Wholesale,Pettah,85.0
2021-08-13,Tomato,Retail,Dambulla,83.0
2021-08-13,Tomato,Wholesale,Dambulla,63.0
2021-08-13,Tomato,Retail,Pettah,100.0
2021-08-13,Tomato,Wholesale,Pettah,85.0
2021-08-16,Tomato,Retail,Dambulla,125.0
2021-08-16,Tomato,Wholesale,Dambulla,105.0
2021-08-16,Tomato,Retail,Pettah,140.0
2021-08-16,Tomato,Wholesale,Pettah,100.0
2021-08-17,Tomato,Retail,Dambulla,115.0
2021-08-17,Tomato,Wholesale,Dambulla,95.0
2021-08-17,Tomato,Retail,Pettah,140.0
2021-08-17,Tomato,Wholesale,Pettah,100.0
2021-08-18,Tomato,Retail,Dambulla,115.0
2021-08-18,Tomato,Wholesale,Dambulla,95.0
2021-08-18,Tomato,Retail,Pettah,140.0
2021-08-18,Tomato,Wholesale,Pettah,110.0
2021-08-19,Tomato,Retail,Dambulla,95.0
2021-08-19,Tomato,Wholesale,Dambulla,75.0
2021-08-19,Tomato,Retail,Pettah,140.0
2021-08-19,Tomato,Wholesale,Pettah,110.0
2021-08-20,Tomato,Retail,Dambulla,125.0
2021-08-20,Tomato,Wholesale,Dambulla,105.0
2021-08-20,Tomato,Retail,Pettah,140.0
2021-08-20,Tomato,Wholesale,Pettah,110.0
2021-08-23,Tomato,Retail,Dambulla,
2021-08-23,Tomato,Wholesale,Dambulla,
2021-08-23,Tomato,Retail,Pettah,
2021-08-23,Tomato,Wholesale,Pettah,
2021-08-24,Tomato,Retail,Dambulla,
2021-08-24,Tomato,Wholesale,Dambulla,75.0
2021-08-24,Tomato,Retail,Pettah,
2021-08-24,Tomato,Wholesale,Pettah,110.0
2021-08-25,Tomato,Retail,Dambulla,
2021-08-25,Tomato,Wholesale,Dambulla,53.0
2021-08-25,Tomato,Retail,Pettah,
2021-08-25,Tomato,Wholesale,Pettah,90.0
2021-08-26,Tomato,Retail,Dambulla,
2021-08-26,Tomato,Wholesale,Dambulla,
2021-08-26,Tomato,Retail,Pettah,
2021-08-26,Tomato,Wholesale,Pettah,
2021-08-27,Tomato,Retail,Dambulla,
2021-08-27,Tomato,Wholesale,Dambulla,
2021-08-27,Tomato,Retail,Pettah,
2021-08-27,Tomato,Wholesale,Pettah,
2021-08-30,Tomato,Retail,Dambulla,
2021-08-30,Tomato,Wholesale,Dambulla,
2021-08-30,Tomato,Retail,Pettah,
2021-08-30,Tomato,Wholesale,Pettah,
2021-08-31,Tomato,Retail,Dambulla,
2021-08-31,Tomato,Wholesale,Dambulla,
2021-08-31,Tomato,Retail,Pettah,
2021-08-31,Tomato,Wholesale,Pettah,
2021-09-01,Tomato,Retail,Dambulla,
2021-09-01,Tomato,Wholesale,Dambulla,108.0
2021-09-01,Tomato,Retail,Pettah,
2021-09-01,Tomato,Wholesale,Pettah,100.0
2021-09-02,Tomato,Retail,Dambulla,
2021-09-02,Tomato,Wholesale,Dambulla,95.0
2021-09-02,Tomato,Retail,Pettah,
2021-09-02,Tomato,Wholesale,Pettah,110.0
2021-09-03,Tomato,Retail,Dambulla,
2021-09-03,Tomato,Wholesale,Dambulla,
2021-09-03,Tomato,Retail,Pettah,
2021-09-03,Tomato,Wholesale,Pettah,
2021-09-06,Tomato,Retail,Dambulla,
2021-09-06,Tomato,Wholesale,Dambulla,95.0
2021-09-06,Tomato,Retail,Pettah,140.0
2021-09-06,Tomato,Wholesale,Pettah,125.0
2021-09-07,Tomato,Retail,Dambulla,
2021-09-07,Tomato,Wholesale,Dambulla,
2021-09-07,Tomato,Retail,Pettah,
2021-09-07,Tomato,Wholesale,Pettah,
2021-09-08,Tomato,Retail,Dambulla,
2021-09-08,Tomato,Wholesale,Dambulla,
2021-09-08,Tomato,Retail,Pettah,
2021-09-08,Tomato,Wholesale,Pettah,
2021-09-09,Tomato,Retail,Dambulla,
2021-09-09,Tomato,Wholesale,Dambulla,85.0
2021-09-09,Tomato,Retail,Pettah,135.0
2021-09-09,Tomato,Wholesale,Pettah,105.0
2021-09-10,Tomato,Retail,Dambulla,
2021-09-10,Tomato,Wholesale,Dambulla,95.0
2021-09-10,Tomato,Retail,Pettah,135.0
2021-09-10,Tomato,Wholesale,Pettah,105.0
2021-09-13,Tomato,Retail,Dambulla,
2021-09-13,Tomato,Wholesale,Dambulla,110.0
2021-09-13,Tomato,Retail,Pettah,130.0
2021-09-13,Tomato,Wholesale,Pettah,100.0
2021-09-14,Tomato,Retail,Dambulla,
2021-09-14,Tomato,Wholesale,Dambulla,95.0
2021-09-14,Tomato,Retail,Pettah,120.0
2021-09-14,Tomato,Wholesale,Pettah,95.0
2021-09-15,Tomato,Retail,Dambulla,
2021-09-15,Tomato,Wholesale,Dambulla,75.0
2021-09-15,Tomato,Retail,Pettah,120.0
2021-09-15,Tomato,Wholesale,Pettah,95.0
2021-09-16,Tomato,Retail,Dambulla,
2021-09-16,Tomato,Wholesale,Dambulla,75.0
2021-09-16,Tomato,Retail,Pettah,120.0
2021-09-16,Tomato,Wholesale,Pettah,95.0
2021-09-17,Tomato,Retail,Dambulla,
2021-09-17,Tomato,Wholesale,Dambulla,75.0
2021-09-17,Tomato,Retail,Pettah,100.0
2021-09-17,Tomato,Wholesale,Pettah,80.0
2021-09-21,Tomato,Retail,Dambulla,
2021-09-21,Tomato,Wholesale,Dambulla,63.0
2021-09-21,Tomato,Retail,Pettah,120.0
2021-09-21,Tomato,Wholesale,Pettah,90.0
2021-09-22,Tomato,Retail,Dambulla,93.0
2021-09-22,Tomato,Wholesale,Dambulla,73.0
2021-09-22,Tomato,Retail,Pettah,80.0
2021-09-22,Tomato,Wholesale,Pettah,60.0
2021-09-23,Tomato,Retail,Dambulla,
2021-09-23,Tomato,Wholesale,Dambulla,53.0
2021-09-23,Tomato,Retail,Pettah,100.0
2021-09-23,Tomato,Wholesale,Pettah,65.0
2021-09-24,Tomato,Retail,Dambulla,
2021-09-24,Tomato,Wholesale,Dambulla,48.0
2021-09-24,Tomato,Retail,Pettah,80.0
2021-09-24,Tomato,Wholesale,Pettah,60.0
2021-09-27,Tomato,Retail,Dambulla,
2021-09-27,Tomato,Wholesale,Dambulla,45.0
2021-09-27,Tomato,Retail,Pettah,80.0
2021-09-27,Tomato,Wholesale,Pettah,60.0
2021-09-28,Tomato,Retail,Dambulla,
2021-09-28,Tomato,Wholesale,Dambulla,48.0
2021-09-28,Tomato,Retail,Pettah,75.0
2021-09-28,Tomato,Wholesale,Pettah,55.0
2021-09-29,Tomato,Retail,Dambulla,
2021-09-29,Tomato,Wholesale,Dambulla,53.0
2021-09-29,Tomato,Retail,Pettah,80.0
2021-09-29,Tomato,Wholesale,Pettah,60.0
2021-09-30,Tomato,Retail,Dambulla,
2021-09-30,Tomato,Wholesale,Dambulla,38.0
2021-09-30,Tomato,Retail,Pettah,80.0
2021-09-30,Tomato,Wholesale,Pettah,60.0
2021-10-01,Tomato,Retail,Dambulla,
2021-10-01,Tomato,Wholesale,Dambulla,48.0
2021-10-01,Tomato,Retail,Pettah,80.0
2021-10-01,Tomato,Wholesale,Pettah,60.0
2021-10-04,Tomato,Retail,Dambulla,63.0
2021-10-04,Tomato,Wholesale,Dambulla,43.0
2021-10-04,Tomato,Retail,Pettah,80.0
2021-10-04,Tomato,Wholesale,Pettah,60.0
2021-10-05,Tomato,Retail,Dambulla,75.0
2021-10-05,Tomato,Wholesale,Dambulla,55.0
2021-10-05,Tomato,Retail,Pettah,80.0
2021-10-05,Tomato,Wholesale,Pettah,55.0
2021-10-06,Tomato,Retail,Dambulla,88.0
2021-10-06,Tomato,Wholesale,Dambulla,68.0
2021-10-06,Tomato,Retail,Pettah,80.0
2021-10-06,Tomato,Wholesale,Pettah,55.0
2021-10-07,Tomato,Retail,Dambulla,68.0
2021-10-07,Tomato,Wholesale,Dambulla,48.0
2021-10-07,Tomato,Retail,Pettah,80.0
2021-10-07,Tomato,Wholesale,Pettah,55.0
2021-10-08,Tomato,Retail,Dambulla,75.0
2021-10-08,Tomato,Wholesale,Dambulla,55.0
2021-10-08,Tomato,Retail,Pettah,80.0
2021-10-08,Tomato,Wholesale,Pettah,55.0
2021-10-11,Tomato,Retail,Dambulla,85.0
2021-10-11,Tomato,Wholesale,Dambulla,65.0
2021-10-11,Tomato,Retail,Pettah,110.0
2021-10-11,Tomato,Wholesale,Pettah,80.0
2021-10-12,Tomato,Retail,Dambulla,93.0
2021-10-12,Tomato,Wholesale,Dambulla,73.0
2021-10-12,Tomato,Retail,Pettah,110.0
2021-10-12,Tomato,Wholesale,Pettah,80.0
2021-10-13,Tomato,Retail,Dambulla,88.0
2021-10-13,Tomato,Wholesale,Dambulla,68.0
2021-10-13,Tomato,Retail,Pettah,110.0
2021-10-13,Tomato,Wholesale,Pettah,75.0
2021-10-14,Tomato,Retail,Dambulla,85.0
2021-10-14,Tomato,Wholesale,Dambulla,65.0
2021-10-14,Tomato,Retail,Pettah,110.0
2021-10-14,Tomato,Wholesale,Pettah,70.0
2021-10-15,Tomato,Retail,Dambulla,78.0
2021-10-15,Tomato,Wholesale,Dambulla,58.0
2021-10-15,Tomato,Retail,Pettah,80.0
2021-10-15,Tomato,Wholesale,Pettah,60.0
2021-10-18,Tomato,Retail,Dambulla,85.0
2021-10-18,Tomato,Wholesale,Dambulla,65.0
2021-10-18,Tomato,Retail,Pettah,80.0
2021-10-18,Tomato,Wholesale,Pettah,60.0
2021-10-21,Tomato,Retail,Dambulla,85.0
2021-10-21,Tomato,Wholesale,Dambulla,65.0
2021-10-21,Tomato,Retail,Pettah,80.0
2021-10-21,Tomato,Wholesale,Pettah,60.0
2021-10-25,Tomato,Retail,Dambulla,
2021-10-25,Tomato,Wholesale,Dambulla,
2021-10-25,Tomato,Retail,Pettah,190.0
2021-10-25,Tomato,Wholesale,Pettah,150.0
2021-10-26,Tomato,Retail,Dambulla,165.0
2021-10-26,Tomato,Wholesale,Dambulla,145.0
2021-10-26,Tomato,Retail,Pettah,190.0
2021-10-26,Tomato,Wholesale,Pettah,150.0
2021-10-27,Tomato,Retail,Dambulla,175.0
2021-10-27,Tomato,Wholesale,Dambulla,155.0
2021-10-27,Tomato,Retail,Pettah,180.0
2021-10-27,Tomato,Wholesale,Pettah,145.0
2021-10-28,Tomato,Retail,Dambulla,170.0
2021-10-28,Tomato,Wholesale,Dambulla,150.0
2021-10-28,Tomato,Retail,Pettah,200.0
2021-10-28,Tomato,Wholesale,Pettah,160.0
2021-10-29,Tomato,Retail,Dambulla,148.0
2021-10-29,Tomato,Wholesale,Dambulla,128.0
2021-10-29,Tomato,Retail,Pettah,220.0
2021-10-29,Tomato,Wholesale,Pettah,180.0
2021-11-01,Tomato,Retail,Dambulla,215.0
2021-11-01,Tomato,Wholesale,Dambulla,195.0
2021-11-01,Tomato,Retail,Pettah,300.0
2021-11-01,Tomato,Wholesale,Pettah,250.0
2021-11-02,Tomato,Retail,Dambulla,245.0
2021-11-02,Tomato,Wholesale,Dambulla,225.0
2021-11-02,Tomato,Retail,Pettah,300.0
2021-11-02,Tomato,Wholesale,Pettah,250.0
2021-11-03,Tomato,Retail,Dambulla,298.0
2021-11-03,Tomato,Wholesale,Dambulla,278.0
2021-11-03,Tomato,Retail,Pettah,300.0
2021-11-03,Tomato,Wholesale,Pettah,250.0
2021-11-05,Tomato,Retail,Dambulla,295.0
2021-11-05,Tomato,Wholesale,Dambulla,275.0
2021-11-05,Tomato,Retail,Pettah,300.0
2021-11-05,Tomato,Wholesale,Pettah,250.0
2021-11-08,Tomato,Retail,Dambulla,258.0
2021-11-08,Tomato,Wholesale,Dambulla,238.0
2021-11-08,Tomato,Retail,Pettah,290.0
2021-11-08,Tomato,Wholesale,Pettah,225.0
2021-11-09,Tomato,Retail,Dambulla,230.0
2021-11-09,Tomato,Wholesale,Dambulla,210.0
2021-11-09,Tomato,Retail,Pettah,290.0
2021-11-09,Tomato,Wholesale,Pettah,225.0
2021-11-10,Tomato,Retail,Dambulla,220.0
2021-11-10,Tomato,Wholesale,Dambulla,200.0
2021-11-10,Tomato,Retail,Pettah,315.0
2021-11-10,Tomato,Wholesale,Pettah,265.0
2021-11-11,Tomato,Retail,Dambulla,295.0
2021-11-11,Tomato,Wholesale,Dambulla,275.0
2021-11-11,Tomato,Retail,Pettah,325.0
2021-11-11,Tomato,Wholesale,Pettah,290.0
2021-11-12,Tomato,Retail,Dambulla,365.0
2021-11-12,Tomato,Wholesale,Dambulla,345.0
2021-11-12,Tomato,Retail,Pettah,350.0
2021-11-12,Tomato,Wholesale,Pettah,300.0
2021-11-15,Tomato,Retail,Dambulla,288.0
2021-11-15,Tomato,Wholesale,Dambulla,268.0
2021-11-15,Tomato,Retail,Pettah,360.0
2021-11-15,Tomato,Wholesale,Pettah,320.0
2021-11-16,Tomato,Retail,Dambulla,305.0
2021-11-16,Tomato,Wholesale,Dambulla,283.0
2021-11-16,Tomato,Retail,Pettah,360.0
2021-11-16,Tomato,Wholesale,Pettah,320.0
2021-11-17,Tomato,Retail,Dambulla,260.0
2021-11-17,Tomato,Wholesale,Dambulla,240.0
2021-11-17,Tomato,Retail,Pettah,350.0
2021-11-17,Tomato,Wholesale,Pettah,300.0
2021-11-19,Tomato,Retail,Dambulla,265.0
2021-11-19,Tomato,Wholesale,Dambulla,245.0
2021-11-19,Tomato,Retail,Pettah,350.0
2021-11-19,Tomato,Wholesale,Pettah,300.0
2021-11-22,Tomato,Retail,Dambulla,315.0
2021-11-22,Tomato,Wholesale,Dambulla,295.0
2021-11-22,Tomato,Retail,Pettah,350.0
2021-11-22,Tomato,Wholesale,Pettah,300.0
2021-11-23,Tomato,Retail,Dambulla,335.0
2021-11-23,Tomato,Wholesale,Dambulla,315.0
2021-11-23,Tomato,Retail,Pettah,350.0
2021-11-23,Tomato,Wholesale,Pettah,300.0
2021-11-24,Tomato,Retail,Dambulla,265.0
2021-11-24,Tomato,Wholesale,Dambulla,245.0
2021-11-24,Tomato,Retail,Pettah,350.0
2021-11-24,Tomato,Wholesale,Pettah,300.0
2021-11-25,Tomato,Retail,Dambulla,310.0
2021-11-25,Tomato,Wholesale,Dambulla,290.0
2021-11-25,Tomato,Retail,Pettah,350.0
2021-11-25,Tomato,Wholesale,Pettah,300.0
2021-11-26,Tomato,Retail,Dambulla,250.0
2021-11-26,Tomato,Wholesale,Dambulla,230.0
2021-11-26,Tomato,Retail,Pettah,350.0
2021-11-26,Tomato,Wholesale,Pettah,300.0
2021-11-29,Tomato,Retail,Dambulla,335.0
2021-11-29,Tomato,Wholesale,Dambulla,315.0
2021-11-29,Tomato,Retail,Pettah,375.0
2021-11-29,Tomato,Wholesale,Pettah,325.0
2021-11-30,Tomato,Retail,Dambulla,315.0
2021-11-30,Tomato,Wholesale,Dambulla,295.0
2021-11-30,Tomato,Retail,Pettah,400.0
2021-11-30,Tomato,Wholesale,Pettah,350.0
2021-12-01,Tomato,Retail,Dambulla,325.0
2021-12-01,Tomato,Wholesale,Dambulla,305.0
2021-12-01,Tomato,Retail,Pettah,425.0
2021-12-01,Tomato,Wholesale,Pettah,375.0
2021-12-02,Tomato,Retail,Dambulla,355.0
2021-12-02,Tomato,Wholesale,Dambulla,335.0
2021-12-02,Tomato,Retail,Pettah,450.0
2021-12-02,Tomato,Wholesale,Pettah,400.0
2021-12-03,Tomato,Retail,Dambulla,315.0
2021-12-03,Tomato,Wholesale,Dambulla,295.0
2021-12-03,Tomato,Retail,Pettah,450.0
2021-12-03,Tomato,Wholesale,Pettah,400.0
2021-12-06,Tomato,Retail,Dambulla,365.0
2021-12-06,Tomato,Wholesale,Dambulla,345.0
2021-12-06,Tomato,Retail,Pettah,450.0
2021-12-06,Tomato,Wholesale,Pettah,400.0
2021-12-07,Tomato,Retail,Dambulla,385.0
2021-12-07,Tomato,Wholesale,Dambulla,365.0
2021-12-07,Tomato,Retail,Pettah,475.0
2021-12-07,Tomato,Wholesale,Pettah,410.0
2021-12-08,Tomato,Retail,Dambulla,395.0
2021-12-08,Tomato,Wholesale,Dambulla,375.0
2021-12-08,Tomato,Retail,Pettah,475.0
2021-12-08,Tomato,Wholesale,Pettah,410.0
2021-12-09,Tomato,Retail,Dambulla,365.0
2021-12-09,Tomato,Wholesale,Dambulla,345.0
2021-12-09,Tomato,Retail,Pettah,475.0
2021-12-09,Tomato,Wholesale,Pettah,410.0
2021-12-10,Tomato,Retail,Dambulla,365.0
2021-12-10,Tomato,Wholesale,Dambulla,345.0
2021-12-10,Tomato,Retail,Pettah,475.0
2021-12-10,Tomato,Wholesale,Pettah,410.0
2021-12-13,Tomato,Retail,Dambulla,370.0
2021-12-13,Tomato,Wholesale,Dambulla,350.0
2021-12-13,Tomato,Retail,Pettah,400.0
2021-12-13,Tomato,Wholesale,Pettah,350.0
2021-12-14,Tomato,Retail,Dambulla,355.0
2021-12-14,Tomato,Wholesale,Dambulla,335.0
2021-12-14,Tomato,Retail,Pettah,400.0
2021-12-14,Tomato,Wholesale,Pettah,350.0
2021-12-15,Tomato,Retail,Dambulla,325.0
2021-12-15,Tomato,Wholesale,Dambulla,305.0
2021-12-15,Tomato,Retail,Pettah,350.0
2021-12-15,Tomato,Wholesale,Pettah,300.0
2021-12-16,Tomato,Retail,Dambulla,315.0
2021-12-16,Tomato,Wholesale,Dambulla,295.0
2021-12-16,Tomato,Retail,Pettah,350.0
2021-12-16,Tomato,Wholesale,Pettah,300.0
2021-12-17,Tomato,Retail,Dambulla,295.0
2021-12-17,Tomato,Wholesale,Dambulla,275.0
2021-12-17,Tomato,Retail,Pettah,350.0
2021-12-17,Tomato,Wholesale,Pettah,300.0
2021-12-20,Tomato,Retail,Dambulla,295.0
2021-12-20,Tomato,Wholesale,Dambulla,275.0
2021-12-20,Tomato,Retail,Pettah,350.0
2021-12-20,Tomato,Wholesale,Pettah,300.0
2021-12-21,Tomato,Retail,Dambulla,245.0
2021-12-21,Tomato,Wholesale,Dambulla,225.0
2021-12-21,Tomato,Retail,Pettah,340.0
2021-12-21,Tomato,Wholesale,Pettah,290.0
2021-12-22,Tomato,Retail,Dambulla,295.0
2021-12-22,Tomato,Wholesale,Dambulla,275.0
2021-12-22,Tomato,Retail,Pettah,330.0
2021-12-22,Tomato,Wholesale,Pettah,290.0
2021-12-23,Tomato,Retail,Dambulla,245.0
2021-12-23,Tomato,Wholesale,Dambulla,225.0
2021-12-23,Tomato,Retail,Pettah,350.0
2021-12-23,Tomato,Wholesale,Pettah,300.0
2021-12-24,Tomato,Retail,Dambulla,220.0
2021-12-24,Tomato,Wholesale,Dambulla,200.0
2021-12-24,Tomato,Retail,Pettah,350.0
2021-12-24,Tomato,Wholesale,Pettah,300.0
2021-12-27,Tomato,Retail,Dambulla,175.0
2021-12-27,Tomato,Wholesale,Dambulla,155.0
2021-12-27,Tomato,Retail,Pettah,250.0
2021-12-27,Tomato,Wholesale,Pettah,200.0
2021-12-28,Tomato,Retail,Dambulla,135.0
2021-12-28,Tomato,Wholesale,Dambulla,115.0
2021-12-28,Tomato,Retail,Pettah,200.0
2021-12-28,Tomato,Wholesale,Pettah,160.0
2021-12-29,Tomato,Retail,Dambulla,155.0
2021-12-29,Tomato,Wholesale,Dambulla,135.0
2021-12-29,Tomato,Retail,Pettah,190.0
2021-12-29,Tomato,Wholesale,Pettah,155.0
2021-12-30,Tomato,Retail,Dambulla,168.0
2021-12-30,Tomato,Wholesale,Dambulla,148.0
2021-12-30,Tomato,Retail,Pettah,210.0
2021-12-30,Tomato,Wholesale,Pettah,180.0
2021-12-31,Tomato,Retail,Dambulla,180.0
2021-12-31,Tomato,Wholesale,Dambulla,160.0
2021-12-31,Tomato,Retail,Pettah,210.0
2021-12-31,Tomato,Wholesale,Pettah,180.0
2022-01-03,Tomato,Retail,Dambulla,175.0
2022-01-03,Tomato,Wholesale,Dambulla,155.0
2022-01-03,Tomato,Retail,Pettah,210.0
2022-01-03,Tomato,Wholesale,Pettah,180.0
2022-01-04,Tomato,Retail,Dambulla,145.0
2022-01-04,Tomato,Wholesale,Dambulla,125.0
2022-01-04,Tomato,Retail,Pettah,220.0
2022-01-04,Tomato,Wholesale,Pettah,180.0
2022-01-05,Tomato,Retail,Dambulla,165.0
2022-01-05,Tomato,Wholesale,Dambulla,135.0
2022-01-05,Tomato,Retail,Pettah,200.0
2022-01-05,Tomato,Wholesale,Pettah,160.0
2022-01-06,Tomato,Retail,Dambulla,145.0
2022-01-06,Tomato,Wholesale,Dambulla,125.0
2022-01-06,Tomato,Retail,Pettah,180.0
2022-01-06,Tomato,Wholesale,Pettah,155.0
2022-01-07,Tomato,Retail,Dambulla,155.0
2022-01-07,Tomato,Wholesale,Dambulla,135.0
2022-01-07,Tomato,Retail,Pettah,180.0
2022-01-07,Tomato,Wholesale,Pettah,150.0
2022-01-10,Tomato,Retail,Dambulla,145.0
2022-01-10,Tomato,Wholesale,Dambulla,125.0
2022-01-10,Tomato,Retail,Pettah,180.0
2022-01-10,Tomato,Wholesale,Pettah,150.0
2022-01-11,Tomato,Retail,Dambulla,155.0
2022-01-11,Tomato,Wholesale,Dambulla,135.0
2022-01-11,Tomato,Retail,Pettah,180.0
2022-01-11,Tomato,Wholesale,Pettah,150.0
2022-01-12,Tomato,Retail,Dambulla,155.0
2022-01-12,Tomato,Wholesale,Dambulla,135.0
2022-01-12,Tomato,Retail,Pettah,180.0
2022-01-12,Tomato,Wholesale,Pettah,150.0
2022-01-13,Tomato,Retail,Dambulla,155.0
2022-01-13,Tomato,Wholesale,Dambulla,125.0
2022-01-13,Tomato,Retail,Pettah,180.0
2022-01-13,Tomato,Wholesale,Pettah,150.0
2022-01-18,Tomato,Retail,Dambulla,125.0
2022-01-18,Tomato,Wholesale,Dambulla,105.0
2022-01-18,Tomato,Retail,Pettah,170.0
2022-01-18,Tomato,Wholesale,Pettah,140.0
2022-01-19,Tomato,Retail,Dambulla,115.0
2022-01-19,Tomato,Wholesale,Dambulla,95.0
2022-01-19,Tomato,Retail,Pettah,170.0
2022-01-19,Tomato,Wholesale,Pettah,140.0
2022-01-20,Tomato,Retail,Dambulla,105.0
2022-01-20,Tomato,Wholesale,Dambulla,85.0
2022-01-20,Tomato,Retail,Pettah,160.0
2022-01-20,Tomato,Wholesale,Pettah,130.0
2022-01-21,Tomato,Retail,Dambulla,115.0
2022-01-21,Tomato,Wholesale,Dambulla,95.0
2022-01-21,Tomato,Retail,Pettah,140.0
2022-01-21,Tomato,Wholesale,Pettah,100.0
2022-01-24,Tomato,Retail,Dambulla,165.0
2022-01-24,Tomato,Wholesale,Dambulla,145.0
2022-01-24,Tomato,Retail,Pettah,150.0
2022-01-24,Tomato,Wholesale,Pettah,120.0
2022-01-25,Tomato,Retail,Dambulla,165.0
2022-01-25,Tomato,Wholesale,Dambulla,145.0
2022-01-25,Tomato,Retail,Pettah,150.0
2022-01-25,Tomato,Wholesale,Pettah,120.0
2022-01-26,Tomato,Retail,Dambulla,165.0
2022-01-26,Tomato,Wholesale,Dambulla,145.0
2022-01-26,Tomato,Retail,Pettah,175.0
2022-01-26,Tomato,Wholesale,Pettah,130.0
2022-01-27,Tomato,Retail,Dambulla,135.0
2022-01-27,Tomato,Wholesale,Dambulla,115.0
2022-01-27,Tomato,Retail,Pettah,175.0
2022-01-27,Tomato,Wholesale,Pettah,130.0
2022-01-28,Tomato,Retail,Dambulla,165.0
2022-01-28,Tomato,Wholesale,Dambulla,145.0
2022-01-28,Tomato,Retail,Pettah,175.0
2022-01-28,Tomato,Wholesale,Pettah,130.0
2022-01-31,Tomato,Retail,Dambulla,135.0
2022-01-31,Tomato,Wholesale,Dambulla,115.0
2022-01-31,Tomato,Retail,Pettah,150.0
2022-01-31,Tomato,Wholesale,Pettah,120.0
2022-02-01,Tomato,Retail,Dambulla,125.0
2022-02-01,Tomato,Wholesale,Dambulla,105.0
2022-02-01,Tomato,Retail,Pettah,125.0
2022-02-01,Tomato,Wholesale,Pettah,100.0
2022-02-02,Tomato,Retail,Dambulla,115.0
2022-02-02,Tomato,Wholesale,Dambulla,95.0
2022-02-02,Tomato,Retail,Pettah,125.0
2022-02-02,Tomato,Wholesale,Pettah,100.0
2022-02-03,Tomato,Retail,Dambulla,115.0
2022-02-03,Tomato,Wholesale,Dambulla,95.0
2022-02-03,Tomato,Retail,Pettah,120.0
2022-02-03,Tomato,Wholesale,Pettah,95.0
2022-02-07,Tomato,Retail,Dambulla,100.0
2022-02-07,Tomato,Wholesale,Dambulla,80.0
2022-02-07,Tomato,Retail,Pettah,130.0
2022-02-07,Tomato,Wholesale,Pettah,110.0
2022-02-08,Tomato,Retail,Dambulla,135.0
2022-02-08,Tomato,Wholesale,Dambulla,115.0
2022-02-08,Tomato,Retail,Pettah,130.0
2022-02-08,Tomato,Wholesale,Pettah,110.0
2022-02-09,Tomato,Retail,Dambulla,115.0
2022-02-09,Tomato,Wholesale,Dambulla,95.0
2022-02-09,Tomato,Retail,Pettah,130.0
2022-02-09,Tomato,Wholesale,Pettah,110.0
2022-02-10,Tomato,Retail,Dambulla,135.0
2022-02-10,Tomato,Wholesale,Dambulla,115.0
2022-02-10,Tomato,Retail,Pettah,130.0
2022-02-10,Tomato,Wholesale,Pettah,110.0
2022-02-11,Tomato,Retail,Dambulla,145.0
2022-02-11,Tomato,Wholesale,Dambulla,125.0
2022-02-11,Tomato,Retail,Pettah,130.0
2022-02-11,Tomato,Wholesale,Pettah,105.0
2022-02-14,Tomato,Retail,Dambulla,115.0
2022-02-14,Tomato,Wholesale,Dambulla,95.0
2022-02-14,Tomato,Retail,Pettah,210.0
2022-02-14,Tomato,Wholesale,Pettah,180.0
2022-02-15,Tomato,Retail,Dambulla,215.0
2022-02-15,Tomato,Wholesale,Dambulla,195.0
2022-02-15,Tomato,Retail,Pettah,210.0
2022-02-15,Tomato,Wholesale,Pettah,175.0
2022-02-17,Tomato,Retail,Dambulla,205.0
2022-02-17,Tomato,Wholesale,Dambulla,185.0
2022-02-17,Tomato,Retail,Pettah,220.0
2022-02-17,Tomato,Wholesale,Pettah,180.0
2022-02-18,Tomato,Retail,Dambulla,185.0
2022-02-18,Tomato,Wholesale,Dambulla,165.0
2022-02-18,Tomato,Retail,Pettah,260.0
2022-02-18,Tomato,Wholesale,Pettah,220.0
2022-02-21,Tomato,Retail,Dambulla,195.0
2022-02-21,Tomato,Wholesale,Dambulla,175.0
2022-02-21,Tomato,Retail,Pettah,280.0
2022-02-21,Tomato,Wholesale,Pettah,250.0
2022-02-22,Tomato,Retail,Dambulla,215.0
2022-02-22,Tomato,Wholesale,Dambulla,195.0
2022-02-22,Tomato,Retail,Pettah,280.0
2022-02-22,Tomato,Wholesale,Pettah,250.0
2022-02-23,Tomato,Retail,Dambulla,258.0
2022-02-23,Tomato,Wholesale,Dambulla,238.0
2022-02-23,Tomato,Retail,Pettah,280.0
2022-02-23,Tomato,Wholesale,Pettah,250.0
2022-02-24,Tomato,Retail,Dambulla,255.0
2022-02-24,Tomato,Wholesale,Dambulla,235.0
2022-02-24,Tomato,Retail,Pettah,275.0
2022-02-24,Tomato,Wholesale,Pettah,240.0
2022-02-25,Tomato,Retail,Dambulla,265.0
2022-02-25,Tomato,Wholesale,Dambulla,245.0
2022-02-25,Tomato,Retail,Pettah,275.0
2022-02-25,Tomato,Wholesale,Pettah,240.0
2022-02-28,Tomato,Retail,Dambulla,245.0
2022-02-28,Tomato,Wholesale,Dambulla,225.0
2022-02-28,Tomato,Retail,Pettah,340.0
2022-02-28,Tomato,Wholesale,Pettah,300.0
2022-03-02,Tomato,Retail,Dambulla,275.0
2022-03-02,Tomato,Wholesale,Dambulla,255.0
2022-03-02,Tomato,Retail,Pettah,320.0
2022-03-02,Tomato,Wholesale,Pettah,290.0
2022-03-03,Tomato,Retail,Dambulla,265.0
2022-03-03,Tomato,Wholesale,Dambulla,245.0
2022-03-03,Tomato,Retail,Pettah,320.0
2022-03-03,Tomato,Wholesale,Pettah,290.0
2022-03-04,Tomato,Retail,Dambulla,265.0
2022-03-04,Tomato,Wholesale,Dambulla,245.0
2022-03-04,Tomato,Retail,Pettah,320.0
2022-03-04,Tomato,Wholesale,Pettah,290.0
2022-03-07,Tomato,Retail,Dambulla,275.0
2022-03-07,Tomato,Wholesale,Dambulla,255.0
2022-03-07,Tomato,Retail,Pettah,300.0
2022-03-07,Tomato,Wholesale,Pettah,280.0
2022-03-08,Tomato,Retail,Dambulla,258.0
2022-03-08,Tomato,Wholesale,Dambulla,238.0
2022-03-08,Tomato,Retail,Pettah,350.0
2022-03-08,Tomato,Wholesale,Pettah,320.0
2022-03-09,Tomato,Retail,Dambulla,275.0
2022-03-09,Tomato,Wholesale,Dambulla,255.0
2022-03-09,Tomato,Retail,Pettah,350.0
2022-03-09,Tomato,Wholesale,Pettah,320.0
2022-03-10,Tomato,Retail,Dambulla,275.0
2022-03-10,Tomato,Wholesale,Dambulla,255.0
2022-03-10,Tomato,Retail,Pettah,350.0
2022-03-10,Tomato,Wholesale,Pettah,320.0
2022-03-11,Tomato,Retail,Dambulla,275.0
2022-03-11,Tomato,Wholesale,Dambulla,255.0
2022-03-11,Tomato,Retail,Pettah,350.0
2022-03-11,Tomato,Wholesale,Pettah,320.0
2022-03-14,Tomato,Retail,Dambulla,265.0
2022-03-14,Tomato,Wholesale,Dambulla,245.0
2022-03-14,Tomato,Retail,Pettah,300.0
2022-03-14,Tomato,Wholesale,Pettah,260.0
2022-03-15,Tomato,Retail,Dambulla,235.0
2022-03-15,Tomato,Wholesale,Dambulla,215.0
2022-03-15,Tomato,Retail,Pettah,280.0
2022-03-15,Tomato,Wholesale,Pettah,230.0
2022-03-18,Tomato,Retail,Dambulla,215.0
2022-03-18,Tomato,Wholesale,Dambulla,195.0
2022-03-18,Tomato,Retail,Pettah,250.0
2022-03-18,Tomato,Wholesale,Pettah,220.0
2022-03-21,Tomato,Retail,Dambulla,155.0
2022-03-21,Tomato,Wholesale,Dambulla,135.0
2022-03-21,Tomato,Retail,Pettah,250.0
2022-03-21,Tomato,Wholesale,Pettah,220.0
2022-03-22,Tomato,Retail,Dambulla,155.0
2022-03-22,Tomato,Wholesale,Dambulla,135.0
2022-03-22,Tomato,Retail,Pettah,230.0
2022-03-22,Tomato,Wholesale,Pettah,200.0
2022-03-23,Tomato,Retail,Dambulla,165.0
2022-03-23,Tomato,Wholesale,Dambulla,145.0
2022-03-23,Tomato,Retail,Pettah,225.0
2022-03-23,Tomato,Wholesale,Pettah,190.0
2022-03-24,Tomato,Retail,Dambulla,135.0
2022-03-24,Tomato,Wholesale,Dambulla,115.0
2022-03-24,Tomato,Retail,Pettah,225.0
2022-03-24,Tomato,Wholesale,Pettah,190.0
2022-03-25,Tomato,Retail,Dambulla,115.0
2022-03-25,Tomato,Wholesale,Dambulla,95.0
2022-03-25,Tomato,Retail,Pettah,225.0
2022-03-25,Tomato,Wholesale,Pettah,190.0
2022-03-28,Tomato,Retail,Dambulla,95.0
2022-03-28,Tomato,Wholesale,Dambulla,75.0
2022-03-28,Tomato,Retail,Pettah,120.0
2022-03-28,Tomato,Wholesale,Pettah,90.0
2022-03-29,Tomato,Retail,Dambulla,95.0
2022-03-29,Tomato,Wholesale,Dambulla,75.0
2022-03-29,Tomato,Retail,Pettah,120.0
2022-03-29,Tomato,Wholesale,Pettah,90.0
2022-03-30,Tomato,Retail,Dambulla,78.0
2022-03-30,Tomato,Wholesale,Dambulla,58.0
2022-03-30,Tomato,Retail,Pettah,120.0
2022-03-30,Tomato,Wholesale,Pettah,90.0
2022-03-31,Tomato,Retail,Dambulla,65.0
2022-03-31,Tomato,Wholesale,Dambulla,45.0
2022-03-31,Tomato,Retail,Pettah,120.0
2022-03-31,Tomato,Wholesale,Pettah,85.0
2022-04-01,Tomato,Retail,Dambulla,58.0
2022-04-01,Tomato,Wholesale,Dambulla,38.0
2022-04-01,Tomato,Retail,Pettah,120.0
2022-04-01,Tomato,Wholesale,Pettah,85.0
2022-04-04,Tomato,Retail,Dambulla,78.0
2022-04-04,Tomato,Wholesale,Dambulla,58.0
2022-04-04,Tomato,Retail,Pettah,110.0
2022-04-04,Tomato,Wholesale,Pettah,80.0
2022-04-05,Tomato,Retail,Dambulla,78.0
2022-04-05,Tomato,Wholesale,Dambulla,58.0
2022-04-05,Tomato,Retail,Pettah,110.0
2022-04-05,Tomato,Wholesale,Pettah,80.0
2022-04-06,Tomato,Retail,Dambulla,78.0
2022-04-06,Tomato,Wholesale,Dambulla,58.0
2022-04-06,Tomato,Retail,Pettah,110.0
2022-04-06,Tomato,Wholesale,Pettah,75.0
2022-04-07,Tomato,Retail,Dambulla,83.0
2022-04-07,Tomato,Wholesale,Dambulla,63.0
2022-04-07,Tomato,Retail,Pettah,110.0
2022-04-07,Tomato,Wholesale,Pettah,80.0
2022-04-08,Tomato,Retail,Dambulla,115.0
2022-04-08,Tomato,Wholesale,Dambulla,95.0
2022-04-08,Tomato,Retail,Pettah,120.0
2022-04-08,Tomato,Wholesale,Pettah,85.0
2022-04-11,Tomato,Retail,Dambulla,215.0
2022-04-11,Tomato,Wholesale,Dambulla,195.0
2022-04-11,Tomato,Retail,Pettah,230.0
2022-04-11,Tomato,Wholesale,Pettah,180.0
2022-04-12,Tomato,Retail,Dambulla,195.0
2022-04-12,Tomato,Wholesale,Dambulla,175.0
2022-04-12,Tomato,Retail,Pettah,280.0
2022-04-12,Tomato,Wholesale,Pettah,250.0
2022-04-18,Tomato,Retail,Dambulla,95.0
2022-04-18,Tomato,Wholesale,Dambulla,75.0
2022-04-18,Tomato,Retail,Pettah,280.0
2022-04-18,Tomato,Wholesale,Pettah,225.0
2022-04-19,Tomato,Retail,Dambulla,68.0
2022-04-19,Tomato,Wholesale,Dambulla,48.0
2022-04-19,Tomato,Retail,Pettah,280.0
2022-04-19,Tomato,Wholesale,Pettah,240.0
2022-04-20,Tomato,Retail,Dambulla,78.0
2022-04-20,Tomato,Wholesale,Dambulla,58.0
2022-04-20,Tomato,Retail,Pettah,280.0
2022-04-20,Tomato,Wholesale,Pettah,240.0
2022-04-21,Tomato,Retail,Dambulla,95.0
2022-04-21,Tomato,Wholesale,Dambulla,75.0
2022-04-21,Tomato,Retail,Pettah,280.0
2022-04-21,Tomato,Wholesale,Pettah,250.0
2022-04-22,Tomato,Retail,Dambulla,98.0
2022-04-22,Tomato,Wholesale,Dambulla,78.0
2022-04-22,Tomato,Retail,Pettah,265.0
2022-04-22,Tomato,Wholesale,Pettah,225.0
2022-04-25,Tomato,Retail,Dambulla,175.0
2022-04-25,Tomato,Wholesale,Dambulla,155.0
2022-04-25,Tomato,Retail,Pettah,280.0
2022-04-25,Tomato,Wholesale,Pettah,225.0
2022-04-26,Tomato,Retail,Dambulla,185.0
2022-04-26,Tomato,Wholesale,Dambulla,165.0
2022-04-26,Tomato,Retail,Pettah,240.0
2022-04-26,Tomato,Wholesale,Pettah,190.0
2022-04-27,Tomato,Retail,Dambulla,195.0
2022-04-27,Tomato,Wholesale,Dambulla,175.0
2022-04-27,Tomato,Retail,Pettah,240.0
2022-04-27,Tomato,Wholesale,Pettah,190.0
2022-04-28,Tomato,Retail,Dambulla,
2022-04-28,Tomato,Wholesale,Dambulla,
2022-04-28,Tomato,Retail,Pettah,
2022-04-28,Tomato,Wholesale,Pettah,
2022-04-29,Tomato,Retail,Dambulla,175.0
2022-04-29,Tomato,Wholesale,Dambulla,155.0
2022-04-29,Tomato,Retail,Pettah,280.0
2022-04-29,Tomato,Wholesale,Pettah,250.0
2022-05-04,Tomato,Retail,Dambulla,265.0
2022-05-04,Tomato,Wholesale,Dambulla,245.0
2022-05-04,Tomato,Retail,Pettah,310.0
2022-05-04,Tomato,Wholesale,Pettah,280.0
2022-05-05,Tomato,Retail,Dambulla,255.0
2022-05-05,Tomato,Wholesale,Dambulla,235.0
2022-05-05,Tomato,Retail,Pettah,360.0
2022-05-05,Tomato,Wholesale,Pettah,320.0
2022-05-06,Tomato,Retail,Dambulla,
2022-05-06,Tomato,Wholesale,Dambulla,
2022-05-06,Tomato,Retail,Pettah,
2022-05-06,Tomato,Wholesale,Pettah,
2022-05-09,Tomato,Retail,Dambulla,295.0
2022-05-09,Tomato,Wholesale,Dambulla,275.0
2022-05-09,Tomato,Retail,Pettah,450.0
2022-05-09,Tomato,Wholesale,Pettah,400.0
2022-05-12,Tomato,Retail,Dambulla,335.0
2022-05-12,Tomato,Wholesale,Dambulla,315.0
2022-05-12,Tomato,Retail,Pettah,500.0
2022-05-12,Tomato,Wholesale,Pettah,450.0
2022-05-13,Tomato,Retail,Dambulla,365.0
2022-05-13,Tomato,Wholesale,Dambulla,345.0
2022-05-13,Tomato,Retail,Pettah,500.0
2022-05-13,Tomato,Wholesale,Pettah,450.0
2022-05-17,Tomato,Retail,Dambulla,565.0
2022-05-17,Tomato,Wholesale,Dambulla,545.0
2022-05-17,Tomato,Retail,Pettah,600.0
2022-05-17,Tomato,Wholesale,Pettah,550.0
2022-05-18,Tomato,Retail,Dambulla,645.0
2022-05-18,Tomato,Wholesale,Dambulla,625.0
2022-05-18,Tomato,Retail,Pettah,700.0
2022-05-18,Tomato,Wholesale,Pettah,650.0
2022-05-19,Tomato,Retail,Dambulla,645.0
2022-05-19,Tomato,Wholesale,Dambulla,625.0
2022-05-19,Tomato,Retail,Pettah,750.0
2022-05-19,Tomato,Wholesale,Pettah,700.0
2022-05-20,Tomato,Retail,Dambulla,695.0
2022-05-20,Tomato,Wholesale,Dambulla,675.0
2022-05-20,Tomato,Retail,Pettah,800.0
2022-05-20,Tomato,Wholesale,Pettah,750.0
2022-05-23,Tomato,Retail,Dambulla,635.0
2022-05-23,Tomato,Wholesale,Dambulla,605.0
2022-05-23,Tomato,Retail,Pettah,750.0
2022-05-23,Tomato,Wholesale,Pettah,700.0
2022-05-24,Tomato,Retail,Dambulla,580.0
2022-05-24,Tomato,Wholesale,Dambulla,550.0
2022-05-24,Tomato,Retail,Pettah,775.0
2022-05-24,Tomato,Wholesale,Pettah,725.0
2022-05-25,Tomato,Retail,Dambulla,540.0
2022-05-25,Tomato,Wholesale,Dambulla,510.0
2022-05-25,Tomato,Retail,Pettah,775.0
2022-05-25,Tomato,Wholesale,Pettah,725.0
2022-05-26,Tomato,Retail,Dambulla,455.0
2022-05-26,Tomato,Wholesale,Dambulla,425.0
2022-05-26,Tomato,Retail,Pettah,775.0
2022-05-26,Tomato,Wholesale,Pettah,725.0
2022-05-27,Tomato,Retail,Dambulla,415.0
2022-05-27,Tomato,Wholesale,Dambulla,395.0
2022-05-27,Tomato,Retail,Pettah,625.0
2022-05-27,Tomato,Wholesale,Pettah,590.0
2022-05-30,Tomato,Retail,Dambulla,475.0
2022-05-30,Tomato,Wholesale,Dambulla,445.0
2022-05-30,Tomato,Retail,Pettah,700.0
2022-05-30,Tomato,Wholesale,Pettah,650.0
2022-05-31,Tomato,Retail,Dambulla,520.0
2022-05-31,Tomato,Wholesale,Dambulla,490.0
2022-05-31,Tomato,Retail,Pettah,700.0
2022-05-31,Tomato,Wholesale,Pettah,650.0
2022-06-01,Tomato,Retail,Dambulla,525.0
2022-06-01,Tomato,Wholesale,Dambulla,495.0
2022-06-01,Tomato,Retail,Pettah,700.0
2022-06-01,Tomato,Wholesale,Pettah,650.0
2022-06-02,Tomato,Retail,Dambulla,525.0
2022-06-02,Tomato,Wholesale,Dambulla,495.0
2022-06-02,Tomato,Retail,Pettah,700.0
2022-06-02,Tomato,Wholesale,Pettah,650.0
2022-06-03,Tomato,Retail,Dambulla,575.0
2022-06-03,Tomato,Wholesale,Dambulla,545.0
2022-06-03,Tomato,Retail,Pettah,700.0
2022-06-03,Tomato,Wholesale,Pettah,650.0
2022-06-06,Tomato,Retail,Dambulla,605.0
2022-06-06,Tomato,Wholesale,Dambulla,575.0
2022-06-06,Tomato,Retail,Pettah,800.0
2022-06-06,Tomato,Wholesale,Pettah,750.0
2022-06-07,Tomato,Retail,Dambulla,655.0
2022-06-07,Tomato,Wholesale,Dambulla,625.0
2022-06-07,Tomato,Retail,Pettah,750.0
2022-06-07,Tomato,Wholesale,Pettah,700.0
2022-06-08,Tomato,Retail,Dambulla,555.0
2022-06-08,Tomato,Wholesale,Dambulla,525.0
2022-06-08,Tomato,Retail,Pettah,740.0
2022-06-08,Tomato,Wholesale,Pettah,675.0
2022-06-09,Tomato,Retail,Dambulla,625.0
2022-06-09,Tomato,Wholesale,Dambulla,595.0
2022-06-09,Tomato,Retail,Pettah,740.0
2022-06-09,Tomato,Wholesale,Pettah,675.0
2022-06-10,Tomato,Retail,Dambulla,555.0
2022-06-10,Tomato,Wholesale,Dambulla,525.0
2022-06-10,Tomato,Retail,Pettah,650.0
2022-06-10,Tomato,Wholesale,Pettah,600.0
2022-06-13,Tomato,Retail,Dambulla,475.0
2022-06-13,Tomato,Wholesale,Dambulla,445.0
2022-06-13,Tomato,Retail,Pettah,650.0
2022-06-13,Tomato,Wholesale,Pettah,600.0
2022-06-15,Tomato,Retail,Dambulla,
2022-06-15,Tomato,Wholesale,Dambulla,
2022-06-15,Tomato,Retail,Pettah,550.0
2022-06-15,Tomato,Wholesale,Pettah,500.0
2022-06-16,Tomato,Retail,Dambulla,405.0
2022-06-16,Tomato,Wholesale,Dambulla,375.0
2022-06-16,Tomato,Retail,Pettah,625.0
2022-06-16,Tomato,Wholesale,Pettah,575.0
2022-06-17,Tomato,Retail,Dambulla,475.0
2022-06-17,Tomato,Wholesale,Dambulla,445.0
2022-06-17,Tomato,Retail,Pettah,625.0
2022-06-17,Tomato,Wholesale,Pettah,575.0
2022-06-20,Tomato,Retail,Dambulla,425.0
2022-06-20,Tomato,Wholesale,Dambulla,395.0
2022-06-20,Tomato,Retail,Pettah,650.0
2022-06-20,Tomato,Wholesale,Pettah,600.0
2022-06-21,Tomato,Retail,Dambulla,425.0
2022-06-21,Tomato,Wholesale,Dambulla,395.0
2022-06-21,Tomato,Retail,Pettah,640.0
2022-06-21,Tomato,Wholesale,Pettah,590.0
2022-06-23,Tomato,Retail,Dambulla,505.0
2022-06-23,Tomato,Wholesale,Dambulla,475.0
2022-06-23,Tomato,Retail,Pettah,550.0
2022-06-23,Tomato,Wholesale,Pettah,500.0
2022-06-24,Tomato,Retail,Dambulla,405.0
2022-06-24,Tomato,Wholesale,Dambulla,375.0
2022-06-24,Tomato,Retail,Pettah,550.0
2022-06-24,Tomato,Wholesale,Pettah,500.0
2022-06-27,Tomato,Retail,Dambulla,290.0
2022-06-27,Tomato,Wholesale,Dambulla,260.0
2022-06-27,Tomato,Retail,Pettah,550.0
2022-06-27,Tomato,Wholesale,Pettah,500.0
2022-06-28,Tomato,Retail,Dambulla,255.0
2022-06-28,Tomato,Wholesale,Dambulla,225.0
2022-06-28,Tomato,Retail,Pettah,300.0
2022-06-28,Tomato,Wholesale,Pettah,250.0
2022-06-29,Tomato,Retail,Dambulla,225.0
2022-06-29,Tomato,Wholesale,Dambulla,195.0
2022-06-29,Tomato,Retail,Pettah,250.0
2022-06-29,Tomato,Wholesale,Pettah,200.0
2022-06-30,Tomato,Retail,Dambulla,185.0
2022-06-30,Tomato,Wholesale,Dambulla,155.0
2022-06-30,Tomato,Retail,Pettah,250.0
2022-06-30,Tomato,Wholesale,Pettah,200.0
2022-07-01,Tomato,Retail,Dambulla,175.0
2022-07-01,Tomato,Wholesale,Dambulla,145.0
2022-07-01,Tomato,Retail,Pettah,230.0
2022-07-01,Tomato,Wholesale,Pettah,180.0
2022-07-04,Tomato,Retail,Dambulla,175.0
2022-07-04,Tomato,Wholesale,Dambulla,145.0
2022-07-04,Tomato,Retail,Pettah,230.0
2022-07-04,Tomato,Wholesale,Pettah,180.0
2022-07-05,Tomato,Retail,Dambulla,155.0
2022-07-05,Tomato,Wholesale,Dambulla,125.0
2022-07-05,Tomato,Retail,Pettah,200.0
2022-07-05,Tomato,Wholesale,Pettah,150.0
2022-07-06,Tomato,Retail,Dambulla,155.0
2022-07-06,Tomato,Wholesale,Dambulla,125.0
2022-07-06,Tomato,Retail,Pettah,200.0
2022-07-06,Tomato,Wholesale,Pettah,150.0
2022-07-07,Tomato,Retail,Dambulla,135.0
2022-07-07,Tomato,Wholesale,Dambulla,105.0
2022-07-07,Tomato,Retail,Pettah,200.0
2022-07-07,Tomato,Wholesale,Pettah,150.0
2022-07-08,Tomato,Retail,Dambulla,175.0
2022-07-08,Tomato,Wholesale,Dambulla,145.0
2022-07-08,Tomato,Retail,Pettah,200.0
2022-07-08,Tomato,Wholesale,Pettah,150.0
2022-07-11,Tomato,Retail,Dambulla,165.0
2022-07-11,Tomato,Wholesale,Dambulla,135.0
2022-07-11,Tomato,Retail,Pettah,200.0
2022-07-11,Tomato,Wholesale,Pettah,150.0
2022-07-12,Tomato,Retail,Dambulla,155.0
2022-07-12,Tomato,Wholesale,Dambulla,125.0
2022-07-12,Tomato,Retail,Pettah,200.0
2022-07-12,Tomato,Wholesale,Pettah,150.0
2022-07-14,Tomato,Retail,Dambulla,185.0
2022-07-14,Tomato,Wholesale,Dambulla,155.0
2022-07-14,Tomato,Retail,Pettah,200.0
2022-07-14,Tomato,Wholesale,Pettah,150.0
2022-07-15,Tomato,Retail,Dambulla,175.0
2022-07-15,Tomato,Wholesale,Dambulla,145.0
2022-07-15,Tomato,Retail,Pettah,200.0
2022-07-15,Tomato,Wholesale,Pettah,150.0
2022-07-18,Tomato,Retail,Dambulla,185.0
2022-07-18,Tomato,Wholesale,Dambulla,155.0
2022-07-18,Tomato,Retail,Pettah,220.0
2022-07-18,Tomato,Wholesale,Pettah,180.0
2022-07-19,Tomato,Retail,Dambulla,165.0
2022-07-19,Tomato,Wholesale,Dambulla,135.0
2022-07-19,Tomato,Retail,Pettah,220.0
2022-07-19,Tomato,Wholesale,Pettah,180.0
2022-07-20,Tomato,Retail,Dambulla,195.0
2022-07-20,Tomato,Wholesale,Dambulla,165.0
2022-07-20,Tomato,Retail,Pettah,220.0
2022-07-20,Tomato,Wholesale,Pettah,180.0
2022-07-21,Tomato,Retail,Dambulla,198.0
2022-07-21,Tomato,Wholesale,Dambulla,168.0
2022-07-21,Tomato,Retail,Pettah,220.0
2022-07-21,Tomato,Wholesale,Pettah,180.0
2022-07-22,Tomato,Retail,Dambulla,245.0
2022-07-22,Tomato,Wholesale,Dambulla,215.0
2022-07-22,Tomato,Retail,Pettah,220.0
2022-07-22,Tomato,Wholesale,Pettah,180.0
2022-07-25,Tomato,Retail,Dambulla,250.0
2022-07-25,Tomato,Wholesale,Dambulla,220.0
2022-07-25,Tomato,Retail,Pettah,300.0
2022-07-25,Tomato,Wholesale,Pettah,250.0
2022-07-26,Tomato,Retail,Dambulla,245.0
2022-07-26,Tomato,Wholesale,Dambulla,215.0
2022-07-26,Tomato,Retail,Pettah,300.0
2022-07-26,Tomato,Wholesale,Pettah,250.0
2022-07-27,Tomato,Retail,Dambulla,230.0
2022-07-27,Tomato,Wholesale,Dambulla,200.0
2022-07-27,Tomato,Retail,Pettah,300.0
2022-07-27,Tomato,Wholesale,Pettah,250.0
2022-07-28,Tomato,Retail,Dambulla,265.0
2022-07-28,Tomato,Wholesale,Dambulla,235.0
2022-07-28,Tomato,Retail,Pettah,300.0
2022-07-28,Tomato,Wholesale,Pettah,250.0
2022-07-29,Tomato,Retail,Dambulla,295.0
2022-07-29,Tomato,Wholesale,Dambulla,265.0
2022-07-29,Tomato,Retail,Pettah,350.0
2022-07-29,Tomato,Wholesale,Pettah,300.0
2022-08-01,Tomato,Retail,Dambulla,320.0
2022-08-01,Tomato,Wholesale,Dambulla,290.0
2022-08-01,Tomato,Retail,Pettah,380.0
2022-08-01,Tomato,Wholesale,Pettah,320.0
2022-08-02,Tomato,Retail,Dambulla,320.0
2022-08-02,Tomato,Wholesale,Dambulla,290.0
2022-08-02,Tomato,Retail,Pettah,400.0
2022-08-02,Tomato,Wholesale,Pettah,350.0
2022-08-03,Tomato,Retail,Dambulla,305.0
2022-08-03,Tomato,Wholesale,Dambulla,275.0
2022-08-03,Tomato,Retail,Pettah,400.0
2022-08-03,Tomato,Wholesale,Pettah,350.0
2022-08-04,Tomato,Retail,Dambulla,305.0
2022-08-04,Tomato,Wholesale,Dambulla,275.0
2022-08-04,Tomato,Retail,Pettah,380.0
2022-08-04,Tomato,Wholesale,Pettah,330.0
2022-08-05,Tomato,Retail,Dambulla,295.0
2022-08-05,Tomato,Wholesale,Dambulla,265.0
2022-08-05,Tomato,Retail,Pettah,380.0
2022-08-05,Tomato,Wholesale,Pettah,330.0
2022-08-08,Tomato,Retail,Dambulla,305.0
2022-08-08,Tomato,Wholesale,Dambulla,275.0
2022-08-08,Tomato,Retail,Pettah,400.0
2022-08-08,Tomato,Wholesale,Pettah,350.0
2022-08-09,Tomato,Retail,Dambulla,275.0
2022-08-09,Tomato,Wholesale,Dambulla,245.0
2022-08-09,Tomato,Retail,Pettah,400.0
2022-08-09,Tomato,Wholesale,Pettah,350.0
2022-08-10,Tomato,Retail,Dambulla,265.0
2022-08-10,Tomato,Wholesale,Dambulla,235.0
2022-08-10,Tomato,Retail,Pettah,360.0
2022-08-10,Tomato,Wholesale,Pettah,330.0
2022-08-12,Tomato,Retail,Dambulla,300.0
2022-08-12,Tomato,Wholesale,Dambulla,270.0
2022-08-12,Tomato,Retail,Pettah,320.0
2022-08-12,Tomato,Wholesale,Pettah,280.0
2022-08-15,Tomato,Retail,Dambulla,345.0
2022-08-15,Tomato,Wholesale,Dambulla,315.0
2022-08-15,Tomato,Retail,Pettah,360.0
2022-08-15,Tomato,Wholesale,Pettah,320.0
2022-08-16,Tomato,Retail,Dambulla,345.0
2022-08-16,Tomato,Wholesale,Dambulla,315.0
2022-08-16,Tomato,Retail,Pettah,360.0
2022-08-16,Tomato,Wholesale,Pettah,320.0
2022-08-17,Tomato,Retail,Dambulla,340.0
2022-08-17,Tomato,Wholesale,Dambulla,310.0
2022-08-17,Tomato,Retail,Pettah,360.0
2022-08-17,Tomato,Wholesale,Pettah,320.0
2022-08-18,Tomato,Retail,Dambulla,275.0
2022-08-18,Tomato,Wholesale,Dambulla,245.0
2022-08-18,Tomato,Retail,Pettah,360.0
2022-08-18,Tomato,Wholesale,Pettah,320.0
2022-08-19,Tomato,Retail,Dambulla,260.0
2022-08-19,Tomato,Wholesale,Dambulla,230.0
2022-08-19,Tomato,Retail,Pettah,350.0
2022-08-19,Tomato,Wholesale,Pettah,300.0
2022-08-22,Tomato,Retail,Dambulla,175.0
2022-08-22,Tomato,Wholesale,Dambulla,145.0
2022-08-22,Tomato,Retail,Pettah,200.0
2022-08-22,Tomato,Wholesale,Pettah,150.0
2022-08-23,Tomato,Retail,Dambulla,120.0
2022-08-23,Tomato,Wholesale,Dambulla,90.0
2022-08-23,Tomato,Retail,Pettah,180.0
2022-08-23,Tomato,Wholesale,Pettah,140.0
2022-08-24,Tomato,Retail,Dambulla,175.0
2022-08-24,Tomato,Wholesale,Dambulla,145.0
2022-08-24,Tomato,Retail,Pettah,160.0
2022-08-24,Tomato,Wholesale,Pettah,130.0
2022-08-25,Tomato,Retail,Dambulla,95.0
2022-08-25,Tomato,Wholesale,Dambulla,65.0
2022-08-25,Tomato,Retail,Pettah,160.0
2022-08-25,Tomato,Wholesale,Pettah,120.0
2022-08-26,Tomato,Retail,Dambulla,125.0
2022-08-26,Tomato,Wholesale,Dambulla,95.0
2022-08-26,Tomato,Retail,Pettah,160.0
2022-08-26,Tomato,Wholesale,Pettah,120.0
2022-08-29,Tomato,Retail,Dambulla,125.0
2022-08-29,Tomato,Wholesale,Dambulla,95.0
2022-08-29,Tomato,Retail,Pettah,180.0
2022-08-29,Tomato,Wholesale,Pettah,130.0
2022-08-30,Tomato,Retail,Dambulla,175.0
2022-08-30,Tomato,Wholesale,Dambulla,145.0
2022-08-30,Tomato,Retail,Pettah,200.0
2022-08-30,Tomato,Wholesale,Pettah,150.0
2022-08-31,Tomato,Retail,Dambulla,175.0
2022-08-31,Tomato,Wholesale,Dambulla,145.0
2022-08-31,Tomato,Retail,Pettah,220.0
2022-08-31,Tomato,Wholesale,Pettah,170.0
2022-09-01,Tomato,Retail,Dambulla,168.0
2022-09-01,Tomato,Wholesale,Dambulla,138.0
2022-09-01,Tomato,Retail,Pettah,240.0
2022-09-01,Tomato,Wholesale,Pettah,200.0
2022-09-02,Tomato,Retail,Dambulla,185.0
2022-09-02,Tomato,Wholesale,Dambulla,155.0
2022-09-02,Tomato,Retail,Pettah,240.0
2022-09-02,Tomato,Wholesale,Pettah,200.0
2022-09-05,Tomato,Retail,Dambulla,198.0
2022-09-05,Tomato,Wholesale,Dambulla,168.0
2022-09-05,Tomato,Retail,Pettah,260.0
2022-09-05,Tomato,Wholesale,Pettah,240.0
2022-09-06,Tomato,Retail,Dambulla,170.0
2022-09-06,Tomato,Wholesale,Dambulla,140.0
2022-09-06,Tomato,Retail,Pettah,240.0
2022-09-06,Tomato,Wholesale,Pettah,200.0
2022-09-07,Tomato,Retail,Dambulla,185.0
2022-09-07,Tomato,Wholesale,Dambulla,155.0
2022-09-07,Tomato,Retail,Pettah,250.0
2022-09-07,Tomato,Wholesale,Pettah,220.0
2022-09-08,Tomato,Retail,Dambulla,225.0
2022-09-08,Tomato,Wholesale,Dambulla,195.0
2022-09-08,Tomato,Retail,Pettah,280.0
2022-09-08,Tomato,Wholesale,Pettah,240.0
2022-09-09,Tomato,Retail,Dambulla,220.0
2022-09-09,Tomato,Wholesale,Dambulla,190.0
2022-09-09,Tomato,Retail,Pettah,280.0
2022-09-09,Tomato,Wholesale,Pettah,240.0
2022-09-12,Tomato,Retail,Dambulla,208.0
2022-09-12,Tomato,Wholesale,Dambulla,178.0
2022-09-12,Tomato,Retail,Pettah,280.0
2022-09-12,Tomato,Wholesale,Pettah,240.0
2022-09-13,Tomato,Retail,Dambulla,220.0
2022-09-13,Tomato,Wholesale,Dambulla,190.0
2022-09-13,Tomato,Retail,Pettah,280.0
2022-09-13,Tomato,Wholesale,Pettah,240.0
2022-09-15,Tomato,Retail,Dambulla,205.0
2022-09-15,Tomato,Wholesale,Dambulla,175.0
2022-09-15,Tomato,Retail,Pettah,240.0
2022-09-15,Tomato,Wholesale,Pettah,200.0
2022-09-16,Tomato,Retail,Dambulla,220.0
2022-09-16,Tomato,Wholesale,Dambulla,190.0
2022-09-16,Tomato,Retail,Pettah,220.0
2022-09-16,Tomato,Wholesale,Pettah,180.0
2022-09-19,Tomato,Retail,Dambulla,
2022-09-19,Tomato,Wholesale,Dambulla,
2022-09-19,Tomato,Retail,Pettah,200.0
2022-09-19,Tomato,Wholesale,Pettah,165.0
2022-09-21,Tomato,Retail,Dambulla,125.0
2022-09-21,Tomato,Wholesale,Dambulla,95.0
2022-09-21,Tomato,Retail,Pettah,200.0
2022-09-21,Tomato,Wholesale,Pettah,165.0
2022-09-22,Tomato,Retail,Dambulla,120.0
2022-09-22,Tomato,Wholesale,Dambulla,90.0
2022-09-22,Tomato,Retail,Pettah,200.0
2022-09-22,Tomato,Wholesale,Pettah,170.0
2022-09-23,Tomato,Retail,Dambulla,125.0
2022-09-23,Tomato,Wholesale,Dambulla,95.0
2022-09-23,Tomato,Retail,Pettah,200.0
2022-09-23,Tomato,Wholesale,Pettah,170.0
2022-09-26,Tomato,Retail,Dambulla,165.0
2022-09-26,Tomato,Wholesale,Dambulla,135.0
2022-09-26,Tomato,Retail,Pettah,250.0
2022-09-26,Tomato,Wholesale,Pettah,200.0
2022-09-27,Tomato,Retail,Dambulla,168.0
2022-09-27,Tomato,Wholesale,Dambulla,138.0
2022-09-27,Tomato,Retail,Pettah,250.0
2022-09-27,Tomato,Wholesale,Pettah,200.0
2022-09-28,Tomato,Retail,Dambulla,220.0
2022-09-28,Tomato,Wholesale,Dambulla,190.0
2022-09-28,Tomato,Retail,Pettah,250.0
2022-09-28,Tomato,Wholesale,Pettah,200.0
2022-09-29,Tomato,Retail,Dambulla,200.0
2022-09-29,Tomato,Wholesale,Dambulla,170.0
2022-09-29,Tomato,Retail,Pettah,250.0
2022-09-29,Tomato,Wholesale,Pettah,200.0
2022-09-30,Tomato,Retail,Dambulla,220.0
2022-09-30,Tomato,Wholesale,Dambulla,190.0
2022-09-30,Tomato,Retail,Pettah,250.0
2022-09-30,Tomato,Wholesale,Pettah,200.0
2022-10-03,Tomato,Retail,Dambulla,165.0
2022-10-03,Tomato,Wholesale,Dambulla,135.0
2022-10-03,Tomato,Retail,Pettah,250.0
2022-10-03,Tomato,Wholesale,Pettah,200.0
2022-10-04,Tomato,Retail,Dambulla,185.0
2022-10-04,Tomato,Wholesale,Dambulla,155.0
2022-10-04,Tomato,Retail,Pettah,250.0
2022-10-04,Tomato,Wholesale,Pettah,200.0
2022-10-05,Tomato,Retail,Dambulla,220.0
2022-10-05,Tomato,Wholesale,Dambulla,190.0
2022-10-05,Tomato,Retail,Pettah,230.0
2022-10-05,Tomato,Wholesale,Pettah,180.0
2022-10-06,Tomato,Retail,Dambulla,215.0
2022-10-06,Tomato,Wholesale,Dambulla,185.0
2022-10-06,Tomato,Retail,Pettah,230.0
2022-10-06,Tomato,Wholesale,Pettah,180.0
2022-10-07,Tomato,Retail,Dambulla,205.0
2022-10-07,Tomato,Wholesale,Dambulla,175.0
2022-10-07,Tomato,Retail,Pettah,230.0
2022-10-07,Tomato,Wholesale,Pettah,180.0
2022-10-11,Tomato,Retail,Dambulla,220.0
2022-10-11,Tomato,Wholesale,Dambulla,190.0
2022-10-11,Tomato,Retail,Pettah,300.0
2022-10-11,Tomato,Wholesale,Pettah,250.0
2022-10-12,Tomato,Retail,Dambulla,245.0
2022-10-12,Tomato,Wholesale,Dambulla,215.0
2022-10-12,Tomato,Retail,Pettah,320.0
2022-10-12,Tomato,Wholesale,Pettah,270.0
2022-10-13,Tomato,Retail,Dambulla,255.0
2022-10-13,Tomato,Wholesale,Dambulla,225.0
2022-10-13,Tomato,Retail,Pettah,320.0
2022-10-13,Tomato,Wholesale,Pettah,270.0
2022-10-14,Tomato,Retail,Dambulla,245.0
2022-10-14,Tomato,Wholesale,Dambulla,215.0
2022-10-14,Tomato,Retail,Pettah,320.0
2022-10-14,Tomato,Wholesale,Pettah,270.0
2022-10-17,Tomato,Retail,Dambulla,285.0
2022-10-17,Tomato,Wholesale,Dambulla,260.0
2022-10-17,Tomato,Retail,Pettah,300.0
2022-10-17,Tomato,Wholesale,Pettah,250.0
2022-10-18,Tomato,Retail,Dambulla,245.0
2022-10-18,Tomato,Wholesale,Dambulla,215.0
2022-10-18,Tomato,Retail,Pettah,320.0
2022-10-18,Tomato,Wholesale,Pettah,255.0
2022-10-19,Tomato,Retail,Dambulla,255.0
2022-10-19,Tomato,Wholesale,Dambulla,225.0
2022-10-19,Tomato,Retail,Pettah,320.0
2022-10-19,Tomato,Wholesale,Pettah,260.0
2022-10-20,Tomato,Retail,Dambulla,195.0
2022-10-20,Tomato,Wholesale,Dambulla,165.0
2022-10-20,Tomato,Retail,Pettah,320.0
2022-10-20,Tomato,Wholesale,Pettah,260.0
2022-10-21,Tomato,Retail,Dambulla,270.0
2022-10-21,Tomato,Wholesale,Dambulla,240.0
2022-10-21,Tomato,Retail,Pettah,300.0
2022-10-21,Tomato,Wholesale,Pettah,250.0
2022-10-25,Tomato,Retail,Dambulla,298.0
2022-10-25,Tomato,Wholesale,Dambulla,268.0
2022-10-25,Tomato,Retail,Pettah,300.0
2022-10-25,Tomato,Wholesale,Pettah,250.0
2022-10-26,Tomato,Retail,Dambulla,220.0
2022-10-26,Tomato,Wholesale,Dambulla,190.0
2022-10-26,Tomato,Retail,Pettah,300.0
2022-10-26,Tomato,Wholesale,Pettah,250.0
2022-10-27,Tomato,Retail,Dambulla,215.0
2022-10-27,Tomato,Wholesale,Dambulla,190.0
2022-10-27,Tomato,Retail,Pettah,300.0
2022-10-27,Tomato,Wholesale,Pettah,250.0
2022-10-28,Tomato,Retail,Dambulla,265.0
2022-10-28,Tomato,Wholesale,Dambulla,235.0
2022-10-28,Tomato,Retail,Pettah,300.0
2022-10-28,Tomato,Wholesale,Pettah,250.0
2022-10-31,Tomato,Retail,Dambulla,305.0
2022-10-31,Tomato,Wholesale,Dambulla,275.0
2022-10-31,Tomato,Retail,Pettah,400.0
2022-10-31,Tomato,Wholesale,Pettah,350.0
2022-11-01,Tomato,Retail,Dambulla,275.0
2022-11-01,Tomato,Wholesale,Dambulla,245.0
2022-11-01,Tomato,Retail,Pettah,400.0
2022-11-01,Tomato,Wholesale,Pettah,350.0
2022-11-02,Tomato,Retail,Dambulla,285.0
2022-11-02,Tomato,Wholesale,Dambulla,255.0
2022-11-02,Tomato,Retail,Pettah,400.0
2022-11-02,Tomato,Wholesale,Pettah,350.0
2022-11-03,Tomato,Retail,Dambulla,290.0
2022-11-03,Tomato,Wholesale,Dambulla,260.0
2022-11-03,Tomato,Retail,Pettah,400.0
2022-11-03,Tomato,Wholesale,Pettah,350.0
2022-11-04,Tomato,Retail,Dambulla,320.0
2022-11-04,Tomato,Wholesale,Dambulla,290.0
2022-11-04,Tomato,Retail,Pettah,400.0
2022-11-04,Tomato,Wholesale,Pettah,350.0
2022-11-08,Tomato,Retail,Dambulla,310.0
2022-11-08,Tomato,Wholesale,Dambulla,280.0
2022-11-08,Tomato,Retail,Pettah,400.0
2022-11-08,Tomato,Wholesale,Pettah,350.0
2022-11-09,Tomato,Retail,Dambulla,280.0
2022-11-09,Tomato,Wholesale,Dambulla,250.0
2022-11-09,Tomato,Retail,Pettah,400.0
2022-11-09,Tomato,Wholesale,Pettah,350.0
2022-11-10,Tomato,Retail,Dambulla,300.0
2022-11-10,Tomato,Wholesale,Dambulla,270.0
2022-11-10,Tomato,Retail,Pettah,400.0
2022-11-10,Tomato,Wholesale,Pettah,350.0
2022-11-11,Tomato,Retail,Dambulla,310.0
2022-11-11,Tomato,Wholesale,Dambulla,280.0
2022-11-11,Tomato,Retail,Pettah,450.0
2022-11-11,Tomato,Wholesale,Pettah,400.0
2022-11-14,Tomato,Retail,Dambulla,255.0
2022-11-14,Tomato,Wholesale,Dambulla,225.0
2022-11-14,Tomato,Retail,Pettah,400.0
2022-11-14,Tomato,Wholesale,Pettah,350.0
2022-11-15,Tomato,Retail,Dambulla,275.0
2022-11-15,Tomato,Wholesale,Dambulla,245.0
2022-11-15,Tomato,Retail,Pettah,350.0
2022-11-15,Tomato,Wholesale,Pettah,300.0
2022-11-16,Tomato,Retail,Dambulla,275.0
2022-11-16,Tomato,Wholesale,Dambulla,245.0
2022-11-16,Tomato,Retail,Pettah,350.0
2022-11-16,Tomato,Wholesale,Pettah,300.0
2022-11-17,Tomato,Retail,Dambulla,305.0
2022-11-17,Tomato,Wholesale,Dambulla,275.0
2022-11-17,Tomato,Retail,Pettah,400.0
2022-11-17,Tomato,Wholesale,Pettah,350.0
2022-11-18,Tomato,Retail,Dambulla,280.0
2022-11-18,Tomato,Wholesale,Dambulla,250.0
2022-11-18,Tomato,Retail,Pettah,350.0
2022-11-18,Tomato,Wholesale,Pettah,300.0
2022-11-21,Tomato,Retail,Dambulla,185.0
2022-11-21,Tomato,Wholesale,Dambulla,155.0
2022-11-21,Tomato,Retail,Pettah,300.0
2022-11-21,Tomato,Wholesale,Pettah,250.0
2022-11-22,Tomato,Retail,Dambulla,185.0
2022-11-22,Tomato,Wholesale,Dambulla,155.0
2022-11-22,Tomato,Retail,Pettah,300.0
2022-11-22,Tomato,Wholesale,Pettah,250.0
2022-11-23,Tomato,Retail,Dambulla,180.0
2022-11-23,Tomato,Wholesale,Dambulla,150.0
2022-11-23,Tomato,Retail,Pettah,300.0
2022-11-23,Tomato,Wholesale,Pettah,250.0
2022-11-24,Tomato,Retail,Dambulla,190.0
2022-11-24,Tomato,Wholesale,Dambulla,160.0
2022-11-24,Tomato,Retail,Pettah,250.0
2022-11-24,Tomato,Wholesale,Pettah,200.0
2022-11-25,Tomato,Retail,Dambulla,175.0
2022-11-25,Tomato,Wholesale,Dambulla,145.0
2022-11-25,Tomato,Retail,Pettah,250.0
2022-11-25,Tomato,Wholesale,Pettah,200.0
2022-11-28,Tomato,Retail,Dambulla,190.0
2022-11-28,Tomato,Wholesale,Dambulla,160.0
2022-11-28,Tomato,Retail,Pettah,250.0
2022-11-28,Tomato,Wholesale,Pettah,200.0
2022-11-29,Tomato,Retail,Dambulla,180.0
2022-11-29,Tomato,Wholesale,Dambulla,150.0
2022-11-29,Tomato,Retail,Pettah,250.0
2022-11-29,Tomato,Wholesale,Pettah,200.0
2022-11-30,Tomato,Retail,Dambulla,170.0
2022-11-30,Tomato,Wholesale,Dambulla,140.0
2022-11-30,Tomato,Retail,Pettah,200.0
2022-11-30,Tomato,Wholesale,Pettah,160.0
2022-12-01,Tomato,Retail,Dambulla,150.0
2022-12-01,Tomato,Wholesale,Dambulla,120.0
2022-12-01,Tomato,Retail,Pettah,200.0
2022-12-01,Tomato,Wholesale,Pettah,150.0
2022-12-02,Tomato,Retail,Dambulla,135.0
2022-12-02,Tomato,Wholesale,Dambulla,105.0
2022-12-02,Tomato,Retail,Pettah,200.0
2022-12-02,Tomato,Wholesale,Pettah,150.0
2022-12-05,Tomato,Retail,Dambulla,150.0
2022-12-05,Tomato,Wholesale,Dambulla,120.0
2022-12-05,Tomato,Retail,Pettah,200.0
2022-12-05,Tomato,Wholesale,Pettah,150.0
2022-12-06,Tomato,Retail,Dambulla,165.0
2022-12-06,Tomato,Wholesale,Dambulla,135.0
2022-12-06,Tomato,Retail,Pettah,200.0
2022-12-06,Tomato,Wholesale,Pettah,150.0
2022-12-08,Tomato,Retail,Dambulla,150.0
2022-12-08,Tomato,Wholesale,Dambulla,120.0
2022-12-08,Tomato,Retail,Pettah,200.0
2022-12-08,Tomato,Wholesale,Pettah,150.0
2022-12-09,Tomato,Retail,Dambulla,140.0
2022-12-09,Tomato,Wholesale,Dambulla,110.0
2022-12-09,Tomato,Retail,Pettah,200.0
2022-12-09,Tomato,Wholesale,Pettah,150.0
2022-12-12,Tomato,Retail,Dambulla,150.0
2022-12-12,Tomato,Wholesale,Dambulla,120.0
2022-12-12,Tomato,Retail,Pettah,230.0
2022-12-12,Tomato,Wholesale,Pettah,180.0
2022-12-13,Tomato,Retail,Dambulla,150.0
2022-12-13,Tomato,Wholesale,Dambulla,120.0
2022-12-13,Tomato,Retail,Pettah,220.0
2022-12-13,Tomato,Wholesale,Pettah,170.0
2022-12-14,Tomato,Retail,Dambulla,150.0
2022-12-14,Tomato,Wholesale,Dambulla,120.0
2022-12-14,Tomato,Retail,Pettah,220.0
2022-12-14,Tomato,Wholesale,Pettah,170.0
2022-12-15,Tomato,Retail,Dambulla,155.0
2022-12-15,Tomato,Wholesale,Dambulla,125.0
2022-12-15,Tomato,Retail,Pettah,220.0
2022-12-15,Tomato,Wholesale,Pettah,170.0
2022-12-16,Tomato,Retail,Dambulla,140.0
2022-12-16,Tomato,Wholesale,Dambulla,110.0
2022-12-16,Tomato,Retail,Pettah,200.0
2022-12-16,Tomato,Wholesale,Pettah,150.0
2022-12-19,Tomato,Retail,Dambulla,145.0
2022-12-19,Tomato,Wholesale,Dambulla,115.0
2022-12-19,Tomato,Retail,Pettah,200.0
2022-12-19,Tomato,Wholesale,Pettah,150.0
2022-12-20,Tomato,Retail,Dambulla,145.0
2022-12-20,Tomato,Wholesale,Dambulla,115.0
2022-12-20,Tomato,Retail,Pettah,200.0
2022-12-20,Tomato,Wholesale,Pettah,150.0
2022-12-21,Tomato,Retail,Dambulla,135.0
2022-12-21,Tomato,Wholesale,Dambulla,105.0
2022-12-21,Tomato,Retail,Pettah,200.0
2022-12-21,Tomato,Wholesale,Pettah,150.0
2022-12-22,Tomato,Retail,Dambulla,170.0
2022-12-22,Tomato,Wholesale,Dambulla,135.0
2022-12-22,Tomato,Retail,Pettah,200.0
2022-12-22,Tomato,Wholesale,Pettah,150.0
2022-12-23,Tomato,Retail,Dambulla,185.0
2022-12-23,Tomato,Wholesale,Dambulla,155.0
2022-12-23,Tomato,Retail,Pettah,250.0
2022-12-23,Tomato,Wholesale,Pettah,200.0
2022-12-27,Tomato,Retail,Dambulla,208.0
2022-12-27,Tomato,Wholesale,Dambulla,178.0
2022-12-27,Tomato,Retail,Pettah,250.0
2022-12-27,Tomato,Wholesale,Pettah,200.0
2022-12-28,Tomato,Retail,Dambulla,185.0
2022-12-28,Tomato,Wholesale,Dambulla,155.0
2022-12-28,Tomato,Retail,Pettah,280.0
2022-12-28,Tomato,Wholesale,Pettah,230.0
2022-12-29,Tomato,Retail,Dambulla,165.0
2022-12-29,Tomato,Wholesale,Dambulla,135.0
2022-12-29,Tomato,Retail,Pettah,280.0
2022-12-29,Tomato,Wholesale,Pettah,230.0
2022-12-30,Tomato,Retail,Dambulla,190.0
2022-12-30,Tomato,Wholesale,Dambulla,160.0
2022-12-30,Tomato,Retail,Pettah,280.0
2022-12-30,Tomato,Wholesale,Pettah,230.0
2023-01-02,Tomato,Retail,Dambulla,130.0
2023-01-02,Tomato,Wholesale,Dambulla,100.0
2023-01-02,Tomato,Retail,Pettah,200.0
2023-01-02,Tomato,Wholesale,Pettah,150.0
2023-01-03,Tomato,Retail,Dambulla,98.0
2023-01-03,Tomato,Wholesale,Dambulla,68.0
2023-01-03,Tomato,Retail,Pettah,220.0
2023-01-03,Tomato,Wholesale,Pettah,170.0
2023-01-04,Tomato,Retail,Dambulla,105.0
2023-01-04,Tomato,Wholesale,Dambulla,75.0
2023-01-04,Tomato,Retail,Pettah,220.0
2023-01-04,Tomato,Wholesale,Pettah,170.0
2023-01-05,Tomato,Retail,Dambulla,115.0
2023-01-05,Tomato,Wholesale,Dambulla,85.0
2023-01-05,Tomato,Retail,Pettah,200.0
2023-01-05,Tomato,Wholesale,Pettah,150.0
2023-01-09,Tomato,Retail,Dambulla,110.0
2023-01-09,Tomato,Wholesale,Dambulla,80.0
2023-01-09,Tomato,Retail,Pettah,160.0
2023-01-09,Tomato,Wholesale,Pettah,120.0
2023-01-10,Tomato,Retail,Dambulla,120.0
2023-01-10,Tomato,Wholesale,Dambulla,90.0
2023-01-10,Tomato,Retail,Pettah,160.0
2023-01-10,Tomato,Wholesale,Pettah,120.0
2023-01-11,Tomato,Retail,Dambulla,150.0
2023-01-11,Tomato,Wholesale,Dambulla,120.0
2023-01-11,Tomato,Retail,Pettah,160.0
2023-01-11,Tomato,Wholesale,Pettah,120.0
2023-01-12,Tomato,Retail,Dambulla,180.0
2023-01-12,Tomato,Wholesale,Dambulla,150.0
2023-01-12,Tomato,Retail,Pettah,200.0
2023-01-12,Tomato,Wholesale,Pettah,140.0
2023-01-13,Tomato,Retail,Dambulla,190.0
2023-01-13,Tomato,Wholesale,Dambulla,160.0
2023-01-13,Tomato,Retail,Pettah,200.0
2023-01-13,Tomato,Wholesale,Pettah,140.0
2023-01-17,Tomato,Retail,Dambulla,180.0
2023-01-17,Tomato,Wholesale,Dambulla,150.0
2023-01-17,Tomato,Retail,Pettah,240.0
2023-01-17,Tomato,Wholesale,Pettah,200.0
2023-01-18,Tomato,Retail,Dambulla,170.0
2023-01-18,Tomato,Wholesale,Dambulla,140.0
2023-01-18,Tomato,Retail,Pettah,240.0
2023-01-18,Tomato,Wholesale,Pettah,200.0
2023-01-19,Tomato,Retail,Dambulla,175.0
2023-01-19,Tomato,Wholesale,Dambulla,145.0
2023-01-19,Tomato,Retail,Pettah,180.0
2023-01-19,Tomato,Wholesale,Pettah,140.0
2023-01-20,Tomato,Retail,Dambulla,170.0
2023-01-20,Tomato,Wholesale,Dambulla,140.0
2023-01-20,Tomato,Retail,Pettah,180.0
2023-01-20,Tomato,Wholesale,Pettah,140.0
2023-01-23,Tomato,Retail,Dambulla,135.0
2023-01-23,Tomato,Wholesale,Dambulla,105.0
2023-01-23,Tomato,Retail,Pettah,200.0
2023-01-23,Tomato,Wholesale,Pettah,140.0
2023-01-24,Tomato,Retail,Dambulla,140.0
2023-01-24,Tomato,Wholesale,Dambulla,110.0
2023-01-24,Tomato,Retail,Pettah,200.0
2023-01-24,Tomato,Wholesale,Pettah,140.0
2023-01-25,Tomato,Retail,Dambulla,155.0
2023-01-25,Tomato,Wholesale,Dambulla,125.0
2023-01-25,Tomato,Retail,Pettah,160.0
2023-01-25,Tomato,Wholesale,Pettah,120.0
2023-01-26,Tomato,Retail,Dambulla,168.0
2023-01-26,Tomato,Wholesale,Dambulla,138.0
2023-01-26,Tomato,Retail,Pettah,180.0
2023-01-26,Tomato,Wholesale,Pettah,140.0
2023-01-27,Tomato,Retail,Dambulla,195.0
2023-01-27,Tomato,Wholesale,Dambulla,165.0
2023-01-27,Tomato,Retail,Pettah,180.0
2023-01-27,Tomato,Wholesale,Pettah,140.0
2023-01-30,Tomato,Retail,Dambulla,173.0
2023-01-30,Tomato,Wholesale,Dambulla,143.0
2023-01-30,Tomato,Retail,Pettah,180.0
2023-01-30,Tomato,Wholesale,Pettah,140.0
2023-01-31,Tomato,Retail,Dambulla,205.0
2023-01-31,Tomato,Wholesale,Dambulla,175.0
2023-01-31,Tomato,Retail,Pettah,180.0
2023-01-31,Tomato,Wholesale,Pettah,140.0
2023-02-01,Tomato,Retail,Dambulla,198.0
2023-02-01,Tomato,Wholesale,Dambulla,168.0
2023-02-01,Tomato,Retail,Pettah,200.0
2023-02-01,Tomato,Wholesale,Pettah,160.0
2023-02-02,Tomato,Retail,Dambulla,220.0
2023-02-02,Tomato,Wholesale,Dambulla,190.0
2023-02-02,Tomato,Retail,Pettah,240.0
2023-02-02,Tomato,Wholesale,Pettah,200.0
2023-02-03,Tomato,Retail,Dambulla,220.0
2023-02-03,Tomato,Wholesale,Dambulla,190.0
2023-02-03,Tomato,Retail,Pettah,300.0
2023-02-03,Tomato,Wholesale,Pettah,250.0
2023-02-06,Tomato,Retail,Dambulla,320.0
2023-02-06,Tomato,Wholesale,Dambulla,290.0
2023-02-06,Tomato,Retail,Pettah,320.0
2023-02-06,Tomato,Wholesale,Pettah,280.0
2023-02-07,Tomato,Retail,Dambulla,280.0
2023-02-07,Tomato,Wholesale,Dambulla,250.0
2023-02-07,Tomato,Retail,Pettah,320.0
2023-02-07,Tomato,Wholesale,Pettah,280.0
2023-02-08,Tomato,Retail,Dambulla,235.0
2023-02-08,Tomato,Wholesale,Dambulla,205.0
2023-02-08,Tomato,Retail,Pettah,320.0
2023-02-08,Tomato,Wholesale,Pettah,280.0
2023-02-09,Tomato,Retail,Dambulla,205.0
2023-02-09,Tomato,Wholesale,Dambulla,175.0
2023-02-09,Tomato,Retail,Pettah,300.0
2023-02-09,Tomato,Wholesale,Pettah,250.0
2023-02-10,Tomato,Retail,Dambulla,230.0
2023-02-10,Tomato,Wholesale,Dambulla,200.0
2023-02-10,Tomato,Retail,Pettah,280.0
2023-02-10,Tomato,Wholesale,Pettah,230.0
2023-02-13,Tomato,Retail,Dambulla,205.0
2023-02-13,Tomato,Wholesale,Dambulla,175.0
2023-02-13,Tomato,Retail,Pettah,250.0
2023-02-13,Tomato,Wholesale,Pettah,200.0
2023-02-14,Tomato,Retail,Dambulla,170.0
2023-02-14,Tomato,Wholesale,Dambulla,140.0
2023-02-14,Tomato,Retail,Pettah,250.0
2023-02-14,Tomato,Wholesale,Pettah,200.0
2023-02-15,Tomato,Retail,Dambulla,200.0
2023-02-15,Tomato,Wholesale,Dambulla,170.0
2023-02-15,Tomato,Retail,Pettah,200.0
2023-02-15,Tomato,Wholesale,Pettah,150.0
2023-02-16,Tomato,Retail,Dambulla,200.0
2023-02-16,Tomato,Wholesale,Dambulla,170.0
2023-02-16,Tomato,Retail,Pettah,200.0
2023-02-16,Tomato,Wholesale,Pettah,150.0
2023-02-17,Tomato,Retail,Dambulla,175.0
2023-02-17,Tomato,Wholesale,Dambulla,145.0
2023-02-17,Tomato,Retail,Pettah,200.0
2023-02-17,Tomato,Wholesale,Pettah,150.0
2023-02-20,Tomato,Retail,Dambulla,185.0
2023-02-20,Tomato,Wholesale,Dambulla,155.0
2023-02-20,Tomato,Retail,Pettah,200.0
2023-02-20,Tomato,Wholesale,Pettah,150.0
2023-02-21,Tomato,Retail,Dambulla,195.0
2023-02-21,Tomato,Wholesale,Dambulla,165.0
2023-02-21,Tomato,Retail,Pettah,200.0
2023-02-21,Tomato,Wholesale,Pettah,150.0
2023-02-22,Tomato,Retail,Dambulla,200.0
2023-02-22,Tomato,Wholesale,Dambulla,170.0
2023-02-22,Tomato,Retail,Pettah,200.0
2023-02-22,Tomato,Wholesale,Pettah,150.0
2023-02-23,Tomato,Retail,Dambulla,170.0
2023-02-23,Tomato,Wholesale,Dambulla,140.0
2023-02-23,Tomato,Retail,Pettah,180.0
2023-02-23,Tomato,Wholesale,Pettah,140.0
2023-02-24,Tomato,Retail,Dambulla,200.0
2023-02-24,Tomato,Wholesale,Dambulla,170.0
2023-02-24,Tomato,Retail,Pettah,200.0
2023-02-24,Tomato,Wholesale,Pettah,150.0
2023-02-27,Tomato,Retail,Dambulla,140.0
2023-02-27,Tomato,Wholesale,Dambulla,110.0
2023-02-27,Tomato,Retail,Pettah,200.0
2023-02-27,Tomato,Wholesale,Pettah,150.0
2023-02-28,Tomato,Retail,Dambulla,155.0
2023-02-28,Tomato,Wholesale,Dambulla,125.0
2023-02-28,Tomato,Retail,Pettah,200.0
2023-02-28,Tomato,Wholesale,Pettah,150.0
2023-03-01,Tomato,Retail,Dambulla,145.0
2023-03-01,Tomato,Wholesale,Dambulla,115.0
2023-03-01,Tomato,Retail,Pettah,200.0
2023-03-01,Tomato,Wholesale,Pettah,150.0
2023-03-02,Tomato,Retail,Dambulla,160.0
2023-03-02,Tomato,Wholesale,Dambulla,130.0
2023-03-02,Tomato,Retail,Pettah,200.0
2023-03-02,Tomato,Wholesale,Pettah,150.0
2023-03-03,Tomato,Retail,Dambulla,155.0
2023-03-03,Tomato,Wholesale,Dambulla,125.0
2023-03-03,Tomato,Retail,Pettah,200.0
2023-03-03,Tomato,Wholesale,Pettah,150.0
2023-03-07,Tomato,Retail,Dambulla,135.0
2023-03-07,Tomato,Wholesale,Dambulla,105.0
2023-03-07,Tomato,Retail,Pettah,200.0
2023-03-07,Tomato,Wholesale,Pettah,150.0
2023-03-08,Tomato,Retail,Dambulla,125.0
2023-03-08,Tomato,Wholesale,Dambulla,100.0
2023-03-08,Tomato,Retail,Pettah,180.0
2023-03-08,Tomato,Wholesale,Pettah,130.0
2023-03-09,Tomato,Retail,Dambulla,140.0
2023-03-09,Tomato,Wholesale,Dambulla,110.0
2023-03-09,Tomato,Retail,Pettah,200.0
2023-03-09,Tomato,Wholesale,Pettah,150.0
2023-03-10,Tomato,Retail,Dambulla,160.0
2023-03-10,Tomato,Wholesale,Dambulla,130.0
2023-03-10,Tomato,Retail,Pettah,180.0
2023-03-10,Tomato,Wholesale,Pettah,130.0
2023-03-13,Tomato,Retail,Dambulla,170.0
2023-03-13,Tomato,Wholesale,Dambulla,140.0
2023-03-13,Tomato,Retail,Pettah,200.0
2023-03-13,Tomato,Wholesale,Pettah,160.0
2023-03-14,Tomato,Retail,Dambulla,165.0
2023-03-14,Tomato,Wholesale,Dambulla,135.0
2023-03-14,Tomato,Retail,Pettah,240.0
2023-03-14,Tomato,Wholesale,Pettah,180.0
2023-03-15,Tomato,Retail,Dambulla,160.0
2023-03-15,Tomato,Wholesale,Dambulla,130.0
2023-03-15,Tomato,Retail,Pettah,240.0
2023-03-15,Tomato,Wholesale,Pettah,180.0
2023-03-16,Tomato,Retail,Dambulla,170.0
2023-03-16,Tomato,Wholesale,Dambulla,140.0
2023-03-16,Tomato,Retail,Pettah,240.0
2023-03-16,Tomato,Wholesale,Pettah,180.0
2023-03-17,Tomato,Retail,Dambulla,190.0
2023-03-17,Tomato,Wholesale,Dambulla,160.0
2023-03-17,Tomato,Retail,Pettah,240.0
2023-03-17,Tomato,Wholesale,Pettah,200.0
2023-03-20,Tomato,Retail,Dambulla,165.0
2023-03-20,Tomato,Wholesale,Dambulla,135.0
2023-03-20,Tomato,Retail,Pettah,280.0
2023-03-20,Tomato,Wholesale,Pettah,230.0
2023-03-21,Tomato,Retail,Dambulla,175.0
2023-03-21,Tomato,Wholesale,Dambulla,145.0
2023-03-21,Tomato,Retail,Pettah,280.0
2023-03-21,Tomato,Wholesale,Pettah,230.0
2023-03-22,Tomato,Retail,Dambulla,170.0
2023-03-22,Tomato,Wholesale,Dambulla,140.0
2023-03-22,Tomato,Retail,Pettah,250.0
2023-03-22,Tomato,Wholesale,Pettah,200.0
2023-03-23,Tomato,Retail,Dambulla,175.0
2023-03-23,Tomato,Wholesale,Dambulla,145.0
2023-03-23,Tomato,Retail,Pettah,270.0
2023-03-23,Tomato,Wholesale,Pettah,220.0
2023-03-24,Tomato,Retail,Dambulla,170.0
2023-03-24,Tomato,Wholesale,Dambulla,140.0
2023-03-24,Tomato,Retail,Pettah,250.0
2023-03-24,Tomato,Wholesale,Pettah,200.0
2023-03-27,Tomato,Retail,Dambulla,175.0
2023-03-27,Tomato,Wholesale,Dambulla,145.0
2023-03-27,Tomato,Retail,Pettah,250.0
2023-03-27,Tomato,Wholesale,Pettah,200.0
2023-03-28,Tomato,Retail,Dambulla,155.0
2023-03-28,Tomato,Wholesale,Dambulla,125.0
2023-03-28,Tomato,Retail,Pettah,250.0
2023-03-28,Tomato,Wholesale,Pettah,200.0
2023-03-29,Tomato,Retail,Dambulla,155.0
2023-03-29,Tomato,Wholesale,Dambulla,125.0
2023-03-29,Tomato,Retail,Pettah,220.0
2023-03-29,Tomato,Wholesale,Pettah,180.0
2023-03-30,Tomato,Retail,Dambulla,130.0
2023-03-30,Tomato,Wholesale,Dambulla,100.0
2023-03-30,Tomato,Retail,Pettah,200.0
2023-03-30,Tomato,Wholesale,Pettah,150.0
2023-03-31,Tomato,Retail,Dambulla,115.0
2023-03-31,Tomato,Wholesale,Dambulla,85.0
2023-03-31,Tomato,Retail,Pettah,200.0
2023-03-31,Tomato,Wholesale,Pettah,150.0
2023-04-03,Tomato,Retail,Dambulla,130.0
2023-04-03,Tomato,Wholesale,Dambulla,100.0
2023-04-03,Tomato,Retail,Pettah,200.0
2023-04-03,Tomato,Wholesale,Pettah,150.0
2023-04-04,Tomato,Retail,Dambulla,125.0
2023-04-04,Tomato,Wholesale,Dambulla,95.0
2023-04-04,Tomato,Retail,Pettah,200.0
2023-04-04,Tomato,Wholesale,Pettah,150.0
2023-04-06,Tomato,Retail,Dambulla,140.0
2023-04-06,Tomato,Wholesale,Dambulla,110.0
2023-04-06,Tomato,Retail,Pettah,200.0
2023-04-06,Tomato,Wholesale,Pettah,150.0
2023-04-10,Tomato,Retail,Dambulla,230.0
2023-04-10,Tomato,Wholesale,Dambulla,200.0
2023-04-10,Tomato,Retail,Pettah,300.0
2023-04-10,Tomato,Wholesale,Pettah,250.0
2023-04-11,Tomato,Retail,Dambulla,205.0
2023-04-11,Tomato,Wholesale,Dambulla,175.0
2023-04-11,Tomato,Retail,Pettah,300.0
2023-04-11,Tomato,Wholesale,Pettah,250.0
2023-04-12,Tomato,Retail,Dambulla,235.0
2023-04-12,Tomato,Wholesale,Dambulla,205.0
2023-04-12,Tomato,Retail,Pettah,300.0
2023-04-12,Tomato,Wholesale,Pettah,250.0
2023-04-17,Tomato,Retail,Dambulla,120.0
2023-04-17,Tomato,Wholesale,Dambulla,90.0
2023-04-17,Tomato,Retail,Pettah,200.0
2023-04-17,Tomato,Wholesale,Pettah,150.0
2023-04-18,Tomato,Retail,Dambulla,120.0
2023-04-18,Tomato,Wholesale,Dambulla,90.0
2023-04-18,Tomato,Retail,Pettah,200.0
2023-04-18,Tomato,Wholesale,Pettah,150.0
2023-04-19,Tomato,Retail,Dambulla,105.0
2023-04-19,Tomato,Wholesale,Dambulla,75.0
2023-04-19,Tomato,Retail,Pettah,200.0
2023-04-19,Tomato,Wholesale,Pettah,150.0
2023-04-20,Tomato,Retail,Dambulla,135.0
2023-04-20,Tomato,Wholesale,Dambulla,105.0
2023-04-20,Tomato,Retail,Pettah,180.0
2023-04-20,Tomato,Wholesale,Pettah,130.0
2023-04-21,Tomato,Retail,Dambulla,140.0
2023-04-21,Tomato,Wholesale,Dambulla,110.0
2023-04-21,Tomato,Retail,Pettah,180.0
2023-04-21,Tomato,Wholesale,Pettah,130.0
2023-04-24,Tomato,Retail,Dambulla,105.0
2023-04-24,Tomato,Wholesale,Dambulla,75.0
2023-04-24,Tomato,Retail,Pettah,140.0
2023-04-24,Tomato,Wholesale,Pettah,100.0
2023-04-25,Tomato,Retail,Dambulla,120.0
2023-04-25,Tomato,Wholesale,Dambulla,90.0
2023-04-25,Tomato,Retail,Pettah,140.0
2023-04-25,Tomato,Wholesale,Pettah,100.0
2023-04-26,Tomato,Retail,Dambulla,115.0
2023-04-26,Tomato,Wholesale,Dambulla,85.0
2023-04-26,Tomato,Retail,Pettah,160.0
2023-04-26,Tomato,Wholesale,Pettah,120.0
2023-04-27,Tomato,Retail,Dambulla,125.0
2023-04-27,Tomato,Wholesale,Dambulla,95.0
2023-04-27,Tomato,Retail,Pettah,160.0
2023-04-27,Tomato,Wholesale,Pettah,120.0
2023-04-28,Tomato,Retail,Dambulla,110.0
2023-04-28,Tomato,Wholesale,Dambulla,80.0
2023-04-28,Tomato,Retail,Pettah,200.0
2023-04-28,Tomato,Wholesale,Pettah,160.0
2023-05-02,Tomato,Retail,Dambulla,195.0
2023-05-02,Tomato,Wholesale,Dambulla,165.0
2023-05-02,Tomato,Retail,Pettah,280.0
2023-05-02,Tomato,Wholesale,Pettah,220.0
2023-05-03,Tomato,Retail,Dambulla,220.0
2023-05-03,Tomato,Wholesale,Dambulla,190.0
2023-05-03,Tomato,Retail,Pettah,320.0
2023-05-03,Tomato,Wholesale,Pettah,250.0
2023-05-04,Tomato,Retail,Dambulla,220.0
2023-05-04,Tomato,Wholesale,Dambulla,190.0
2023-05-04,Tomato,Retail,Pettah,330.0
2023-05-04,Tomato,Wholesale,Pettah,260.0
2023-05-08,Tomato,Retail,Dambulla,255.0
2023-05-08,Tomato,Wholesale,Dambulla,225.0
2023-05-08,Tomato,Retail,Pettah,280.0
2023-05-08,Tomato,Wholesale,Pettah,230.0
2023-05-09,Tomato,Retail,Dambulla,245.0
2023-05-09,Tomato,Wholesale,Dambulla,215.0
2023-05-09,Tomato,Retail,Pettah,280.0
2023-05-09,Tomato,Wholesale,Pettah,230.0
2023-05-10,Tomato,Retail,Dambulla,240.0
2023-05-10,Tomato,Wholesale,Dambulla,210.0
2023-05-10,Tomato,Retail,Pettah,280.0
2023-05-10,Tomato,Wholesale,Pettah,230.0
2023-05-11,Tomato,Retail,Dambulla,330.0
2023-05-11,Tomato,Wholesale,Dambulla,300.0
2023-05-11,Tomato,Retail,Pettah,350.0
2023-05-11,Tomato,Wholesale,Pettah,280.0
2023-05-12,Tomato,Retail,Dambulla,330.0
2023-05-12,Tomato,Wholesale,Dambulla,300.0
2023-05-12,Tomato,Retail,Pettah,380.0
2023-05-12,Tomato,Wholesale,Pettah,300.0
2023-05-15,Tomato,Retail,Dambulla,340.0
2023-05-15,Tomato,Wholesale,Dambulla,310.0
2023-05-15,Tomato,Retail,Pettah,430.0
2023-05-15,Tomato,Wholesale,Pettah,380.0
2023-05-16,Tomato,Retail,Dambulla,295.0
2023-05-16,Tomato,Wholesale,Dambulla,265.0
2023-05-16,Tomato,Retail,Pettah,430.0
2023-05-16,Tomato,Wholesale,Pettah,380.0
2023-05-17,Tomato,Retail,Dambulla,285.0
2023-05-17,Tomato,Wholesale,Dambulla,255.0
2023-05-17,Tomato,Retail,Pettah,430.0
2023-05-17,Tomato,Wholesale,Pettah,380.0
2023-05-18,Tomato,Retail,Dambulla,240.0
2023-05-18,Tomato,Wholesale,Dambulla,210.0
2023-05-18,Tomato,Retail,Pettah,400.0
2023-05-18,Tomato,Wholesale,Pettah,350.0
2023-05-19,Tomato,Retail,Dambulla,225.0
2023-05-19,Tomato,Wholesale,Dambulla,195.0
2023-05-19,Tomato,Retail,Pettah,400.0
2023-05-19,Tomato,Wholesale,Pettah,350.0
2023-05-22,Tomato,Retail,Dambulla,245.0
2023-05-22,Tomato,Wholesale,Dambulla,215.0
2023-05-22,Tomato,Retail,Pettah,350.0
2023-05-22,Tomato,Wholesale,Pettah,300.0
2023-05-23,Tomato,Retail,Dambulla,245.0
2023-05-23,Tomato,Wholesale,Dambulla,215.0
2023-05-23,Tomato,Retail,Pettah,300.0
2023-05-23,Tomato,Wholesale,Pettah,250.0
2023-05-24,Tomato,Retail,Dambulla,230.0
2023-05-24,Tomato,Wholesale,Dambulla,200.0
2023-05-24,Tomato,Retail,Pettah,300.0
2023-05-24,Tomato,Wholesale,Pettah,250.0
2023-05-25,Tomato,Retail,Dambulla,220.0
2023-05-25,Tomato,Wholesale,Dambulla,190.0
2023-05-25,Tomato,Retail,Pettah,300.0
2023-05-25,Tomato,Wholesale,Pettah,250.0
2023-05-26,Tomato,Retail,Dambulla,250.0
2023-05-26,Tomato,Wholesale,Dambulla,220.0
2023-05-26,Tomato,Retail,Pettah,300.0
2023-05-26,Tomato,Wholesale,Pettah,250.0
2023-05-29,Tomato,Retail,Dambulla,240.0
2023-05-29,Tomato,Wholesale,Dambulla,210.0
2023-05-29,Tomato,Retail,Pettah,300.0
2023-05-29,Tomato,Wholesale,Pettah,250.0
2023-05-30,Tomato,Retail,Dambulla,270.0
2023-05-30,Tomato,Wholesale,Dambulla,240.0
2023-05-30,Tomato,Retail,Pettah,300.0
2023-05-30,Tomato,Wholesale,Pettah,250.0
2023-05-31,Tomato,Retail,Dambulla,290.0
2023-05-31,Tomato,Wholesale,Dambulla,260.0
2023-05-31,Tomato,Retail,Pettah,320.0
2023-05-31,Tomato,Wholesale,Pettah,270.0
2023-06-01,Tomato,Retail,Dambulla,255.0
2023-06-01,Tomato,Wholesale,Dambulla,225.0
2023-06-01,Tomato,Retail,Pettah,320.0
2023-06-01,Tomato,Wholesale,Pettah,280.0
2023-06-02,Tomato,Retail,Dambulla,230.0
2023-06-02,Tomato,Wholesale,Dambulla,200.0
2023-06-02,Tomato,Retail,Pettah,320.0
2023-06-02,Tomato,Wholesale,Pettah,280.0
2023-06-05,Tomato,Retail,Dambulla,220.0
2023-06-05,Tomato,Wholesale,Dambulla,190.0
2023-06-05,Tomato,Retail,Pettah,260.0
2023-06-05,Tomato,Wholesale,Pettah,220.0
2023-06-06,Tomato,Retail,Dambulla,255.0
2023-06-06,Tomato,Wholesale,Dambulla,225.0
2023-06-06,Tomato,Retail,Pettah,240.0
2023-06-06,Tomato,Wholesale,Pettah,200.0
2023-06-07,Tomato,Retail,Dambulla,215.0
2023-06-07,Tomato,Wholesale,Dambulla,185.0
2023-06-07,Tomato,Retail,Pettah,240.0
2023-06-07,Tomato,Wholesale,Pettah,200.0
2023-06-08,Tomato,Retail,Dambulla,240.0
2023-06-08,Tomato,Wholesale,Dambulla,210.0
2023-06-08,Tomato,Retail,Pettah,240.0
2023-06-08,Tomato,Wholesale,Pettah,200.0
2023-06-09,Tomato,Retail,Dambulla,230.0
2023-06-09,Tomato,Wholesale,Dambulla,200.0
2023-06-09,Tomato,Retail,Pettah,240.0
2023-06-09,Tomato,Wholesale,Pettah,200.0
2023-06-12,Tomato,Retail,Dambulla,220.0
2023-06-12,Tomato,Wholesale,Dambulla,190.0
2023-06-12,Tomato,Retail,Pettah,240.0
2023-06-12,Tomato,Wholesale,Pettah,200.0
2023-06-13,Tomato,Retail,Dambulla,215.0
2023-06-13,Tomato,Wholesale,Dambulla,185.0
2023-06-13,Tomato,Retail,Pettah,240.0
2023-06-13,Tomato,Wholesale,Pettah,200.0
2023-06-14,Tomato,Retail,Dambulla,210.0
2023-06-14,Tomato,Wholesale,Dambulla,180.0
2023-06-14,Tomato,Retail,Pettah,240.0
2023-06-14,Tomato,Wholesale,Pettah,200.0
2023-06-15,Tomato,Retail,Dambulla,185.0
2023-06-15,Tomato,Wholesale,Dambulla,155.0
2023-06-15,Tomato,Retail,Pettah,280.0
2023-06-15,Tomato,Wholesale,Pettah,240.0
2023-06-16,Tomato,Retail,Dambulla,195.0
2023-06-16,Tomato,Wholesale,Dambulla,165.0
2023-06-16,Tomato,Retail,Pettah,280.0
2023-06-16,Tomato,Wholesale,Pettah,240.0
2023-06-19,Tomato,Retail,Dambulla,190.0
2023-06-19,Tomato,Wholesale,Dambulla,160.0
2023-06-19,Tomato,Retail,Pettah,220.0
2023-06-19,Tomato,Wholesale,Pettah,180.0
2023-06-20,Tomato,Retail,Dambulla,160.0
2023-06-20,Tomato,Wholesale,Dambulla,130.0
2023-06-20,Tomato,Retail,Pettah,220.0
2023-06-20,Tomato,Wholesale,Pettah,180.0
2023-06-21,Tomato,Retail,Dambulla,140.0
2023-06-21,Tomato,Wholesale,Dambulla,110.0
2023-06-21,Tomato,Retail,Pettah,220.0
2023-06-21,Tomato,Wholesale,Pettah,180.0
2023-06-22,Tomato,Retail,Dambulla,145.0
2023-06-22,Tomato,Wholesale,Dambulla,115.0
2023-06-22,Tomato,Retail,Pettah,220.0
2023-06-22,Tomato,Wholesale,Pettah,180.0
2023-06-23,Tomato,Retail,Dambulla,180.0
2023-06-23,Tomato,Wholesale,Dambulla,150.0
2023-06-23,Tomato,Retail,Pettah,240.0
2023-06-23,Tomato,Wholesale,Pettah,200.0
2023-06-26,Tomato,Retail,Dambulla,225.0
2023-06-26,Tomato,Wholesale,Dambulla,195.0
2023-06-26,Tomato,Retail,Pettah,220.0
2023-06-26,Tomato,Wholesale,Pettah,180.0
2023-06-27,Tomato,Retail,Dambulla,225.0
2023-06-27,Tomato,Wholesale,Dambulla,195.0
2023-06-27,Tomato,Retail,Pettah,280.0
2023-06-27,Tomato,Wholesale,Pettah,220.0
2023-06-28,Tomato,Retail,Dambulla,305.0
2023-06-28,Tomato,Wholesale,Dambulla,275.0
2023-06-28,Tomato,Retail,Pettah,330.0
2023-06-28,Tomato,Wholesale,Pettah,280.0
2023-07-04,Tomato,Retail,Dambulla,330.0
2023-07-04,Tomato,Wholesale,Dambulla,300.0
2023-07-04,Tomato,Retail,Pettah,400.0
2023-07-04,Tomato,Wholesale,Pettah,350.0
2023-07-05,Tomato,Retail,Dambulla,355.0
2023-07-05,Tomato,Wholesale,Dambulla,325.0
2023-07-05,Tomato,Retail,Pettah,460.0
2023-07-05,Tomato,Wholesale,Pettah,400.0
2023-07-06,Tomato,Retail,Dambulla,345.0
2023-07-06,Tomato,Wholesale,Dambulla,315.0
2023-07-06,Tomato,Retail,Pettah,460.0
2023-07-06,Tomato,Wholesale,Pettah,400.0
2023-07-07,Tomato,Retail,Dambulla,405.0
2023-07-07,Tomato,Wholesale,Dambulla,375.0
2023-07-07,Tomato,Retail,Pettah,460.0
2023-07-07,Tomato,Wholesale,Pettah,400.0
2023-07-10,Tomato,Retail,Dambulla,405.0
2023-07-10,Tomato,Wholesale,Dambulla,375.0
2023-07-10,Tomato,Retail,Pettah,480.0
2023-07-10,Tomato,Wholesale,Pettah,420.0
2023-07-11,Tomato,Retail,Dambulla,420.0
2023-07-11,Tomato,Wholesale,Dambulla,390.0
2023-07-11,Tomato,Retail,Pettah,520.0
2023-07-11,Tomato,Wholesale,Pettah,450.0
2023-07-12,Tomato,Retail,Dambulla,440.0
2023-07-12,Tomato,Wholesale,Dambulla,410.0
2023-07-12,Tomato,Retail,Pettah,520.0
2023-07-12,Tomato,Wholesale,Pettah,450.0
2023-07-13,Tomato,Retail,Dambulla,445.0
2023-07-13,Tomato,Wholesale,Dambulla,415.0
2023-07-13,Tomato,Retail,Pettah,520.0
2023-07-13,Tomato,Wholesale,Pettah,450.0
2023-07-14,Tomato,Retail,Dambulla,455.0
2023-07-14,Tomato,Wholesale,Dambulla,425.0
2023-07-14,Tomato,Retail,Pettah,520.0
2023-07-14,Tomato,Wholesale,Pettah,450.0
2023-07-17,Tomato,Retail,Dambulla,395.0
2023-07-17,Tomato,Wholesale,Dambulla,365.0
2023-07-17,Tomato,Retail,Pettah,520.0
2023-07-17,Tomato,Wholesale,Pettah,450.0
2023-07-18,Tomato,Retail,Dambulla,365.0
2023-07-18,Tomato,Wholesale,Dambulla,340.0
2023-07-18,Tomato,Retail,Pettah,500.0
2023-07-18,Tomato,Wholesale,Pettah,430.0
2023-07-19,Tomato,Retail,Dambulla,305.0
2023-07-19,Tomato,Wholesale,Dambulla,275.0
2023-07-19,Tomato,Retail,Pettah,350.0
2023-07-19,Tomato,Wholesale,Pettah,300.0
2023-07-20,Tomato,Retail,Dambulla,245.0
2023-07-20,Tomato,Wholesale,Dambulla,215.0
2023-07-20,Tomato,Retail,Pettah,350.0
2023-07-20,Tomato,Wholesale,Pettah,300.0
2023-07-21,Tomato,Retail,Dambulla,220.0
2023-07-21,Tomato,Wholesale,Dambulla,190.0
2023-07-21,Tomato,Retail,Pettah,350.0
2023-07-21,Tomato,Wholesale,Pettah,300.0
2023-07-24,Tomato,Retail,Dambulla,245.0
2023-07-24,Tomato,Wholesale,Dambulla,215.0
2023-07-24,Tomato,Retail,Pettah,300.0
2023-07-24,Tomato,Wholesale,Pettah,250.0
2023-07-25,Tomato,Retail,Dambulla,245.0
2023-07-25,Tomato,Wholesale,Dambulla,215.0
2023-07-25,Tomato,Retail,Pettah,300.0
2023-07-25,Tomato,Wholesale,Pettah,250.0
2023-07-26,Tomato,Retail,Dambulla,
2023-07-26,Tomato,Wholesale,Dambulla,
2023-07-26,Tomato,Retail,Pettah,
2023-07-26,Tomato,Wholesale,Pettah,
2023-07-28,Tomato,Retail,Dambulla,220.0
2023-07-28,Tomato,Wholesale,Dambulla,190.0
2023-07-28,Tomato,Retail,Pettah,250.0
2023-07-28,Tomato,Wholesale,Pettah,200.0
2023-07-31,Tomato,Retail,Dambulla,245.0
2023-07-31,Tomato,Wholesale,Dambulla,215.0
2023-07-31,Tomato,Retail,Pettah,280.0
2023-07-31,Tomato,Wholesale,Pettah,230.0
2023-08-02,Tomato,Retail,Dambulla,220.0
2023-08-02,Tomato,Wholesale,Dambulla,190.0
2023-08-02,Tomato,Retail,Pettah,280.0
2023-08-02,Tomato,Wholesale,Pettah,230.0
2023-08-03,Tomato,Retail,Dambulla,155.0
2023-08-03,Tomato,Wholesale,Dambulla,125.0
2023-08-03,Tomato,Retail,Pettah,280.0
2023-08-03,Tomato,Wholesale,Pettah,230.0
2023-08-04,Tomato,Retail,Dambulla,140.0
2023-08-04,Tomato,Wholesale,Dambulla,110.0
2023-08-04,Tomato,Retail,Pettah,250.0
2023-08-04,Tomato,Wholesale,Pettah,200.0
2023-08-07,Tomato,Retail,Dambulla,165.0
2023-08-07,Tomato,Wholesale,Dambulla,135.0
2023-08-07,Tomato,Retail,Pettah,250.0
2023-08-07,Tomato,Wholesale,Pettah,200.0
2023-08-08,Tomato,Retail,Dambulla,160.0
2023-08-08,Tomato,Wholesale,Dambulla,130.0
2023-08-08,Tomato,Retail,Pettah,250.0
2023-08-08,Tomato,Wholesale,Pettah,200.0
2023-08-09,Tomato,Retail,Dambulla,155.0
2023-08-09,Tomato,Wholesale,Dambulla,125.0
2023-08-09,Tomato,Retail,Pettah,250.0
2023-08-09,Tomato,Wholesale,Pettah,200.0
2023-08-10,Tomato,Retail,Dambulla,160.0
2023-08-10,Tomato,Wholesale,Dambulla,130.0
2023-08-10,Tomato,Retail,Pettah,250.0
2023-08-10,Tomato,Wholesale,Pettah,190.0
2023-08-11,Tomato,Retail,Dambulla,150.0
2023-08-11,Tomato,Wholesale,Dambulla,120.0
2023-08-11,Tomato,Retail,Pettah,230.0
2023-08-11,Tomato,Wholesale,Pettah,180.0
2023-08-14,Tomato,Retail,Dambulla,170.0
2023-08-14,Tomato,Wholesale,Dambulla,140.0
2023-08-14,Tomato,Retail,Pettah,230.0
2023-08-14,Tomato,Wholesale,Pettah,180.0
2023-08-15,Tomato,Retail,Dambulla,140.0
2023-08-15,Tomato,Wholesale,Dambulla,110.0
2023-08-15,Tomato,Retail,Pettah,200.0
2023-08-15,Tomato,Wholesale,Pettah,150.0
2023-08-16,Tomato,Retail,Dambulla,140.0
2023-08-16,Tomato,Wholesale,Dambulla,110.0
2023-08-16,Tomato,Retail,Pettah,200.0
2023-08-16,Tomato,Wholesale,Pettah,150.0
2023-08-17,Tomato,Retail,Dambulla,120.0
2023-08-17,Tomato,Wholesale,Dambulla,90.0
2023-08-17,Tomato,Retail,Pettah,200.0
2023-08-17,Tomato,Wholesale,Pettah,150.0
2023-08-18,Tomato,Retail,Dambulla,110.0
2023-08-18,Tomato,Wholesale,Dambulla,80.0
2023-08-18,Tomato,Retail,Pettah,200.0
2023-08-18,Tomato,Wholesale,Pettah,150.0
2023-08-21,Tomato,Retail,Dambulla,85.0
2023-08-21,Tomato,Wholesale,Dambulla,55.0
2023-08-21,Tomato,Retail,Pettah,180.0
2023-08-21,Tomato,Wholesale,Pettah,130.0
2023-08-22,Tomato,Retail,Dambulla,80.0
2023-08-22,Tomato,Wholesale,Dambulla,50.0
2023-08-22,Tomato,Retail,Pettah,150.0
2023-08-22,Tomato,Wholesale,Pettah,100.0
2023-08-23,Tomato,Retail,Dambulla,100.0
2023-08-23,Tomato,Wholesale,Dambulla,70.0
2023-08-23,Tomato,Retail,Pettah,150.0
2023-08-23,Tomato,Wholesale,Pettah,100.0
2023-08-25,Tomato,Retail,Dambulla,100.0
2023-08-25,Tomato,Wholesale,Dambulla,70.0
2023-08-25,Tomato,Retail,Pettah,150.0
2023-08-25,Tomato,Wholesale,Pettah,100.0
2023-08-28,Tomato,Retail,Dambulla,115.0
2023-08-28,Tomato,Wholesale,Dambulla,85.0
2023-08-28,Tomato,Retail,Pettah,180.0
2023-08-28,Tomato,Wholesale,Pettah,120.0
2023-08-29,Tomato,Retail,Dambulla,108.0
2023-08-29,Tomato,Wholesale,Dambulla,78.0
2023-08-29,Tomato,Retail,Pettah,150.0
2023-08-29,Tomato,Wholesale,Pettah,100.0
2023-08-31,Tomato,Retail,Dambulla,100.0
2023-08-31,Tomato,Wholesale,Dambulla,70.0
2023-08-31,Tomato,Retail,Pettah,170.0
2023-08-31,Tomato,Wholesale,Pettah,120.0
2023-09-01,Tomato,Retail,Dambulla,98.0
2023-09-01,Tomato,Wholesale,Dambulla,68.0
2023-09-01,Tomato,Retail,Pettah,150.0
2023-09-01,Tomato,Wholesale,Pettah,100.0
2023-09-04,Tomato,Retail,Dambulla,95.0
2023-09-04,Tomato,Wholesale,Dambulla,65.0
2023-09-04,Tomato,Retail,Pettah,150.0
2023-09-04,Tomato,Wholesale,Pettah,100.0
2023-09-05,Tomato,Retail,Dambulla,100.0
2023-09-05,Tomato,Wholesale,Dambulla,70.0
2023-09-05,Tomato,Retail,Pettah,150.0
2023-09-05,Tomato,Wholesale,Pettah,100.0
2023-09-06,Tomato,Retail,Dambulla,95.0
2023-09-06,Tomato,Wholesale,Dambulla,65.0
2023-09-06,Tomato,Retail,Pettah,150.0
2023-09-06,Tomato,Wholesale,Pettah,100.0
2023-09-07,Tomato,Retail,Dambulla,90.0
2023-09-07,Tomato,Wholesale,Dambulla,60.0
2023-09-07,Tomato,Retail,Pettah,150.0
2023-09-07,Tomato,Wholesale,Pettah,100.0
2023-09-08,Tomato,Retail,Dambulla,100.0
2023-09-08,Tomato,Wholesale,Dambulla,70.0
2023-09-08,Tomato,Retail,Pettah,150.0
2023-09-08,Tomato,Wholesale,Pettah,100.0
2023-09-11,Tomato,Retail,Dambulla,140.0
2023-09-11,Tomato,Wholesale,Dambulla,110.0
2023-09-11,Tomato,Retail,Pettah,150.0
2023-09-11,Tomato,Wholesale,Pettah,100.0
2023-09-12,Tomato,Retail,Dambulla,140.0
2023-09-12,Tomato,Wholesale,Dambulla,110.0
2023-09-12,Tomato,Retail,Pettah,150.0
2023-09-12,Tomato,Wholesale,Pettah,100.0
2023-09-13,Tomato,Retail,Dambulla,130.0
2023-09-13,Tomato,Wholesale,Dambulla,100.0
2023-09-13,Tomato,Retail,Pettah,150.0
2023-09-13,Tomato,Wholesale,Pettah,100.0
2023-09-14,Tomato,Retail,Dambulla,120.0
2023-09-14,Tomato,Wholesale,Dambulla,90.0
2023-09-14,Tomato,Retail,Pettah,150.0
2023-09-14,Tomato,Wholesale,Pettah,100.0
2023-09-15,Tomato,Retail,Dambulla,125.0
2023-09-15,Tomato,Wholesale,Dambulla,95.0
2023-09-15,Tomato,Retail,Pettah,150.0
2023-09-15,Tomato,Wholesale,Pettah,100.0
2023-09-18,Tomato,Retail,Dambulla,135.0
2023-09-18,Tomato,Wholesale,Dambulla,105.0
2023-09-18,Tomato,Retail,Pettah,160.0
2023-09-18,Tomato,Wholesale,Pettah,120.0
2023-09-19,Tomato,Retail,Dambulla,125.0
2023-09-19,Tomato,Wholesale,Dambulla,95.0
2023-09-19,Tomato,Retail,Pettah,160.0
2023-09-19,Tomato,Wholesale,Pettah,120.0
2023-09-20,Tomato,Retail,Dambulla,125.0
2023-09-20,Tomato,Wholesale,Dambulla,95.0
2023-09-20,Tomato,Retail,Pettah,160.0
2023-09-20,Tomato,Wholesale,Pettah,120.0
2023-09-21,Tomato,Retail,Dambulla,130.0
2023-09-21,Tomato,Wholesale,Dambulla,100.0
2023-09-21,Tomato,Retail,Pettah,160.0
2023-09-21,Tomato,Wholesale,Pettah,120.0
2023-09-22,Tomato,Retail,Dambulla,125.0
2023-09-22,Tomato,Wholesale,Dambulla,95.0
2023-09-22,Tomato,Retail,Pettah,150.0
2023-09-22,Tomato,Wholesale,Pettah,100.0
2023-09-25,Tomato,Retail,Dambulla,140.0
2023-09-25,Tomato,Wholesale,Dambulla,110.0
2023-09-25,Tomato,Retail,Pettah,180.0
2023-09-25,Tomato,Wholesale,Pettah,140.0
2023-09-26,Tomato,Retail,Dambulla,143.0
2023-09-26,Tomato,Wholesale,Dambulla,113.0
2023-09-26,Tomato,Retail,Pettah,180.0
2023-09-26,Tomato,Wholesale,Pettah,140.0
2023-09-27,Tomato,Retail,Dambulla,125.0
2023-09-27,Tomato,Wholesale,Dambulla,95.0
2023-09-27,Tomato,Retail,Pettah,180.0
2023-09-27,Tomato,Wholesale,Pettah,140.0
2023-10-02,Tomato,Retail,Dambulla,110.0
2023-10-02,Tomato,Wholesale,Dambulla,80.0
2023-10-02,Tomato,Retail,Pettah,180.0
2023-10-02,Tomato,Wholesale,Pettah,140.0
2023-10-03,Tomato,Retail,Dambulla,120.0
2023-10-03,Tomato,Wholesale,Dambulla,90.0
2023-10-03,Tomato,Retail,Pettah,180.0
2023-10-03,Tomato,Wholesale,Pettah,140.0
2023-10-04,Tomato,Retail,Dambulla,115.0
2023-10-04,Tomato,Wholesale,Dambulla,85.0
2023-10-04,Tomato,Retail,Pettah,180.0
2023-10-04,Tomato,Wholesale,Pettah,140.0
2023-10-05,Tomato,Retail,Dambulla,100.0
2023-10-05,Tomato,Wholesale,Dambulla,70.0
2023-10-05,Tomato,Retail,Pettah,180.0
2023-10-05,Tomato,Wholesale,Pettah,140.0
2023-10-06,Tomato,Retail,Dambulla,113.0
2023-10-06,Tomato,Wholesale,Dambulla,83.0
2023-10-06,Tomato,Retail,Pettah,180.0
2023-10-06,Tomato,Wholesale,Pettah,140.0
2023-10-09,Tomato,Retail,Dambulla,120.0
2023-10-09,Tomato,Wholesale,Dambulla,90.0
2023-10-09,Tomato,Retail,Pettah,160.0
2023-10-09,Tomato,Wholesale,Pettah,130.0
2023-10-10,Tomato,Retail,Dambulla,145.0
2023-10-10,Tomato,Wholesale,Dambulla,115.0
2023-10-10,Tomato,Retail,Pettah,160.0
2023-10-10,Tomato,Wholesale,Pettah,130.0
2023-10-11,Tomato,Retail,Dambulla,155.0
2023-10-11,Tomato,Wholesale,Dambulla,125.0
2023-10-11,Tomato,Retail,Pettah,150.0
2023-10-11,Tomato,Wholesale,Pettah,120.0
2023-10-12,Tomato,Retail,Dambulla,185.0
2023-10-12,Tomato,Wholesale,Dambulla,155.0
2023-10-12,Tomato,Retail,Pettah,150.0
2023-10-12,Tomato,Wholesale,Pettah,120.0
2023-10-13,Tomato,Retail,Dambulla,185.0
2023-10-13,Tomato,Wholesale,Dambulla,155.0
2023-10-13,Tomato,Retail,Pettah,170.0
2023-10-13,Tomato,Wholesale,Pettah,140.0
2023-10-16,Tomato,Retail,Dambulla,145.0
2023-10-16,Tomato,Wholesale,Dambulla,115.0
2023-10-16,Tomato,Retail,Pettah,230.0
2023-10-16,Tomato,Wholesale,Pettah,180.0
2023-10-17,Tomato,Retail,Dambulla,155.0
2023-10-17,Tomato,Wholesale,Dambulla,125.0
2023-10-17,Tomato,Retail,Pettah,230.0
2023-10-17,Tomato,Wholesale,Pettah,170.0
2023-10-18,Tomato,Retail,Dambulla,120.0
2023-10-18,Tomato,Wholesale,Dambulla,90.0
2023-10-18,Tomato,Retail,Pettah,200.0
2023-10-18,Tomato,Wholesale,Pettah,150.0
2023-10-19,Tomato,Retail,Dambulla,125.0
2023-10-19,Tomato,Wholesale,Dambulla,95.0
2023-10-19,Tomato,Retail,Pettah,220.0
2023-10-19,Tomato,Wholesale,Pettah,160.0
2023-10-20,Tomato,Retail,Dambulla,110.0
2023-10-20,Tomato,Wholesale,Dambulla,80.0
2023-10-20,Tomato,Retail,Pettah,220.0
2023-10-20,Tomato,Wholesale,Pettah,160.0
2023-10-23,Tomato,Retail,Dambulla,110.0
2023-10-23,Tomato,Wholesale,Dambulla,80.0
2023-10-23,Tomato,Retail,Pettah,200.0
2023-10-23,Tomato,Wholesale,Pettah,150.0
2023-10-24,Tomato,Retail,Dambulla,140.0
2023-10-24,Tomato,Wholesale,Dambulla,110.0
2023-10-24,Tomato,Retail,Pettah,200.0
2023-10-24,Tomato,Wholesale,Pettah,150.0
2023-10-25,Tomato,Retail,Dambulla,130.0
2023-10-25,Tomato,Wholesale,Dambulla,100.0
2023-10-25,Tomato,Retail,Pettah,200.0
2023-10-25,Tomato,Wholesale,Pettah,150.0
2023-10-26,Tomato,Retail,Dambulla,105.0
2023-10-26,Tomato,Wholesale,Dambulla,75.0
2023-10-26,Tomato,Retail,Pettah,200.0
2023-10-26,Tomato,Wholesale,Pettah,150.0
2023-10-27,Tomato,Retail,Dambulla,110.0
2023-10-27,Tomato,Wholesale,Dambulla,80.0
2023-10-27,Tomato,Retail,Pettah,200.0
2023-10-27,Tomato,Wholesale,Pettah,150.0
2023-10-30,Tomato,Retail,Dambulla,120.0
2023-10-30,Tomato,Wholesale,Dambulla,90.0
2023-10-30,Tomato,Retail,Pettah,200.0
2023-10-30,Tomato,Wholesale,Pettah,150.0
2023-10-31,Tomato,Retail,Dambulla,105.0
2023-10-31,Tomato,Wholesale,Dambulla,75.0
2023-10-31,Tomato,Retail,Pettah,160.0
2023-10-31,Tomato,Wholesale,Pettah,130.0
2023-11-01,Tomato,Retail,Dambulla,130.0
2023-11-01,Tomato,Wholesale,Dambulla,100.0
2023-11-01,Tomato,Retail,Pettah,160.0
2023-11-01,Tomato,Wholesale,Pettah,130.0
2023-11-02,Tomato,Retail,Dambulla,140.0
2023-11-02,Tomato,Wholesale,Dambulla,110.0
2023-11-02,Tomato,Retail,Pettah,170.0
2023-11-02,Tomato,Wholesale,Pettah,130.0
2023-11-03,Tomato,Retail,Dambulla,155.0
2023-11-03,Tomato,Wholesale,Dambulla,125.0
2023-11-03,Tomato,Retail,Pettah,200.0
2023-11-03,Tomato,Wholesale,Pettah,150.0
2023-11-06,Tomato,Retail,Dambulla,205.0
2023-11-06,Tomato,Wholesale,Dambulla,175.0
2023-11-06,Tomato,Retail,Pettah,200.0
2023-11-06,Tomato,Wholesale,Pettah,150.0
2023-11-07,Tomato,Retail,Dambulla,195.0
2023-11-07,Tomato,Wholesale,Dambulla,165.0
2023-11-07,Tomato,Retail,Pettah,250.0
2023-11-07,Tomato,Wholesale,Pettah,200.0
2023-11-08,Tomato,Retail,Dambulla,205.0
2023-11-08,Tomato,Wholesale,Dambulla,175.0
2023-11-08,Tomato,Retail,Pettah,250.0
2023-11-08,Tomato,Wholesale,Pettah,200.0
2023-11-09,Tomato,Retail,Dambulla,220.0
2023-11-09,Tomato,Wholesale,Dambulla,190.0
2023-11-09,Tomato,Retail,Pettah,250.0
2023-11-09,Tomato,Wholesale,Pettah,200.0
2023-11-10,Tomato,Retail,Dambulla,220.0
2023-11-10,Tomato,Wholesale,Dambulla,190.0
2023-11-10,Tomato,Retail,Pettah,250.0
2023-11-10,Tomato,Wholesale,Pettah,200.0
2023-11-13,Tomato,Retail,Dambulla,275.0
2023-11-13,Tomato,Wholesale,Dambulla,245.0
2023-11-13,Tomato,Retail,Pettah,350.0
2023-11-13,Tomato,Wholesale,Pettah,300.0
2023-11-14,Tomato,Retail,Dambulla,275.0
2023-11-14,Tomato,Wholesale,Dambulla,245.0
2023-11-14,Tomato,Retail,Pettah,350.0
2023-11-14,Tomato,Wholesale,Pettah,300.0
2023-11-15,Tomato,Retail,Dambulla,250.0
2023-11-15,Tomato,Wholesale,Dambulla,220.0
2023-11-15,Tomato,Retail,Pettah,350.0
2023-11-15,Tomato,Wholesale,Pettah,300.0
2023-11-16,Tomato,Retail,Dambulla,205.0
2023-11-16,Tomato,Wholesale,Dambulla,175.0
2023-11-16,Tomato,Retail,Pettah,350.0
2023-11-16,Tomato,Wholesale,Pettah,300.0
2023-11-17,Tomato,Retail,Dambulla,240.0
2023-11-17,Tomato,Wholesale,Dambulla,210.0
2023-11-17,Tomato,Retail,Pettah,320.0
2023-11-17,Tomato,Wholesale,Pettah,280.0
2023-11-20,Tomato,Retail,Dambulla,275.0
2023-11-20,Tomato,Wholesale,Dambulla,245.0
2023-11-20,Tomato,Retail,Pettah,300.0
2023-11-20,Tomato,Wholesale,Pettah,250.0
2023-11-21,Tomato,Retail,Dambulla,320.0
2023-11-21,Tomato,Wholesale,Dambulla,290.0
2023-11-21,Tomato,Retail,Pettah,300.0
2023-11-21,Tomato,Wholesale,Pettah,250.0
2023-11-22,Tomato,Retail,Dambulla,280.0
2023-11-22,Tomato,Wholesale,Dambulla,250.0
2023-11-22,Tomato,Retail,Pettah,330.0
2023-11-22,Tomato,Wholesale,Pettah,280.0
2023-11-23,Tomato,Retail,Dambulla,355.0
2023-11-23,Tomato,Wholesale,Dambulla,325.0
2023-11-23,Tomato,Retail,Pettah,380.0
2023-11-23,Tomato,Wholesale,Pettah,320.0
2023-11-24,Tomato,Retail,Dambulla,375.0
2023-11-24,Tomato,Wholesale,Dambulla,345.0
2023-11-24,Tomato,Retail,Pettah,380.0
2023-11-24,Tomato,Wholesale,Pettah,320.0
2023-11-27,Tomato,Retail,Dambulla,375.0
2023-11-27,Tomato,Wholesale,Dambulla,345.0
2023-11-27,Tomato,Retail,Pettah,400.0
2023-11-27,Tomato,Wholesale,Pettah,350.0
2023-11-28,Tomato,Retail,Dambulla,340.0
2023-11-28,Tomato,Wholesale,Dambulla,310.0
2023-11-28,Tomato,Retail,Pettah,400.0
2023-11-28,Tomato,Wholesale,Pettah,350.0
2023-11-29,Tomato,Retail,Dambulla,320.0
2023-11-29,Tomato,Wholesale,Dambulla,290.0
2023-11-29,Tomato,Retail,Pettah,400.0
2023-11-29,Tomato,Wholesale,Pettah,350.0
2023-11-30,Tomato,Retail,Dambulla,375.0
2023-11-30,Tomato,Wholesale,Dambulla,345.0
2023-11-30,Tomato,Retail,Pettah,400.0
2023-11-30,Tomato,Wholesale,Pettah,350.0
2023-12-01,Tomato,Retail,Dambulla,375.0
2023-12-01,Tomato,Wholesale,Dambulla,345.0
2023-12-01,Tomato,Retail,Pettah,400.0
2023-12-01,Tomato,Wholesale,Pettah,350.0
2023-12-04,Tomato,Retail,Dambulla,505.0
2023-12-04,Tomato,Wholesale,Dambulla,475.0
2023-12-04,Tomato,Retail,Pettah,650.0
2023-12-04,Tomato,Wholesale,Pettah,600.0
2023-12-05,Tomato,Retail,Dambulla,545.0
2023-12-05,Tomato,Wholesale,Dambulla,515.0
2023-12-05,Tomato,Retail,Pettah,650.0
2023-12-05,Tomato,Wholesale,Pettah,600.0
2023-12-06,Tomato,Retail,Dambulla,425.0
2023-12-06,Tomato,Wholesale,Dambulla,395.0
2023-12-06,Tomato,Retail,Pettah,600.0
2023-12-06,Tomato,Wholesale,Pettah,550.0
2023-12-07,Tomato,Retail,Dambulla,455.0
2023-12-07,Tomato,Wholesale,Dambulla,425.0
2023-12-07,Tomato,Retail,Pettah,550.0
2023-12-07,Tomato,Wholesale,Pettah,500.0
2023-12-08,Tomato,Retail,Dambulla,475.0
2023-12-08,Tomato,Wholesale,Dambulla,445.0
2023-12-08,Tomato,Retail,Pettah,550.0
2023-12-08,Tomato,Wholesale,Pettah,500.0
2023-12-11,Tomato,Retail,Dambulla,535.0
2023-12-11,Tomato,Wholesale,Dambulla,505.0
2023-12-11,Tomato,Retail,Pettah,550.0
2023-12-11,Tomato,Wholesale,Pettah,500.0
2023-12-12,Tomato,Retail,Dambulla,465.0
2023-12-12,Tomato,Wholesale,Dambulla,435.0
2023-12-12,Tomato,Retail,Pettah,550.0
2023-12-12,Tomato,Wholesale,Pettah,500.0
2023-12-13,Tomato,Retail,Dambulla,395.0
2023-12-13,Tomato,Wholesale,Dambulla,365.0
2023-12-13,Tomato,Retail,Pettah,600.0
2023-12-13,Tomato,Wholesale,Pettah,540.0
2023-12-14,Tomato,Retail,Dambulla,385.0
2023-12-14,Tomato,Wholesale,Dambulla,355.0
2023-12-14,Tomato,Retail,Pettah,600.0
2023-12-14,Tomato,Wholesale,Pettah,540.0
2023-12-15,Tomato,Retail,Dambulla,440.0
2023-12-15,Tomato,Wholesale,Dambulla,410.0
2023-12-15,Tomato,Retail,Pettah,550.0
2023-12-15,Tomato,Wholesale,Pettah,500.0
2023-12-18,Tomato,Retail,Dambulla,455.0
2023-12-18,Tomato,Wholesale,Dambulla,425.0
2023-12-18,Tomato,Retail,Pettah,550.0
2023-12-18,Tomato,Wholesale,Pettah,500.0
2023-12-19,Tomato,Retail,Dambulla,505.0
2023-12-19,Tomato,Wholesale,Dambulla,475.0
2023-12-19,Tomato,Retail,Pettah,575.0
2023-12-19,Tomato,Wholesale,Pettah,525.0
2023-12-20,Tomato,Retail,Dambulla,440.0
2023-12-20,Tomato,Wholesale,Dambulla,410.0
2023-12-20,Tomato,Retail,Pettah,650.0
2023-12-20,Tomato,Wholesale,Pettah,600.0
2023-12-21,Tomato,Retail,Dambulla,475.0
2023-12-21,Tomato,Wholesale,Dambulla,445.0
2023-12-21,Tomato,Retail,Pettah,650.0
2023-12-21,Tomato,Wholesale,Pettah,600.0
2023-12-22,Tomato,Retail,Dambulla,495.0
2023-12-22,Tomato,Wholesale,Dambulla,465.0
2023-12-22,Tomato,Retail,Pettah,700.0
2023-12-22,Tomato,Wholesale,Pettah,650.0
2023-12-27,Tomato,Retail,Dambulla,370.0
2023-12-27,Tomato,Wholesale,Dambulla,340.0
2023-12-27,Tomato,Retail,Pettah,400.0
2023-12-27,Tomato,Wholesale,Pettah,350.0
2023-12-28,Tomato,Retail,Dambulla,320.0
2023-12-28,Tomato,Wholesale,Dambulla,290.0
2023-12-28,Tomato,Retail,Pettah,450.0
2023-12-28,Tomato,Wholesale,Pettah,400.0
2023-12-29,Tomato,Retail,Dambulla,405.0
2023-12-29,Tomato,Wholesale,Dambulla,375.0
2023-12-29,Tomato,Retail,Pettah,450.0
2023-12-29,Tomato,Wholesale,Pettah,400.0
2024-01-03,Tomato,Retail,Dambulla,505.0
2024-01-03,Tomato,Wholesale,Dambulla,475.0
2024-01-03,Tomato,Retail,Pettah,700.0
2024-01-03,Tomato,Wholesale,Pettah,600.0
2024-01-04,Tomato,Retail,Dambulla,505.0
2024-01-04,Tomato,Wholesale,Dambulla,475.0
2024-01-04,Tomato,Retail,Pettah,600.0
2024-01-04,Tomato,Wholesale,Pettah,550.0
2024-01-05,Tomato,Retail,Dambulla,440.0
2024-01-05,Tomato,Wholesale,Dambulla,410.0
2024-01-05,Tomato,Retail,Pettah,600.0
2024-01-05,Tomato,Wholesale,Pettah,550.0
2024-01-08,Tomato,Retail,Dambulla,340.0
2024-01-08,Tomato,Wholesale,Dambulla,310.0
2024-01-08,Tomato,Retail,Pettah,400.0
2024-01-08,Tomato,Wholesale,Pettah,350.0
2024-01-09,Tomato,Retail,Dambulla,280.0
2024-01-09,Tomato,Wholesale,Dambulla,250.0
2024-01-09,Tomato,Retail,Pettah,400.0
2024-01-09,Tomato,Wholesale,Pettah,350.0
2024-01-10,Tomato,Retail,Dambulla,385.0
2024-01-10,Tomato,Wholesale,Dambulla,355.0
2024-01-10,Tomato,Retail,Pettah,400.0
2024-01-10,Tomato,Wholesale,Pettah,350.0
2024-01-11,Tomato,Retail,Dambulla,375.0
2024-01-11,Tomato,Wholesale,Dambulla,345.0
2024-01-11,Tomato,Retail,Pettah,400.0
2024-01-11,Tomato,Wholesale,Pettah,350.0
2024-01-12,Tomato,Retail,Dambulla,380.0
2024-01-12,Tomato,Wholesale,Dambulla,350.0
2024-01-12,Tomato,Retail,Pettah,500.0
2024-01-12,Tomato,Wholesale,Pettah,450.0
2024-01-16,Tomato,Retail,Dambulla,360.0
2024-01-16,Tomato,Wholesale,Dambulla,330.0
2024-01-16,Tomato,Retail,Pettah,350.0
2024-01-16,Tomato,Wholesale,Pettah,300.0
2024-01-17,Tomato,Retail,Dambulla,280.0
2024-01-17,Tomato,Wholesale,Dambulla,250.0
2024-01-17,Tomato,Retail,Pettah,400.0
2024-01-17,Tomato,Wholesale,Pettah,350.0
2024-01-18,Tomato,Retail,Dambulla,405.0
2024-01-18,Tomato,Wholesale,Dambulla,375.0
2024-01-18,Tomato,Retail,Pettah,400.0
2024-01-18,Tomato,Wholesale,Pettah,350.0
2024-01-19,Tomato,Retail,Dambulla,385.0
2024-01-19,Tomato,Wholesale,Dambulla,355.0
2024-01-19,Tomato,Retail,Pettah,350.0
2024-01-19,Tomato,Wholesale,Pettah,300.0
2024-01-22,Tomato,Retail,Dambulla,445.0
2024-01-22,Tomato,Wholesale,Dambulla,415.0
2024-01-22,Tomato,Retail,Pettah,600.0
2024-01-22,Tomato,Wholesale,Pettah,550.0
2024-01-23,Tomato,Retail,Dambulla,520.0
2024-01-23,Tomato,Wholesale,Dambulla,490.0
2024-01-23,Tomato,Retail,Pettah,600.0
2024-01-23,Tomato,Wholesale,Pettah,550.0
2024-01-24,Tomato,Retail,Dambulla,555.0
2024-01-24,Tomato,Wholesale,Dambulla,525.0
2024-01-24,Tomato,Retail,Pettah,650.0
2024-01-24,Tomato,Wholesale,Pettah,600.0
2024-01-26,Tomato,Retail,Dambulla,555.0
2024-01-26,Tomato,Wholesale,Dambulla,525.0
2024-01-26,Tomato,Retail,Pettah,650.0
2024-01-26,Tomato,Wholesale,Pettah,600.0
2024-01-29,Tomato,Retail,Dambulla,620.0
2024-01-29,Tomato,Wholesale,Dambulla,590.0
2024-01-29,Tomato,Retail,Pettah,700.0
2024-01-29,Tomato,Wholesale,Pettah,650.0
2024-01-30,Tomato,Retail,Dambulla,705.0
2024-01-30,Tomato,Wholesale,Dambulla,675.0
2024-01-30,Tomato,Retail,Pettah,700.0
2024-01-30,Tomato,Wholesale,Pettah,650.0
2024-01-31,Tomato,Retail,Dambulla,605.0
2024-01-31,Tomato,Wholesale,Dambulla,575.0
2024-01-31,Tomato,Retail,Pettah,700.0
2024-01-31,Tomato,Wholesale,Pettah,650.0
2024-02-01,Tomato,Retail,Dambulla,525.0
2024-02-01,Tomato,Wholesale,Dambulla,495.0
2024-02-01,Tomato,Retail,Pettah,650.0
2024-02-01,Tomato,Wholesale,Pettah,600.0
2024-02-02,Tomato,Retail,Dambulla,475.0
2024-02-02,Tomato,Wholesale,Dambulla,445.0
2024-02-02,Tomato,Retail,Pettah,600.0
2024-02-02,Tomato,Wholesale,Pettah,550.0
2024-02-05,Tomato,Retail,Dambulla,605.0
2024-02-05,Tomato,Wholesale,Dambulla,575.0
2024-02-05,Tomato,Retail,Pettah,650.0
2024-02-05,Tomato,Wholesale,Pettah,600.0
2024-02-06,Tomato,Retail,Dambulla,625.0
2024-02-06,Tomato,Wholesale,Dambulla,595.0
2024-02-06,Tomato,Retail,Pettah,700.0
2024-02-06,Tomato,Wholesale,Pettah,650.0
2024-02-07,Tomato,Retail,Dambulla,655.0
2024-02-07,Tomato,Wholesale,Dambulla,625.0
2024-02-07,Tomato,Retail,Pettah,700.0
2024-02-07,Tomato,Wholesale,Pettah,650.0
2024-02-08,Tomato,Retail,Dambulla,625.0
2024-02-08,Tomato,Wholesale,Dambulla,595.0
2024-02-08,Tomato,Retail,Pettah,750.0
2024-02-08,Tomato,Wholesale,Pettah,700.0
2024-02-09,Tomato,Retail,Dambulla,605.0
2024-02-09,Tomato,Wholesale,Dambulla,575.0
2024-02-09,Tomato,Retail,Pettah,750.0
2024-02-09,Tomato,Wholesale,Pettah,700.0
2024-02-12,Tomato,Retail,Dambulla,655.0
2024-02-12,Tomato,Wholesale,Dambulla,625.0
2024-02-12,Tomato,Retail,Pettah,800.0
2024-02-12,Tomato,Wholesale,Pettah,750.0
2024-02-13,Tomato,Retail,Dambulla,675.0
2024-02-13,Tomato,Wholesale,Dambulla,645.0
2024-02-13,Tomato,Retail,Pettah,850.0
2024-02-13,Tomato,Wholesale,Pettah,800.0
2024-02-14,Tomato,Retail,Dambulla,655.0
2024-02-14,Tomato,Wholesale,Dambulla,625.0
2024-02-14,Tomato,Retail,Pettah,750.0
2024-02-14,Tomato,Wholesale,Pettah,700.0
2024-02-15,Tomato,Retail,Dambulla,720.0
2024-02-15,Tomato,Wholesale,Dambulla,690.0
2024-02-15,Tomato,Retail,Pettah,750.0
2024-02-15,Tomato,Wholesale,Pettah,700.0
2024-02-16,Tomato,Retail,Dambulla,655.0
2024-02-16,Tomato,Wholesale,Dambulla,625.0
2024-02-16,Tomato,Retail,Pettah,800.0
2024-02-16,Tomato,Wholesale,Pettah,750.0
2024-02-19,Tomato,Retail,Dambulla,740.0
2024-02-19,Tomato,Wholesale,Dambulla,710.0
2024-02-19,Tomato,Retail,Pettah,950.0
2024-02-19,Tomato,Wholesale,Pettah,850.0
2024-02-20,Tomato,Retail,Dambulla,705.0
2024-02-20,Tomato,Wholesale,Dambulla,675.0
2024-02-20,Tomato,Retail,Pettah,950.0
2024-02-20,Tomato,Wholesale,Pettah,850.0
2024-02-21,Tomato,Retail,Dambulla,655.0
2024-02-21,Tomato,Wholesale,Dambulla,625.0
2024-02-21,Tomato,Retail,Pettah,800.0
2024-02-21,Tomato,Wholesale,Pettah,700.0
2024-02-22,Tomato,Retail,Dambulla,455.0
2024-02-22,Tomato,Wholesale,Dambulla,425.0
2024-02-22,Tomato,Retail,Pettah,700.0
2024-02-22,Tomato,Wholesale,Pettah,650.0
2024-02-26,Tomato,Retail,Dambulla,455.0
2024-02-26,Tomato,Wholesale,Dambulla,425.0
2024-02-26,Tomato,Retail,Pettah,600.0
2024-02-26,Tomato,Wholesale,Pettah,550.0
2024-02-27,Tomato,Retail,Dambulla,455.0
2024-02-27,Tomato,Wholesale,Dambulla,425.0
2024-02-27,Tomato,Retail,Pettah,600.0
2024-02-27,Tomato,Wholesale,Pettah,550.0
2024-02-28,Tomato,Retail,Dambulla,440.0
2024-02-28,Tomato,Wholesale,Dambulla,410.0
2024-02-28,Tomato,Retail,Pettah,630.0
2024-02-28,Tomato,Wholesale,Pettah,580.0
2024-02-29,Tomato,Retail,Dambulla,355.0
2024-02-29,Tomato,Wholesale,Dambulla,325.0
2024-02-29,Tomato,Retail,Pettah,630.0
2024-02-29,Tomato,Wholesale,Pettah,580.0
2024-03-01,Tomato,Retail,Dambulla,355.0
2024-03-01,Tomato,Wholesale,Dambulla,325.0
2024-03-01,Tomato,Retail,Pettah,600.0
2024-03-01,Tomato,Wholesale,Pettah,550.0
2024-03-04,Tomato,Retail,Dambulla,305.0
2024-03-04,Tomato,Wholesale,Dambulla,275.0
2024-03-04,Tomato,Retail,Pettah,550.0
2024-03-04,Tomato,Wholesale,Pettah,500.0
2024-03-05,Tomato,Retail,Dambulla,255.0
2024-03-05,Tomato,Wholesale,Dambulla,225.0
2024-03-05,Tomato,Retail,Pettah,500.0
2024-03-05,Tomato,Wholesale,Pettah,450.0
2024-03-06,Tomato,Retail,Dambulla,305.0
2024-03-06,Tomato,Wholesale,Dambulla,275.0
2024-03-06,Tomato,Retail,Pettah,350.0
2024-03-06,Tomato,Wholesale,Pettah,300.0
2024-03-07,Tomato,Retail,Dambulla,320.0
2024-03-07,Tomato,Wholesale,Dambulla,290.0
2024-03-07,Tomato,Retail,Pettah,350.0
2024-03-07,Tomato,Wholesale,Pettah,300.0
2024-03-11,Tomato,Retail,Dambulla,290.0
2024-03-11,Tomato,Wholesale,Dambulla,260.0
2024-03-11,Tomato,Retail,Pettah,400.0
2024-03-11,Tomato,Wholesale,Pettah,350.0
2024-03-12,Tomato,Retail,Dambulla,325.0
2024-03-12,Tomato,Wholesale,Dambulla,295.0
2024-03-12,Tomato,Retail,Pettah,400.0
2024-03-12,Tomato,Wholesale,Pettah,350.0
2024-03-13,Tomato,Retail,Dambulla,280.0
2024-03-13,Tomato,Wholesale,Dambulla,250.0
2024-03-13,Tomato,Retail,Pettah,400.0
2024-03-13,Tomato,Wholesale,Pettah,350.0
2024-03-14,Tomato,Retail,Dambulla,305.0
2024-03-14,Tomato,Wholesale,Dambulla,275.0
2024-03-14,Tomato,Retail,Pettah,350.0
2024-03-14,Tomato,Wholesale,Pettah,300.0
2024-03-15,Tomato,Retail,Dambulla,255.0
2024-03-15,Tomato,Wholesale,Dambulla,225.0
2024-03-15,Tomato,Retail,Pettah,350.0
2024-03-15,Tomato,Wholesale,Pettah,300.0
2024-03-18,Tomato,Retail,Dambulla,170.0
2024-03-18,Tomato,Wholesale,Dambulla,140.0
2024-03-18,Tomato,Retail,Pettah,250.0
2024-03-18,Tomato,Wholesale,Pettah,200.0
2024-03-19,Tomato,Retail,Dambulla,145.0
2024-03-19,Tomato,Wholesale,Dambulla,115.0
2024-03-19,Tomato,Retail,Pettah,250.0
2024-03-19,Tomato,Wholesale,Pettah,200.0
2024-03-20,Tomato,Retail,Dambulla,145.0
2024-03-20,Tomato,Wholesale,Dambulla,115.0
2024-03-20,Tomato,Retail,Pettah,250.0
2024-03-20,Tomato,Wholesale,Pettah,200.0
2024-03-21,Tomato,Retail,Dambulla,135.0
2024-03-21,Tomato,Wholesale,Dambulla,105.0
2024-03-21,Tomato,Retail,Pettah,250.0
2024-03-21,Tomato,Wholesale,Pettah,200.0
2024-03-22,Tomato,Retail,Dambulla,145.0
2024-03-22,Tomato,Wholesale,Dambulla,115.0
2024-03-22,Tomato,Retail,Pettah,250.0
2024-03-22,Tomato,Wholesale,Pettah,200.0
2024-03-25,Tomato,Retail,Dambulla,135.0
2024-03-25,Tomato,Wholesale,Dambulla,105.0
2024-03-25,Tomato,Retail,Pettah,250.0
2024-03-25,Tomato,Wholesale,Pettah,200.0
2024-03-26,Tomato,Retail,Dambulla,140.0
2024-03-26,Tomato,Wholesale,Dambulla,110.0
2024-03-26,Tomato,Retail,Pettah,250.0
2024-03-26,Tomato,Wholesale,Pettah,200.0
2024-03-27,Tomato,Retail,Dambulla,135.0
2024-03-27,Tomato,Wholesale,Dambulla,105.0
2024-03-27,Tomato,Retail,Pettah,200.0
2024-03-27,Tomato,Wholesale,Pettah,150.0
2024-03-28,Tomato,Retail,Dambulla,105.0
2024-03-28,Tomato,Wholesale,Dambulla,75.0
2024-03-28,Tomato,Retail,Pettah,200.0
2024-03-28,Tomato,Wholesale,Pettah,150.0
2024-04-01,Tomato,Retail,Dambulla,105.0
2024-04-01,Tomato,Wholesale,Dambulla,75.0
2024-04-01,Tomato,Retail,Pettah,180.0
2024-04-01,Tomato,Wholesale,Pettah,130.0
2024-04-02,Tomato,Retail,Dambulla,105.0
2024-04-02,Tomato,Wholesale,Dambulla,75.0
2024-04-02,Tomato,Retail,Pettah,180.0
2024-04-02,Tomato,Wholesale,Pettah,130.0
2024-04-03,Tomato,Retail,Dambulla,105.0
2024-04-03,Tomato,Wholesale,Dambulla,75.0
2024-04-03,Tomato,Retail,Pettah,150.0
2024-04-03,Tomato,Wholesale,Pettah,100.0
2024-04-04,Tomato,Retail,Dambulla,85.0
2024-04-04,Tomato,Wholesale,Dambulla,55.0
2024-04-04,Tomato,Retail,Pettah,150.0
2024-04-04,Tomato,Wholesale,Pettah,100.0
2024-04-05,Tomato,Retail,Dambulla,85.0
2024-04-05,Tomato,Wholesale,Dambulla,55.0
2024-04-05,Tomato,Retail,Pettah,130.0
2024-04-05,Tomato,Wholesale,Pettah,80.0
2024-04-08,Tomato,Retail,Dambulla,160.0
2024-04-08,Tomato,Wholesale,Dambulla,130.0
2024-04-08,Tomato,Retail,Pettah,200.0
2024-04-08,Tomato,Wholesale,Pettah,130.0
2024-04-09,Tomato,Retail,Dambulla,220.0
2024-04-09,Tomato,Wholesale,Dambulla,190.0
2024-04-09,Tomato,Retail,Pettah,200.0
2024-04-09,Tomato,Wholesale,Pettah,130.0
2024-04-10,Tomato,Retail,Dambulla,165.0
2024-04-10,Tomato,Wholesale,Dambulla,135.0
2024-04-10,Tomato,Retail,Pettah,200.0
2024-04-10,Tomato,Wholesale,Pettah,130.0
2024-04-18,Tomato,Retail,Dambulla,70.0
2024-04-18,Tomato,Wholesale,Dambulla,40.0
2024-04-18,Tomato,Retail,Pettah,100.0
2024-04-18,Tomato,Wholesale,Pettah,50.0
2024-04-19,Tomato,Retail,Dambulla,85.0
2024-04-19,Tomato,Wholesale,Dambulla,55.0
2024-04-19,Tomato,Retail,Pettah,100.0
2024-04-19,Tomato,Wholesale,Pettah,50.0
2024-04-22,Tomato,Retail,Dambulla,55.0
2024-04-22,Tomato,Wholesale,Dambulla,25.0
2024-04-22,Tomato,Retail,Pettah,100.0
2024-04-22,Tomato,Wholesale,Pettah,50.0
2024-04-24,Tomato,Retail,Dambulla,78.0
2024-04-24,Tomato,Wholesale,Dambulla,48.0
2024-04-24,Tomato,Retail,Pettah,100.0
2024-04-24,Tomato,Wholesale,Pettah,50.0
2024-04-25,Tomato,Retail,Dambulla,75.0
2024-04-25,Tomato,Wholesale,Dambulla,45.0
2024-04-25,Tomato,Retail,Pettah,100.0
2024-04-25,Tomato,Wholesale,Pettah,50.0
2024-04-26,Tomato,Retail,Dambulla,75.0
2024-04-26,Tomato,Wholesale,Dambulla,45.0
2024-04-26,Tomato,Retail,Pettah,100.0
2024-04-26,Tomato,Wholesale,Pettah,50.0
2024-04-29,Tomato,Retail,Dambulla,75.0
2024-04-29,Tomato,Wholesale,Dambulla,45.0
2024-04-29,Tomato,Retail,Pettah,100.0
2024-04-29,Tomato,Wholesale,Pettah,60.0
2024-04-30,Tomato,Retail,Dambulla,70.0
2024-04-30,Tomato,Wholesale,Dambulla,40.0
2024-04-30,Tomato,Retail,Pettah,100.0
2024-04-30,Tomato,Wholesale,Pettah,60.0
2024-05-02,Tomato,Retail,Dambulla,70.0
2024-05-02,Tomato,Wholesale,Dambulla,40.0
2024-05-02,Tomato,Retail,Pettah,100.0
2024-05-02,Tomato,Wholesale,Pettah,60.0
2024-05-03,Tomato,Retail,Dambulla,98.0
2024-05-03,Tomato,Wholesale,Dambulla,68.0
2024-05-03,Tomato,Retail,Pettah,100.0
2024-05-03,Tomato,Wholesale,Pettah,60.0
2024-05-06,Tomato,Retail,Dambulla,90.0
2024-05-06,Tomato,Wholesale,Dambulla,60.0
2024-05-06,Tomato,Retail,Pettah,100.0
2024-05-06,Tomato,Wholesale,Pettah,60.0
2024-05-07,Tomato,Retail,Dambulla,78.0
2024-05-07,Tomato,Wholesale,Dambulla,48.0
2024-05-07,Tomato,Retail,Pettah,100.0
2024-05-07,Tomato,Wholesale,Pettah,60.0
2024-05-08,Tomato,Retail,Dambulla,95.0
2024-05-08,Tomato,Wholesale,Dambulla,65.0
2024-05-08,Tomato,Retail,Pettah,80.0
2024-05-08,Tomato,Wholesale,Pettah,40.0
2024-05-09,Tomato,Retail,Dambulla,75.0
2024-05-09,Tomato,Wholesale,Dambulla,45.0
2024-05-09,Tomato,Retail,Pettah,80.0
2024-05-09,Tomato,Wholesale,Pettah,40.0
2024-05-10,Tomato,Retail,Dambulla,85.0
2024-05-10,Tomato,Wholesale,Dambulla,55.0
2024-05-10,Tomato,Retail,Pettah,80.0
2024-05-10,Tomato,Wholesale,Pettah,40.0
2024-05-13,Tomato,Retail,Dambulla,100.0
2024-05-13,Tomato,Wholesale,Dambulla,70.0
2024-05-13,Tomato,Retail,Pettah,100.0
2024-05-13,Tomato,Wholesale,Pettah,60.0
2024-05-14,Tomato,Retail,Dambulla,95.0
2024-05-14,Tomato,Wholesale,Dambulla,65.0
2024-05-14,Tomato,Retail,Pettah,100.0
2024-05-14,Tomato,Wholesale,Pettah,60.0
2024-05-15,Tomato,Retail,Dambulla,120.0
2024-05-15,Tomato,Wholesale,Dambulla,90.0
2024-05-15,Tomato,Retail,Pettah,120.0
2024-05-15,Tomato,Wholesale,Pettah,70.0
2024-05-16,Tomato,Retail,Dambulla,125.0
2024-05-16,Tomato,Wholesale,Dambulla,95.0
2024-05-16,Tomato,Retail,Pettah,120.0
2024-05-16,Tomato,Wholesale,Pettah,70.0
2024-05-17,Tomato,Retail,Dambulla,120.0
2024-05-17,Tomato,Wholesale,Dambulla,90.0
2024-05-17,Tomato,Retail,Pettah,120.0
2024-05-17,Tomato,Wholesale,Pettah,70.0
2024-05-20,Tomato,Retail,Dambulla,155.0
2024-05-20,Tomato,Wholesale,Dambulla,125.0
2024-05-20,Tomato,Retail,Pettah,230.0
2024-05-20,Tomato,Wholesale,Pettah,180.0
2024-05-21,Tomato,Retail,Dambulla,125.0
2024-05-21,Tomato,Wholesale,Dambulla,95.0
2024-05-21,Tomato,Retail,Pettah,180.0
2024-05-21,Tomato,Wholesale,Pettah,150.0
2024-05-22,Tomato,Retail,Dambulla,90.0
2024-05-22,Tomato,Wholesale,Dambulla,60.0
2024-05-22,Tomato,Retail,Pettah,180.0
2024-05-22,Tomato,Wholesale,Pettah,130.0
2024-05-27,Tomato,Retail,Dambulla,100.0
2024-05-27,Tomato,Wholesale,Dambulla,70.0
2024-05-27,Tomato,Retail,Pettah,180.0
2024-05-27,Tomato,Wholesale,Pettah,130.0
2024-05-28,Tomato,Retail,Dambulla,100.0
2024-05-28,Tomato,Wholesale,Dambulla,70.0
2024-05-28,Tomato,Retail,Pettah,180.0
2024-05-28,Tomato,Wholesale,Pettah,130.0
2024-05-29,Tomato,Retail,Dambulla,125.0
2024-05-29,Tomato,Wholesale,Dambulla,95.0
2024-05-29,Tomato,Retail,Pettah,180.0
2024-05-29,Tomato,Wholesale,Pettah,130.0
2024-05-31,Tomato,Retail,Dambulla,175.0
2024-05-31,Tomato,Wholesale,Dambulla,145.0
2024-05-31,Tomato,Retail,Pettah,180.0
2024-05-31,Tomato,Wholesale,Pettah,130.0
2024-06-03,Tomato,Retail,Dambulla,140.0
2024-06-03,Tomato,Wholesale,Dambulla,110.0
2024-06-03,Tomato,Retail,Pettah,180.0
2024-06-03,Tomato,Wholesale,Pettah,130.0
2024-06-04,Tomato,Retail,Dambulla,135.0
2024-06-04,Tomato,Wholesale,Dambulla,105.0
2024-06-04,Tomato,Retail,Pettah,200.0
2024-06-04,Tomato,Wholesale,Pettah,140.0
2024-06-05,Tomato,Retail,Dambulla,205.0
2024-06-05,Tomato,Wholesale,Dambulla,175.0
2024-06-05,Tomato,Retail,Pettah,200.0
2024-06-05,Tomato,Wholesale,Pettah,140.0
2024-06-06,Tomato,Retail,Dambulla,190.0
2024-06-06,Tomato,Wholesale,Dambulla,160.0
2024-06-06,Tomato,Retail,Pettah,200.0
2024-06-06,Tomato,Wholesale,Pettah,140.0
2024-06-07,Tomato,Retail,Dambulla,255.0
2024-06-07,Tomato,Wholesale,Dambulla,225.0
2024-06-07,Tomato,Retail,Pettah,270.0
2024-06-07,Tomato,Wholesale,Pettah,220.0
2024-06-10,Tomato,Retail,Dambulla,320.0
2024-06-10,Tomato,Wholesale,Dambulla,290.0
2024-06-10,Tomato,Retail,Pettah,400.0
2024-06-10,Tomato,Wholesale,Pettah,350.0
2024-06-11,Tomato,Retail,Dambulla,365.0
2024-06-11,Tomato,Wholesale,Dambulla,335.0
2024-06-11,Tomato,Retail,Pettah,450.0
2024-06-11,Tomato,Wholesale,Pettah,400.0
2024-06-12,Tomato,Retail,Dambulla,405.0
2024-06-12,Tomato,Wholesale,Dambulla,375.0
2024-06-12,Tomato,Retail,Pettah,470.0
2024-06-12,Tomato,Wholesale,Pettah,420.0
2024-06-13,Tomato,Retail,Dambulla,390.0
2024-06-13,Tomato,Wholesale,Dambulla,360.0
2024-06-13,Tomato,Retail,Pettah,470.0
2024-06-13,Tomato,Wholesale,Pettah,420.0
2024-06-14,Tomato,Retail,Dambulla,420.0
2024-06-14,Tomato,Wholesale,Dambulla,390.0
2024-06-14,Tomato,Retail,Pettah,470.0
2024-06-14,Tomato,Wholesale,Pettah,420.0
2024-06-18,Tomato,Retail,Dambulla,505.0
2024-06-18,Tomato,Wholesale,Dambulla,475.0
2024-06-18,Tomato,Retail,Pettah,450.0
2024-06-18,Tomato,Wholesale,Pettah,400.0
2024-06-19,Tomato,Retail,Dambulla,555.0
2024-06-19,Tomato,Wholesale,Dambulla,525.0
2024-06-19,Tomato,Retail,Pettah,450.0
2024-06-19,Tomato,Wholesale,Pettah,400.0
2024-06-20,Tomato,Retail,Dambulla,555.0
2024-06-20,Tomato,Wholesale,Dambulla,525.0
2024-06-20,Tomato,Retail,Pettah,600.0
2024-06-20,Tomato,Wholesale,Pettah,550.0
2024-06-24,Tomato,Retail,Dambulla,455.0
2024-06-24,Tomato,Wholesale,Dambulla,425.0
2024-06-24,Tomato,Retail,Pettah,550.0
2024-06-24,Tomato,Wholesale,Pettah,500.0
2024-06-25,Tomato,Retail,Dambulla,640.0
2024-06-25,Tomato,Wholesale,Dambulla,610.0
2024-06-25,Tomato,Retail,Pettah,600.0
2024-06-25,Tomato,Wholesale,Pettah,550.0
2024-06-26,Tomato,Retail,Dambulla,555.0
2024-06-26,Tomato,Wholesale,Dambulla,525.0
2024-06-26,Tomato,Retail,Pettah,600.0
2024-06-26,Tomato,Wholesale,Pettah,550.0
2024-06-27,Tomato,Retail,Dambulla,430.0
2024-06-27,Tomato,Wholesale,Dambulla,400.0
2024-06-27,Tomato,Retail,Pettah,600.0
2024-06-27,Tomato,Wholesale,Pettah,550.0
2024-06-28,Tomato,Retail,Dambulla,455.0
2024-06-28,Tomato,Wholesale,Dambulla,425.0
2024-06-28,Tomato,Retail,Pettah,600.0
2024-06-28,Tomato,Wholesale,Pettah,550.0
2024-07-01,Tomato,Retail,Dambulla,420.0
2024-07-01,Tomato,Wholesale,Dambulla,390.0
2024-07-01,Tomato,Retail,Pettah,600.0
2024-07-01,Tomato,Wholesale,Pettah,550.0
2024-07-02,Tomato,Retail,Dambulla,355.0
2024-07-02,Tomato,Wholesale,Dambulla,325.0
2024-07-02,Tomato,Retail,Pettah,450.0
2024-07-02,Tomato,Wholesale,Pettah,400.0
2024-07-03,Tomato,Retail,Dambulla,340.0
2024-07-03,Tomato,Wholesale,Dambulla,310.0
2024-07-03,Tomato,Retail,Pettah,350.0
2024-07-03,Tomato,Wholesale,Pettah,300.0
2024-07-04,Tomato,Retail,Dambulla,295.0
2024-07-04,Tomato,Wholesale,Dambulla,265.0
2024-07-04,Tomato,Retail,Pettah,350.0
2024-07-04,Tomato,Wholesale,Pettah,300.0
2024-07-05,Tomato,Retail,Dambulla,230.0
2024-07-05,Tomato,Wholesale,Dambulla,200.0
2024-07-05,Tomato,Retail,Pettah,350.0
2024-07-05,Tomato,Wholesale,Pettah,300.0
2024-07-08,Tomato,Retail,Dambulla,230.0
2024-07-08,Tomato,Wholesale,Dambulla,200.0
2024-07-08,Tomato,Retail,Pettah,300.0
2024-07-08,Tomato,Wholesale,Pettah,250.0
2024-07-09,Tomato,Retail,Dambulla,220.0
2024-07-09,Tomato,Wholesale,Dambulla,190.0
2024-07-09,Tomato,Retail,Pettah,250.0
2024-07-09,Tomato,Wholesale,Pettah,200.0
2024-07-10,Tomato,Retail,Dambulla,255.0
2024-07-10,Tomato,Wholesale,Dambulla,225.0
2024-07-10,Tomato,Retail,Pettah,280.0
2024-07-10,Tomato,Wholesale,Pettah,230.0
2024-07-11,Tomato,Retail,Dambulla,240.0
2024-07-11,Tomato,Wholesale,Dambulla,210.0
2024-07-11,Tomato,Retail,Pettah,230.0
2024-07-11,Tomato,Wholesale,Pettah,180.0
2024-07-12,Tomato,Retail,Dambulla,220.0
2024-07-12,Tomato,Wholesale,Dambulla,190.0
2024-07-12,Tomato,Retail,Pettah,280.0
2024-07-12,Tomato,Wholesale,Pettah,230.0
2024-07-15,Tomato,Retail,Dambulla,335.0
2024-07-15,Tomato,Wholesale,Dambulla,305.0
2024-07-15,Tomato,Retail,Pettah,400.0
2024-07-15,Tomato,Wholesale,Pettah,350.0
2024-07-16,Tomato,Retail,Dambulla,355.0
2024-07-16,Tomato,Wholesale,Dambulla,325.0
2024-07-16,Tomato,Retail,Pettah,400.0
2024-07-16,Tomato,Wholesale,Pettah,350.0
2024-07-17,Tomato,Retail,Dambulla,320.0
2024-07-17,Tomato,Wholesale,Dambulla,290.0
2024-07-17,Tomato,Retail,Pettah,400.0
2024-07-17,Tomato,Wholesale,Pettah,350.0
2024-07-18,Tomato,Retail,Dambulla,305.0
2024-07-18,Tomato,Wholesale,Dambulla,275.0
2024-07-18,Tomato,Retail,Pettah,400.0
2024-07-18,Tomato,Wholesale,Pettah,350.0
2024-07-19,Tomato,Retail,Dambulla,305.0
2024-07-19,Tomato,Wholesale,Dambulla,275.0
2024-07-19,Tomato,Retail,Pettah,400.0
2024-07-19,Tomato,Wholesale,Pettah,350.0
2024-07-22,Tomato,Retail,Dambulla,255.0
2024-07-22,Tomato,Wholesale,Dambulla,225.0
2024-07-22,Tomato,Retail,Pettah,400.0
2024-07-22,Tomato,Wholesale,Pettah,350.0
2024-07-23,Tomato,Retail,Dambulla,295.0
2024-07-23,Tomato,Wholesale,Dambulla,265.0
2024-07-23,Tomato,Retail,Pettah,400.0
2024-07-23,Tomato,Wholesale,Pettah,350.0
2024-07-24,Tomato,Retail,Dambulla,270.0
2024-07-24,Tomato,Wholesale,Dambulla,240.0
2024-07-24,Tomato,Retail,Pettah,350.0
2024-07-24,Tomato,Wholesale,Pettah,300.0
2024-07-25,Tomato,Retail,Dambulla,250.0
2024-07-25,Tomato,Wholesale,Dambulla,220.0
2024-07-25,Tomato,Retail,Pettah,300.0
2024-07-25,Tomato,Wholesale,Pettah,250.0
2024-07-26,Tomato,Retail,Dambulla,220.0
2024-07-26,Tomato,Wholesale,Dambulla,190.0
2024-07-26,Tomato,Retail,Pettah,300.0
2024-07-26,Tomato,Wholesale,Pettah,250.0
2024-07-29,Tomato,Retail,Dambulla,200.0
2024-07-29,Tomato,Wholesale,Dambulla,170.0
2024-07-29,Tomato,Retail,Pettah,250.0
2024-07-29,Tomato,Wholesale,Pettah,200.0
2024-07-30,Tomato,Retail,Dambulla,195.0
2024-07-30,Tomato,Wholesale,Dambulla,165.0
2024-07-30,Tomato,Retail,Pettah,250.0
2024-07-30,Tomato,Wholesale,Pettah,200.0
2024-07-31,Tomato,Retail,Dambulla,190.0
2024-07-31,Tomato,Wholesale,Dambulla,160.0
2024-07-31,Tomato,Retail,Pettah,250.0
2024-07-31,Tomato,Wholesale,Pettah,200.0
2024-08-01,Tomato,Retail,Dambulla,220.0
2024-08-01,Tomato,Wholesale,Dambulla,190.0
2024-08-01,Tomato,Retail,Pettah,250.0
2024-08-01,Tomato,Wholesale,Pettah,200.0
2024-08-02,Tomato,Retail,Dambulla,135.0
2024-08-02,Tomato,Wholesale,Dambulla,105.0
2024-08-02,Tomato,Retail,Pettah,230.0
2024-08-02,Tomato,Wholesale,Pettah,180.0
2024-08-05,Tomato,Retail,Dambulla,195.0
2024-08-05,Tomato,Wholesale,Dambulla,165.0
2024-08-05,Tomato,Retail,Pettah,250.0
2024-08-05,Tomato,Wholesale,Pettah,200.0
2024-08-06,Tomato,Retail,Dambulla,195.0
2024-08-06,Tomato,Wholesale,Dambulla,165.0
2024-08-06,Tomato,Retail,Pettah,270.0
2024-08-06,Tomato,Wholesale,Pettah,220.0
2024-08-07,Tomato,Retail,Dambulla,180.0
2024-08-07,Tomato,Wholesale,Dambulla,150.0
2024-08-07,Tomato,Retail,Pettah,270.0
2024-08-07,Tomato,Wholesale,Pettah,220.0
2024-08-08,Tomato,Retail,Dambulla,175.0
2024-08-08,Tomato,Wholesale,Dambulla,145.0
2024-08-08,Tomato,Retail,Pettah,250.0
2024-08-08,Tomato,Wholesale,Pettah,200.0
2024-08-09,Tomato,Retail,Dambulla,195.0
2024-08-09,Tomato,Wholesale,Dambulla,165.0
2024-08-09,Tomato,Retail,Pettah,250.0
2024-08-09,Tomato,Wholesale,Pettah,200.0
2024-08-12,Tomato,Retail,Dambulla,195.0
2024-08-12,Tomato,Wholesale,Dambulla,165.0
2024-08-12,Tomato,Retail,Pettah,250.0
2024-08-12,Tomato,Wholesale,Pettah,200.0
2024-08-13,Tomato,Retail,Dambulla,165.0
2024-08-13,Tomato,Wholesale,Dambulla,135.0
2024-08-13,Tomato,Retail,Pettah,200.0
2024-08-13,Tomato,Wholesale,Pettah,150.0
2024-08-14,Tomato,Retail,Dambulla,185.0
2024-08-14,Tomato,Wholesale,Dambulla,155.0
2024-08-14,Tomato,Retail,Pettah,250.0
2024-08-14,Tomato,Wholesale,Pettah,200.0
2024-08-15,Tomato,Retail,Dambulla,160.0
2024-08-15,Tomato,Wholesale,Dambulla,130.0
2024-08-15,Tomato,Retail,Pettah,250.0
2024-08-15,Tomato,Wholesale,Pettah,200.0
2024-08-16,Tomato,Retail,Dambulla,155.0
2024-08-16,Tomato,Wholesale,Dambulla,125.0
2024-08-16,Tomato,Retail,Pettah,200.0
2024-08-16,Tomato,Wholesale,Pettah,150.0
2024-08-20,Tomato,Retail,Dambulla,150.0
2024-08-20,Tomato,Wholesale,Dambulla,120.0
2024-08-20,Tomato,Retail,Pettah,200.0
2024-08-20,Tomato,Wholesale,Pettah,150.0
2024-08-21,Tomato,Retail,Dambulla,170.0
2024-08-21,Tomato,Wholesale,Dambulla,140.0
2024-08-21,Tomato,Retail,Pettah,200.0
2024-08-21,Tomato,Wholesale,Pettah,150.0
2024-08-22,Tomato,Retail,Dambulla,145.0
2024-08-22,Tomato,Wholesale,Dambulla,115.0
2024-08-22,Tomato,Retail,Pettah,180.0
2024-08-22,Tomato,Wholesale,Pettah,130.0
2024-08-23,Tomato,Retail,Dambulla,170.0
2024-08-23,Tomato,Wholesale,Dambulla,140.0
2024-08-23,Tomato,Retail,Pettah,180.0
2024-08-23,Tomato,Wholesale,Pettah,130.0
2024-08-26,Tomato,Retail,Dambulla,180.0
2024-08-26,Tomato,Wholesale,Dambulla,150.0
2024-08-26,Tomato,Retail,Pettah,200.0
2024-08-26,Tomato,Wholesale,Pettah,150.0
2024-08-27,Tomato,Retail,Dambulla,160.0
2024-08-27,Tomato,Wholesale,Dambulla,130.0
2024-08-27,Tomato,Retail,Pettah,200.0
2024-08-27,Tomato,Wholesale,Pettah,150.0
2024-08-28,Tomato,Retail,Dambulla,165.0
2024-08-28,Tomato,Wholesale,Dambulla,135.0
2024-08-28,Tomato,Retail,Pettah,200.0
2024-08-28,Tomato,Wholesale,Pettah,150.0
2024-08-29,Tomato,Retail,Dambulla,155.0
2024-08-29,Tomato,Wholesale,Dambulla,125.0
2024-08-29,Tomato,Retail,Pettah,230.0
2024-08-29,Tomato,Wholesale,Pettah,180.0
2024-08-30,Tomato,Retail,Dambulla,145.0
2024-08-30,Tomato,Wholesale,Dambulla,115.0
2024-08-30,Tomato,Retail,Pettah,200.0
2024-08-30,Tomato,Wholesale,Pettah,150.0
2024-09-02,Tomato,Retail,Dambulla,108.0
2024-09-02,Tomato,Wholesale,Dambulla,78.0
2024-09-02,Tomato,Retail,Pettah,200.0
2024-09-02,Tomato,Wholesale,Pettah,150.0
2024-09-03,Tomato,Retail,Dambulla,95.0
2024-09-03,Tomato,Wholesale,Dambulla,65.0
2024-09-03,Tomato,Retail,Pettah,200.0
2024-09-03,Tomato,Wholesale,Pettah,150.0
2024-09-04,Tomato,Retail,Dambulla,120.0
2024-09-04,Tomato,Wholesale,Dambulla,90.0
2024-09-04,Tomato,Retail,Pettah,200.0
2024-09-04,Tomato,Wholesale,Pettah,150.0
2024-09-05,Tomato,Retail,Dambulla,120.0
2024-09-05,Tomato,Wholesale,Dambulla,90.0
2024-09-05,Tomato,Retail,Pettah,200.0
2024-09-05,Tomato,Wholesale,Pettah,150.0
2024-09-06,Tomato,Retail,Dambulla,115.0
2024-09-06,Tomato,Wholesale,Dambulla,85.0
2024-09-06,Tomato,Retail,Pettah,180.0
2024-09-06,Tomato,Wholesale,Pettah,130.0
2024-09-09,Tomato,Retail,Dambulla,155.0
2024-09-09,Tomato,Wholesale,Dambulla,125.0
2024-09-09,Tomato,Retail,Pettah,180.0
2024-09-09,Tomato,Wholesale,Pettah,130.0
2024-09-10,Tomato,Retail,Dambulla,155.0
2024-09-10,Tomato,Wholesale,Dambulla,125.0
2024-09-10,Tomato,Retail,Pettah,200.0
2024-09-10,Tomato,Wholesale,Pettah,150.0
2024-09-11,Tomato,Retail,Dambulla,155.0
2024-09-11,Tomato,Wholesale,Dambulla,125.0
2024-09-11,Tomato,Retail,Pettah,200.0
2024-09-11,Tomato,Wholesale,Pettah,150.0
2024-09-12,Tomato,Retail,Dambulla,125.0
2024-09-12,Tomato,Wholesale,Dambulla,95.0
2024-09-12,Tomato,Retail,Pettah,230.0
2024-09-12,Tomato,Wholesale,Pettah,180.0
2024-09-13,Tomato,Retail,Dambulla,140.0
2024-09-13,Tomato,Wholesale,Dambulla,110.0
2024-09-13,Tomato,Retail,Pettah,200.0
2024-09-13,Tomato,Wholesale,Pettah,150.0
2024-09-18,Tomato,Retail,Dambulla,145.0
2024-09-18,Tomato,Wholesale,Dambulla,115.0
2024-09-18,Tomato,Retail,Pettah,200.0
2024-09-18,Tomato,Wholesale,Pettah,150.0
2024-09-19,Tomato,Retail,Dambulla,155.0
2024-09-19,Tomato,Wholesale,Dambulla,125.0
2024-09-19,Tomato,Retail,Pettah,200.0
2024-09-19,Tomato,Wholesale,Pettah,150.0
2024-09-20,Tomato,Retail,Dambulla,145.0
2024-09-20,Tomato,Wholesale,Dambulla,115.0
2024-09-20,Tomato,Retail,Pettah,200.0
2024-09-20,Tomato,Wholesale,Pettah,150.0
2024-09-25,Tomato,Retail,Dambulla,135.0
2024-09-25,Tomato,Wholesale,Dambulla,105.0
2024-09-25,Tomato,Retail,Pettah,230.0
2024-09-25,Tomato,Wholesale,Pettah,180.0
2024-09-26,Tomato,Retail,Dambulla,155.0
2024-09-26,Tomato,Wholesale,Dambulla,125.0
2024-09-26,Tomato,Retail,Pettah,200.0
2024-09-26,Tomato,Wholesale,Pettah,150.0
2024-09-27,Tomato,Retail,Dambulla,185.0
2024-09-27,Tomato,Wholesale,Dambulla,155.0
2024-09-27,Tomato,Retail,Pettah,180.0
2024-09-27,Tomato,Wholesale,Pettah,130.0
2024-09-30,Tomato,Retail,Dambulla,240.0
2024-09-30,Tomato,Wholesale,Dambulla,210.0
2024-09-30,Tomato,Retail,Pettah,300.0
2024-09-30,Tomato,Wholesale,Pettah,250.0
2024-10-01,Tomato,Retail,Dambulla,230.0
2024-10-01,Tomato,Wholesale,Dambulla,200.0
2024-10-01,Tomato,Retail,Pettah,300.0
2024-10-01,Tomato,Wholesale,Pettah,250.0
2024-10-02,Tomato,Retail,Dambulla,230.0
2024-10-02,Tomato,Wholesale,Dambulla,200.0
2024-10-02,Tomato,Retail,Pettah,300.0
2024-10-02,Tomato,Wholesale,Pettah,250.0
2024-10-03,Tomato,Retail,Dambulla,230.0
2024-10-03,Tomato,Wholesale,Dambulla,200.0
2024-10-03,Tomato,Retail,Pettah,280.0
2024-10-03,Tomato,Wholesale,Pettah,230.0
2024-10-04,Tomato,Retail,Dambulla,205.0
2024-10-04,Tomato,Wholesale,Dambulla,175.0
2024-10-04,Tomato,Retail,Pettah,250.0
2024-10-04,Tomato,Wholesale,Pettah,200.0
2024-10-07,Tomato,Retail,Dambulla,240.0
2024-10-07,Tomato,Wholesale,Dambulla,210.0
2024-10-07,Tomato,Retail,Pettah,300.0
2024-10-07,Tomato,Wholesale,Pettah,250.0
2024-10-08,Tomato,Retail,Dambulla,195.0
2024-10-08,Tomato,Wholesale,Dambulla,165.0
2024-10-08,Tomato,Retail,Pettah,280.0
2024-10-08,Tomato,Wholesale,Pettah,230.0
2024-10-09,Tomato,Retail,Dambulla,220.0
2024-10-09,Tomato,Wholesale,Dambulla,190.0
2024-10-09,Tomato,Retail,Pettah,300.0
2024-10-09,Tomato,Wholesale,Pettah,250.0
2024-10-10,Tomato,Retail,Dambulla,220.0
2024-10-10,Tomato,Wholesale,Dambulla,190.0
2024-10-10,Tomato,Retail,Pettah,280.0
2024-10-10,Tomato,Wholesale,Pettah,230.0
2024-10-11,Tomato,Retail,Dambulla,205.0
2024-10-11,Tomato,Wholesale,Dambulla,175.0
2024-10-11,Tomato,Retail,Pettah,250.0
2024-10-11,Tomato,Wholesale,Pettah,200.0
2024-10-14,Tomato,Retail,Dambulla,240.0
2024-10-14,Tomato,Wholesale,Dambulla,210.0
2024-10-14,Tomato,Retail,Pettah,350.0
2024-10-14,Tomato,Wholesale,Pettah,300.0
2024-10-15,Tomato,Retail,Dambulla,230.0
2024-10-15,Tomato,Wholesale,Dambulla,200.0
2024-10-15,Tomato,Retail,Pettah,300.0
2024-10-15,Tomato,Wholesale,Pettah,250.0
2024-10-16,Tomato,Retail,Dambulla,215.0
2024-10-16,Tomato,Wholesale,Dambulla,185.0
2024-10-16,Tomato,Retail,Pettah,300.0
2024-10-16,Tomato,Wholesale,Pettah,250.0
2024-10-18,Tomato,Retail,Dambulla,245.0
2024-10-18,Tomato,Wholesale,Dambulla,215.0
2024-10-18,Tomato,Retail,Pettah,250.0
2024-10-18,Tomato,Wholesale,Pettah,200.0
2024-10-21,Tomato,Retail,Dambulla,240.0
2024-10-21,Tomato,Wholesale,Dambulla,210.0
2024-10-21,Tomato,Retail,Pettah,300.0
2024-10-21,Tomato,Wholesale,Pettah,250.0
2024-10-22,Tomato,Retail,Dambulla,240.0
2024-10-22,Tomato,Wholesale,Dambulla,210.0
2024-10-22,Tomato,Retail,Pettah,250.0
2024-10-22,Tomato,Wholesale,Pettah,200.0
2024-10-23,Tomato,Retail,Dambulla,205.0
2024-10-23,Tomato,Wholesale,Dambulla,175.0
2024-10-23,Tomato,Retail,Pettah,250.0
2024-10-23,Tomato,Wholesale,Pettah,200.0
2024-10-24,Tomato,Retail,Dambulla,260.0
2024-10-24,Tomato,Wholesale,Dambulla,230.0
2024-10-24,Tomato,Retail,Pettah,250.0
2024-10-24,Tomato,Wholesale,Pettah,200.0
2024-10-25,Tomato,Retail,Dambulla,240.0
2024-10-25,Tomato,Wholesale,Dambulla,210.0
2024-10-25,Tomato,Retail,Pettah,250.0
2024-10-25,Tomato,Wholesale,Pettah,200.0
2024-10-28,Tomato,Retail,Dambulla,220.0
2024-10-28,Tomato,Wholesale,Dambulla,190.0
2024-10-28,Tomato,Retail,Pettah,270.0
2024-10-28,Tomato,Wholesale,Pettah,220.0
2024-10-29,Tomato,Retail,Dambulla,195.0
2024-10-29,Tomato,Wholesale,Dambulla,165.0
2024-10-29,Tomato,Retail,Pettah,250.0
2024-10-29,Tomato,Wholesale,Pettah,200.0
2024-10-30,Tomato,Retail,Dambulla,170.0
2024-10-30,Tomato,Wholesale,Dambulla,140.0
2024-10-30,Tomato,Retail,Pettah,250.0
2024-10-30,Tomato,Wholesale,Pettah,200.0
2024-11-01,Tomato,Retail,Dambulla,175.0
2024-11-01,Tomato,Wholesale,Dambulla,145.0
2024-11-01,Tomato,Retail,Pettah,250.0
2024-11-01,Tomato,Wholesale,Pettah,200.0
2024-11-04,Tomato,Retail,Dambulla,185.0
2024-11-04,Tomato,Wholesale,Dambulla,155.0
2024-11-04,Tomato,Retail,Pettah,250.0
2024-11-04,Tomato,Wholesale,Pettah,200.0
2024-11-05,Tomato,Retail,Dambulla,195.0
2024-11-05,Tomato,Wholesale,Dambulla,165.0
2024-11-05,Tomato,Retail,Pettah,230.0
2024-11-05,Tomato,Wholesale,Pettah,180.0
2024-11-06,Tomato,Retail,Dambulla,220.0
2024-11-06,Tomato,Wholesale,Dambulla,190.0
2024-11-06,Tomato,Retail,Pettah,230.0
2024-11-06,Tomato,Wholesale,Pettah,180.0
2024-11-08,Tomato,Retail,Dambulla,205.0
2024-11-08,Tomato,Wholesale,Dambulla,175.0
2024-11-08,Tomato,Retail,Pettah,230.0
2024-11-08,Tomato,Wholesale,Pettah,180.0
2024-11-11,Tomato,Retail,Dambulla,245.0
2024-11-11,Tomato,Wholesale,Dambulla,215.0
2024-11-11,Tomato,Retail,Pettah,300.0
2024-11-11,Tomato,Wholesale,Pettah,250.0
2024-11-12,Tomato,Retail,Dambulla,255.0
2024-11-12,Tomato,Wholesale,Dambulla,225.0
2024-11-12,Tomato,Retail,Pettah,300.0
2024-11-12,Tomato,Wholesale,Pettah,250.0
2024-11-13,Tomato,Retail,Dambulla,240.0
2024-11-13,Tomato,Wholesale,Dambulla,210.0
2024-11-13,Tomato,Retail,Pettah,300.0
2024-11-13,Tomato,Wholesale,Pettah,250.0
2024-11-19,Tomato,Retail,Dambulla,215.0
2024-11-19,Tomato,Wholesale,Dambulla,185.0
2024-11-19,Tomato,Retail,Pettah,250.0
2024-11-19,Tomato,Wholesale,Pettah,200.0
2024-11-20,Tomato,Retail,Dambulla,205.0
2024-11-20,Tomato,Wholesale,Dambulla,175.0
2024-11-20,Tomato,Retail,Pettah,250.0
2024-11-20,Tomato,Wholesale,Pettah,200.0
2024-11-21,Tomato,Retail,Dambulla,185.0
2024-11-21,Tomato,Wholesale,Dambulla,155.0
2024-11-21,Tomato,Retail,Pettah,250.0
2024-11-21,Tomato,Wholesale,Pettah,200.0
2024-11-22,Tomato,Retail,Dambulla,195.0
2024-11-22,Tomato,Wholesale,Dambulla,165.0
2024-11-22,Tomato,Retail,Pettah,250.0
2024-11-22,Tomato,Wholesale,Pettah,200.0
2024-11-25,Tomato,Retail,Dambulla,245.0
2024-11-25,Tomato,Wholesale,Dambulla,215.0
2024-11-25,Tomato,Retail,Pettah,280.0
2024-11-25,Tomato,Wholesale,Pettah,230.0
2024-11-26,Tomato,Retail,Dambulla,240.0
2024-11-26,Tomato,Wholesale,Dambulla,210.0
2024-11-26,Tomato,Retail,Pettah,280.0
2024-11-26,Tomato,Wholesale,Pettah,230.0
2024-11-27,Tomato,Retail,Dambulla,245.0
2024-11-27,Tomato,Wholesale,Dambulla,215.0
2024-11-27,Tomato,Retail,Pettah,300.0
2024-11-27,Tomato,Wholesale,Pettah,250.0
2024-11-28,Tomato,Retail,Dambulla,265.0
2024-11-28,Tomato,Wholesale,Dambulla,235.0
2024-11-28,Tomato,Retail,Pettah,300.0
2024-11-28,Tomato,Wholesale,Pettah,250.0
2024-11-29,Tomato,Retail,Dambulla,315.0
2024-11-29,Tomato,Wholesale,Dambulla,285.0
2024-11-29,Tomato,Retail,Pettah,300.0
2024-11-29,Tomato,Wholesale,Pettah,250.0
2024-12-02,Tomato,Retail,Dambulla,225.0
2024-12-02,Tomato,Wholesale,Dambulla,195.0
2024-12-02,Tomato,Retail,Pettah,320.0
2024-12-02,Tomato,Wholesale,Pettah,270.0
2024-12-03,Tomato,Retail,Dambulla,235.0
2024-12-03,Tomato,Wholesale,Dambulla,205.0
2024-12-03,Tomato,Retail,Pettah,300.0
2024-12-03,Tomato,Wholesale,Pettah,250.0
2024-12-04,Tomato,Retail,Dambulla,170.0
2024-12-04,Tomato,Wholesale,Dambulla,140.0
2024-12-04,Tomato,Retail,Pettah,250.0
2024-12-04,Tomato,Wholesale,Pettah,200.0
2024-12-05,Tomato,Retail,Dambulla,265.0
2024-12-05,Tomato,Wholesale,Dambulla,235.0
2024-12-05,Tomato,Retail,Pettah,250.0
2024-12-05,Tomato,Wholesale,Pettah,200.0
2024-12-06,Tomato,Retail,Dambulla,245.0
2024-12-06,Tomato,Wholesale,Dambulla,215.0
2024-12-06,Tomato,Retail,Pettah,250.0
2024-12-06,Tomato,Wholesale,Pettah,200.0
2024-12-09,Tomato,Retail,Dambulla,200.0
2024-12-09,Tomato,Wholesale,Dambulla,170.0
2024-12-09,Tomato,Retail,Pettah,300.0
2024-12-09,Tomato,Wholesale,Pettah,250.0
2024-12-10,Tomato,Retail,Dambulla,195.0
2024-12-10,Tomato,Wholesale,Dambulla,165.0
2024-12-10,Tomato,Retail,Pettah,280.0
2024-12-10,Tomato,Wholesale,Pettah,230.0
2024-12-11,Tomato,Retail,Dambulla,215.0
2024-12-11,Tomato,Wholesale,Dambulla,185.0
2024-12-11,Tomato,Retail,Pettah,280.0
2024-12-11,Tomato,Wholesale,Pettah,230.0
2024-12-12,Tomato,Retail,Dambulla,245.0
2024-12-12,Tomato,Wholesale,Dambulla,215.0
2024-12-12,Tomato,Retail,Pettah,250.0
2024-12-12,Tomato,Wholesale,Pettah,200.0
2024-12-13,Tomato,Retail,Dambulla,305.0
2024-12-13,Tomato,Wholesale,Dambulla,275.0
2024-12-13,Tomato,Retail,Pettah,250.0
2024-12-13,Tomato,Wholesale,Pettah,200.0
2024-12-16,Tomato,Retail,Dambulla,395.0
2024-12-16,Tomato,Wholesale,Dambulla,365.0
2024-12-16,Tomato,Retail,Pettah,400.0
2024-12-16,Tomato,Wholesale,Pettah,350.0
2024-12-17,Tomato,Retail,Dambulla,430.0
2024-12-17,Tomato,Wholesale,Dambulla,400.0
2024-12-17,Tomato,Retail,Pettah,480.0
2024-12-17,Tomato,Wholesale,Pettah,420.0
2024-12-18,Tomato,Retail,Dambulla,440.0
2024-12-18,Tomato,Wholesale,Dambulla,410.0
2024-12-18,Tomato,Retail,Pettah,550.0
2024-12-18,Tomato,Wholesale,Pettah,500.0
2024-12-19,Tomato,Retail,Dambulla,455.0
2024-12-19,Tomato,Wholesale,Dambulla,425.0
2024-12-19,Tomato,Retail,Pettah,550.0
2024-12-19,Tomato,Wholesale,Pettah,500.0
2024-12-20,Tomato,Retail,Dambulla,500.0
2024-12-20,Tomato,Wholesale,Dambulla,470.0
2024-12-20,Tomato,Retail,Pettah,530.0
2024-12-20,Tomato,Wholesale,Pettah,480.0
2024-12-23,Tomato,Retail,Dambulla,345.0
2024-12-23,Tomato,Wholesale,Dambulla,315.0
2024-12-23,Tomato,Retail,Pettah,450.0
2024-12-23,Tomato,Wholesale,Pettah,400.0
2024-12-24,Tomato,Retail,Dambulla,355.0
2024-12-24,Tomato,Wholesale,Dambulla,325.0
2024-12-24,Tomato,Retail,Pettah,350.0
2024-12-24,Tomato,Wholesale,Pettah,300.0
2024-12-26,Tomato,Retail,Dambulla,280.0
2024-12-26,Tomato,Wholesale,Dambulla,250.0
2024-12-26,Tomato,Retail,Pettah,300.0
2024-12-26,Tomato,Wholesale,Pettah,250.0
2024-12-27,Tomato,Retail,Dambulla,255.0
2024-12-27,Tomato,Wholesale,Dambulla,225.0
2024-12-27,Tomato,Retail,Pettah,330.0
2024-12-27,Tomato,Wholesale,Pettah,280.0
2024-12-30,Tomato,Retail,Dambulla,315.0
2024-12-30,Tomato,Wholesale,Dambulla,285.0
2024-12-30,Tomato,Retail,Pettah,300.0
2024-12-30,Tomato,Wholesale,Pettah,250.0
2024-12-31,Tomato,Retail,Dambulla,295.0
2024-12-31,Tomato,Wholesale,Dambulla,265.0
2024-12-31,Tomato,Retail,Pettah,300.0
2024-12-31,Tomato,Wholesale,Pettah,250.0
2025-01-01,Tomato,Retail,Dambulla,320.0
2025-01-01,Tomato,Wholesale,Dambulla,290.0
2025-01-01,Tomato,Retail,Pettah,250.0
2025-01-01,Tomato,Wholesale,Pettah,200.0
2025-01-02,Tomato,Retail,Dambulla,345.0
2025-01-02,Tomato,Wholesale,Dambulla,315.0
2025-01-02,Tomato,Retail,Pettah,250.0
2025-01-02,Tomato,Wholesale,Pettah,200.0
2025-01-03,Tomato,Retail,Dambulla,360.0
2025-01-03,Tomato,Wholesale,Dambulla,330.0
2025-01-03,Tomato,Retail,Pettah,450.0
2025-01-03,Tomato,Wholesale,Pettah,400.0
2025-01-06,Tomato,Retail,Dambulla,320.0
2025-01-06,Tomato,Wholesale,Dambulla,290.0
2025-01-06,Tomato,Retail,Pettah,400.0
2025-01-06,Tomato,Wholesale,Pettah,350.0
2025-01-07,Tomato,Retail,Dambulla,320.0
2025-01-07,Tomato,Wholesale,Dambulla,290.0
2025-01-07,Tomato,Retail,Pettah,350.0
2025-01-07,Tomato,Wholesale,Pettah,300.0
2025-01-08,Tomato,Retail,Dambulla,300.0
2025-01-08,Tomato,Wholesale,Dambulla,270.0
2025-01-08,Tomato,Retail,Pettah,300.0
2025-01-08,Tomato,Wholesale,Pettah,250.0
2025-01-09,Tomato,Retail,Dambulla,270.0
2025-01-09,Tomato,Wholesale,Dambulla,240.0
2025-01-09,Tomato,Retail,Pettah,280.0
2025-01-09,Tomato,Wholesale,Pettah,230.0
2025-01-10,Tomato,Retail,Dambulla,235.0
2025-01-10,Tomato,Wholesale,Dambulla,205.0
2025-01-10,Tomato,Retail,Pettah,300.0
2025-01-10,Tomato,Wholesale,Pettah,250.0
2025-01-15,Tomato,Retail,Dambulla,230.0
2025-01-15,Tomato,Wholesale,Dambulla,200.0
2025-01-15,Tomato,Retail,Pettah,300.0
2025-01-15,Tomato,Wholesale,Pettah,250.0
2025-01-16,Tomato,Retail,Dambulla,215.0
2025-01-16,Tomato,Wholesale,Dambulla,185.0
2025-01-16,Tomato,Retail,Pettah,300.0
2025-01-16,Tomato,Wholesale,Pettah,250.0
2025-01-17,Tomato,Retail,Dambulla,275.0
2025-01-17,Tomato,Wholesale,Dambulla,245.0
2025-01-17,Tomato,Retail,Pettah,250.0
2025-01-17,Tomato,Wholesale,Pettah,200.0
2025-01-20,Tomato,Retail,Dambulla,255.0
2025-01-20,Tomato,Wholesale,Dambulla,225.0
2025-01-20,Tomato,Retail,Pettah,300.0
2025-01-20,Tomato,Wholesale,Pettah,250.0
2025-01-21,Tomato,Retail,Dambulla,235.0
2025-01-21,Tomato,Wholesale,Dambulla,205.0
2025-01-21,Tomato,Retail,Pettah,300.0
2025-01-21,Tomato,Wholesale,Pettah,250.0
2025-01-22,Tomato,Retail,Dambulla,290.0
2025-01-22,Tomato,Wholesale,Dambulla,260.0
2025-01-22,Tomato,Retail,Pettah,300.0
2025-01-22,Tomato,Wholesale,Pettah,250.0
2025-01-23,Tomato,Retail,Dambulla,305.0
2025-01-23,Tomato,Wholesale,Dambulla,275.0
2025-01-23,Tomato,Retail,Pettah,350.0
2025-01-23,Tomato,Wholesale,Pettah,300.0
2025-01-24,Tomato,Retail,Dambulla,220.0
2025-01-24,Tomato,Wholesale,Dambulla,190.0
2025-01-24,Tomato,Retail,Pettah,350.0
2025-01-24,Tomato,Wholesale,Pettah,300.0
2025-01-27,Tomato,Retail,Dambulla,205.0
2025-01-27,Tomato,Wholesale,Dambulla,175.0
2025-01-27,Tomato,Retail,Pettah,300.0
2025-01-27,Tomato,Wholesale,Pettah,250.0
2025-01-28,Tomato,Retail,Dambulla,285.0
2025-01-28,Tomato,Wholesale,Dambulla,255.0
2025-01-28,Tomato,Retail,Pettah,300.0
2025-01-28,Tomato,Wholesale,Pettah,250.0
2025-01-29,Tomato,Retail,Dambulla,155.0
2025-01-29,Tomato,Wholesale,Dambulla,125.0
2025-01-29,Tomato,Retail,Pettah,300.0
2025-01-29,Tomato,Wholesale,Pettah,250.0
2025-01-30,Tomato,Retail,Dambulla,155.0
2025-01-30,Tomato,Wholesale,Dambulla,125.0
2025-01-30,Tomato,Retail,Pettah,320.0
2025-01-30,Tomato,Wholesale,Pettah,270.0
2025-01-31,Tomato,Retail,Dambulla,165.0
2025-01-31,Tomato,Wholesale,Dambulla,135.0
2025-01-31,Tomato,Retail,Pettah,350.0
2025-01-31,Tomato,Wholesale,Pettah,300.0
2025-02-03,Tomato,Retail,Dambulla,170.0
2025-02-03,Tomato,Wholesale,Dambulla,140.0
2025-02-03,Tomato,Retail,Pettah,300.0
2025-02-03,Tomato,Wholesale,Pettah,250.0
2025-02-05,Tomato,Retail,Dambulla,150.0
2025-02-05,Tomato,Wholesale,Dambulla,120.0
2025-02-05,Tomato,Retail,Pettah,250.0
2025-02-05,Tomato,Wholesale,Pettah,200.0
2025-02-06,Tomato,Retail,Dambulla,155.0
2025-02-06,Tomato,Wholesale,Dambulla,125.0
2025-02-06,Tomato,Retail,Pettah,250.0
2025-02-06,Tomato,Wholesale,Pettah,200.0
2025-02-07,Tomato,Retail,Dambulla,150.0
2025-02-07,Tomato,Wholesale,Dambulla,120.0
2025-02-07,Tomato,Retail,Pettah,250.0
2025-02-07,Tomato,Wholesale,Pettah,200.0
2025-02-10,Tomato,Retail,Dambulla,130.0
2025-02-10,Tomato,Wholesale,Dambulla,100.0
2025-02-10,Tomato,Retail,Pettah,200.0
2025-02-10,Tomato,Wholesale,Pettah,150.0
2025-02-11,Tomato,Retail,Dambulla,145.0
2025-02-11,Tomato,Wholesale,Dambulla,115.0
2025-02-11,Tomato,Retail,Pettah,250.0
2025-02-11,Tomato,Wholesale,Pettah,200.0
2025-02-13,Tomato,Retail,Dambulla,155.0
2025-02-13,Tomato,Wholesale,Dambulla,125.0
2025-02-13,Tomato,Retail,Pettah,250.0
2025-02-13,Tomato,Wholesale,Pettah,200.0
2025-02-14,Tomato,Retail,Dambulla,120.0
2025-02-14,Tomato,Wholesale,Dambulla,90.0
2025-02-14,Tomato,Retail,Pettah,200.0
2025-02-14,Tomato,Wholesale,Pettah,150.0
2025-02-17,Tomato,Retail,Dambulla,140.0
2025-02-17,Tomato,Wholesale,Dambulla,110.0
2025-02-17,Tomato,Retail,Pettah,170.0
2025-02-17,Tomato,Wholesale,Pettah,120.0
2025-02-18,Tomato,Retail,Dambulla,145.0
2025-02-18,Tomato,Wholesale,Dambulla,115.0
2025-02-18,Tomato,Retail,Pettah,170.0
2025-02-18,Tomato,Wholesale,Pettah,120.0
2025-02-19,Tomato,Retail,Dambulla,115.0
2025-02-19,Tomato,Wholesale,Dambulla,85.0
2025-02-19,Tomato,Retail,Pettah,170.0
2025-02-19,Tomato,Wholesale,Pettah,120.0
2025-02-20,Tomato,Retail,Dambulla,115.0
2025-02-20,Tomato,Wholesale,Dambulla,85.0
2025-02-20,Tomato,Retail,Pettah,170.0
2025-02-20,Tomato,Wholesale,Pettah,120.0
2025-02-21,Tomato,Retail,Dambulla,120.0
2025-02-21,Tomato,Wholesale,Dambulla,90.0
2025-02-21,Tomato,Retail,Pettah,200.0
2025-02-21,Tomato,Wholesale,Pettah,150.0
2025-02-24,Tomato,Retail,Dambulla,130.0
2025-02-24,Tomato,Wholesale,Dambulla,100.0
2025-02-24,Tomato,Retail,Pettah,170.0
2025-02-24,Tomato,Wholesale,Pettah,120.0
2025-02-25,Tomato,Retail,Dambulla,120.0
2025-02-25,Tomato,Wholesale,Dambulla,90.0
2025-02-25,Tomato,Retail,Pettah,170.0
2025-02-25,Tomato,Wholesale,Pettah,120.0
2025-02-27,Tomato,Retail,Dambulla,125.0
2025-02-27,Tomato,Wholesale,Dambulla,95.0
2025-02-27,Tomato,Retail,Pettah,160.0
2025-02-27,Tomato,Wholesale,Pettah,120.0
2025-02-28,Tomato,Retail,Dambulla,120.0
2025-02-28,Tomato,Wholesale,Dambulla,90.0
2025-02-28,Tomato,Retail,Pettah,200.0
2025-02-28,Tomato,Wholesale,Pettah,140.0
2025-03-03,Tomato,Retail,Dambulla,215.0
2025-03-03,Tomato,Wholesale,Dambulla,185.0
2025-03-03,Tomato,Retail,Pettah,230.0
2025-03-03,Tomato,Wholesale,Pettah,180.0
2025-03-04,Tomato,Retail,Dambulla,210.0
2025-03-04,Tomato,Wholesale,Dambulla,180.0
2025-03-04,Tomato,Retail,Pettah,250.0
2025-03-04,Tomato,Wholesale,Pettah,200.0
2025-03-05,Tomato,Retail,Dambulla,205.0
2025-03-05,Tomato,Wholesale,Dambulla,175.0
2025-03-05,Tomato,Retail,Pettah,250.0
2025-03-05,Tomato,Wholesale,Pettah,200.0
2025-03-06,Tomato,Retail,Dambulla,175.0
2025-03-06,Tomato,Wholesale,Dambulla,145.0
2025-03-06,Tomato,Retail,Pettah,250.0
2025-03-06,Tomato,Wholesale,Pettah,200.0
2025-03-07,Tomato,Retail,Dambulla,160.0
2025-03-07,Tomato,Wholesale,Dambulla,130.0
2025-03-07,Tomato,Retail,Pettah,200.0
2025-03-07,Tomato,Wholesale,Pettah,150.0
2025-03-10,Tomato,Retail,Dambulla,205.0
2025-03-10,Tomato,Wholesale,Dambulla,175.0
2025-03-10,Tomato,Retail,Pettah,200.0
2025-03-10,Tomato,Wholesale,Pettah,150.0
2025-03-11,Tomato,Retail,Dambulla,190.0
2025-03-11,Tomato,Wholesale,Dambulla,160.0
2025-03-11,Tomato,Retail,Pettah,220.0
2025-03-11,Tomato,Wholesale,Pettah,170.0
2025-03-12,Tomato,Retail,Dambulla,205.0
2025-03-12,Tomato,Wholesale,Dambulla,175.0
2025-03-12,Tomato,Retail,Pettah,200.0
2025-03-12,Tomato,Wholesale,Pettah,150.0
2025-03-14,Tomato,Retail,Dambulla,295.0
2025-03-14,Tomato,Wholesale,Dambulla,265.0
2025-03-14,Tomato,Retail,Pettah,250.0
2025-03-14,Tomato,Wholesale,Pettah,200.0
2025-03-17,Tomato,Retail,Dambulla,245.0
2025-03-17,Tomato,Wholesale,Dambulla,215.0
2025-03-17,Tomato,Retail,Pettah,350.0
2025-03-17,Tomato,Wholesale,Pettah,300.0
2025-03-18,Tomato,Retail,Dambulla,250.0
2025-03-18,Tomato,Wholesale,Dambulla,220.0
2025-03-18,Tomato,Retail,Pettah,350.0
2025-03-18,Tomato,Wholesale,Pettah,300.0
2025-03-19,Tomato,Retail,Dambulla,230.0
2025-03-19,Tomato,Wholesale,Dambulla,200.0
2025-03-19,Tomato,Retail,Pettah,300.0
2025-03-19,Tomato,Wholesale,Pettah,250.0
2025-03-20,Tomato,Retail,Dambulla,285.0
2025-03-20,Tomato,Wholesale,Dambulla,255.0
2025-03-20,Tomato,Retail,Pettah,250.0
2025-03-20,Tomato,Wholesale,Pettah,200.0
2025-03-21,Tomato,Retail,Dambulla,180.0
2025-03-21,Tomato,Wholesale,Dambulla,150.0
2025-03-21,Tomato,Retail,Pettah,200.0
2025-03-21,Tomato,Wholesale,Pettah,150.0
2025-03-24,Tomato,Retail,Dambulla,200.0
2025-03-24,Tomato,Wholesale,Dambulla,170.0
2025-03-24,Tomato,Retail,Pettah,250.0
2025-03-24,Tomato,Wholesale,Pettah,200.0
2025-03-25,Tomato,Retail,Dambulla,170.0
2025-03-25,Tomato,Wholesale,Dambulla,140.0
2025-03-25,Tomato,Retail,Pettah,250.0
2025-03-25,Tomato,Wholesale,Pettah,200.0
2025-03-26,Tomato,Retail,Dambulla,165.0
2025-03-26,Tomato,Wholesale,Dambulla,135.0
2025-03-26,Tomato,Retail,Pettah,250.0
2025-03-26,Tomato,Wholesale,Pettah,200.0
2025-03-27,Tomato,Retail,Dambulla,168.0
2025-03-27,Tomato,Wholesale,Dambulla,138.0
2025-03-27,Tomato,Retail,Pettah,250.0
2025-03-27,Tomato,Wholesale,Pettah,200.0
2025-03-28,Tomato,Retail,Dambulla,215.0
2025-03-28,Tomato,Wholesale,Dambulla,185.0
2025-03-28,Tomato,Retail,Pettah,250.0
2025-03-28,Tomato,Wholesale,Pettah,200.0
2025-04-01,Tomato,Retail,Dambulla,235.0
2025-04-01,Tomato,Wholesale,Dambulla,205.0
2025-04-01,Tomato,Retail,Pettah,300.0
2025-04-01,Tomato,Wholesale,Pettah,250.0
2025-04-02,Tomato,Retail,Dambulla,245.0
2025-04-02,Tomato,Wholesale,Dambulla,215.0
2025-04-02,Tomato,Retail,Pettah,300.0
2025-04-02,Tomato,Wholesale,Pettah,250.0
2025-04-03,Tomato,Retail,Dambulla,235.0
2025-04-03,Tomato,Wholesale,Dambulla,205.0
2025-04-03,Tomato,Retail,Pettah,350.0
2025-04-03,Tomato,Wholesale,Pettah,300.0
2025-04-04,Tomato,Retail,Dambulla,270.0
2025-04-04,Tomato,Wholesale,Dambulla,240.0
2025-04-04,Tomato,Retail,Pettah,350.0
2025-04-04,Tomato,Wholesale,Pettah,300.0
2025-04-07,Tomato,Retail,Dambulla,320.0
2025-04-07,Tomato,Wholesale,Dambulla,290.0
2025-04-07,Tomato,Retail,Pettah,350.0
2025-04-07,Tomato,Wholesale,Pettah,300.0
2025-04-08,Tomato,Retail,Dambulla,340.0
2025-04-08,Tomato,Wholesale,Dambulla,310.0
2025-04-08,Tomato,Retail,Pettah,500.0
2025-04-08,Tomato,Wholesale,Pettah,450.0
2025-04-09,Tomato,Retail,Dambulla,555.0
2025-04-09,Tomato,Wholesale,Dambulla,525.0
2025-04-09,Tomato,Retail,Pettah,550.0
2025-04-09,Tomato,Wholesale,Pettah,500.0
2025-04-10,Tomato,Retail,Dambulla,555.0
2025-04-10,Tomato,Wholesale,Dambulla,525.0
2025-04-10,Tomato,Retail,Pettah,650.0
2025-04-10,Tomato,Wholesale,Pettah,600.0
2025-04-11,Tomato,Retail,Dambulla,655.0
2025-04-11,Tomato,Wholesale,Dambulla,625.0
2025-04-11,Tomato,Retail,Pettah,650.0
2025-04-11,Tomato,Wholesale,Pettah,600.0
2025-04-16,Tomato,Retail,Dambulla,375.0
2025-04-16,Tomato,Wholesale,Dambulla,345.0
2025-04-16,Tomato,Retail,Pettah,550.0
2025-04-16,Tomato,Wholesale,Pettah,500.0
2025-04-17,Tomato,Retail,Dambulla,185.0
2025-04-17,Tomato,Wholesale,Dambulla,155.0
2025-04-17,Tomato,Retail,Pettah,500.0
2025-04-17,Tomato,Wholesale,Pettah,450.0
2025-04-21,Tomato,Retail,Dambulla,520.0
2025-04-21,Tomato,Wholesale,Dambulla,490.0
2025-04-21,Tomato,Retail,Pettah,450.0
2025-04-21,Tomato,Wholesale,Pettah,400.0
2025-04-22,Tomato,Retail,Dambulla,545.0
2025-04-22,Tomato,Wholesale,Dambulla,515.0
2025-04-22,Tomato,Retail,Pettah,600.0
2025-04-22,Tomato,Wholesale,Pettah,550.0
2025-04-23,Tomato,Retail,Dambulla,505.0
2025-04-23,Tomato,Wholesale,Dambulla,475.0
2025-04-23,Tomato,Retail,Pettah,600.0
2025-04-23,Tomato,Wholesale,Pettah,550.0
2025-04-24,Tomato,Retail,Dambulla,540.0
2025-04-24,Tomato,Wholesale,Dambulla,510.0
2025-04-24,Tomato,Retail,Pettah,650.0
2025-04-24,Tomato,Wholesale,Pettah,600.0
2025-04-25,Tomato,Retail,Dambulla,540.0
2025-04-25,Tomato,Wholesale,Dambulla,510.0
2025-04-25,Tomato,Retail,Pettah,650.0
2025-04-25,Tomato,Wholesale,Pettah,600.0
2025-04-28,Tomato,Retail,Dambulla,505.0
2025-04-28,Tomato,Wholesale,Dambulla,475.0
2025-04-28,Tomato,Retail,Pettah,650.0
2025-04-28,Tomato,Wholesale,Pettah,600.0
2025-04-29,Tomato,Retail,Dambulla,605.0
2025-04-29,Tomato,Wholesale,Dambulla,575.0
2025-04-29,Tomato,Retail,Pettah,650.0
2025-04-29,Tomato,Wholesale,Pettah,600.0
2025-04-30,Tomato,Retail,Dambulla,580.0
2025-04-30,Tomato,Wholesale,Dambulla,550.0
2025-04-30,Tomato,Retail,Pettah,700.0
2025-04-30,Tomato,Wholesale,Pettah,650.0
2025-05-02,Tomato,Retail,Dambulla,705.0
2025-05-02,Tomato,Wholesale,Dambulla,675.0
2025-05-02,Tomato,Retail,Pettah,700.0
2025-05-02,Tomato,Wholesale,Pettah,650.0
2025-05-05,Tomato,Retail,Dambulla,705.0
2025-05-05,Tomato,Wholesale,Dambulla,675.0
2025-05-05,Tomato,Retail,Pettah,900.0
2025-05-05,Tomato,Wholesale,Pettah,850.0
2025-05-06,Tomato,Retail,Dambulla,
2025-05-06,Tomato,Wholesale,Dambulla,
2025-05-06,Tomato,Retail,Pettah,
2025-05-06,Tomato,Wholesale,Pettah,850.0
2025-05-07,Tomato,Retail,Dambulla,
2025-05-07,Tomato,Wholesale,Dambulla,
2025-05-07,Tomato,Retail,Pettah,
2025-05-07,Tomato,Wholesale,Pettah,850.0
2025-05-08,Tomato,Retail,Dambulla,775.0
2025-05-08,Tomato,Wholesale,Dambulla,745.0
2025-05-08,Tomato,Retail,Pettah,900.0
2025-05-08,Tomato,Wholesale,Pettah,850.0
2025-05-09,Tomato,Retail,Dambulla,725.0
2025-05-09,Tomato,Wholesale,Dambulla,695.0
2025-05-09,Tomato,Retail,Pettah,900.0
2025-05-09,Tomato,Wholesale,Pettah,850.0
2025-05-14,Tomato,Retail,Dambulla,570.0
2025-05-14,Tomato,Wholesale,Dambulla,540.0
2025-05-14,Tomato,Retail,Pettah,900.0
2025-05-14,Tomato,Wholesale,Pettah,850.0
2025-05-15,Tomato,Retail,Dambulla,555.0
2025-05-15,Tomato,Wholesale,Dambulla,525.0
2025-05-15,Tomato,Retail,Pettah,850.0
2025-05-15,Tomato,Wholesale,Pettah,800.0
2025-05-16,Tomato,Retail,Dambulla,505.0
2025-05-16,Tomato,Wholesale,Dambulla,475.0
2025-05-16,Tomato,Retail,Pettah,900.0
2025-05-16,Tomato,Wholesale,Pettah,850.0
2025-05-19,Tomato,Retail,Dambulla,605.0
2025-05-19,Tomato,Wholesale,Dambulla,575.0
2025-05-19,Tomato,Retail,Pettah,800.0
2025-05-19,Tomato,Wholesale,Pettah,750.0
2025-05-20,Tomato,Retail,Dambulla,555.0
2025-05-20,Tomato,Wholesale,Dambulla,525.0
2025-05-20,Tomato,Retail,Pettah,800.0
2025-05-20,Tomato,Wholesale,Pettah,750.0
2025-05-21,Tomato,Retail,Dambulla,555.0
2025-05-21,Tomato,Wholesale,Dambulla,525.0
2025-05-21,Tomato,Retail,Pettah,650.0
2025-05-21,Tomato,Wholesale,Pettah,600.0
2025-05-22,Tomato,Retail,Dambulla,480.0
2025-05-22,Tomato,Wholesale,Dambulla,450.0
2025-05-22,Tomato,Retail,Pettah,550.0
2025-05-22,Tomato,Wholesale,Pettah,500.0
2025-05-23,Tomato,Retail,Dambulla,505.0
2025-05-23,Tomato,Wholesale,Dambulla,475.0
2025-05-23,Tomato,Retail,Pettah,550.0
2025-05-23,Tomato,Wholesale,Pettah,500.0
2025-05-26,Tomato,Retail,Dambulla,530.0
2025-05-26,Tomato,Wholesale,Dambulla,500.0
2025-05-26,Tomato,Retail,Pettah,550.0
2025-05-26,Tomato,Wholesale,Pettah,500.0
2025-05-27,Tomato,Retail,Dambulla,605.0
2025-05-27,Tomato,Wholesale,Dambulla,575.0
2025-05-27,Tomato,Retail,Pettah,600.0
2025-05-27,Tomato,Wholesale,Pettah,550.0
2025-05-28,Tomato,Retail,Dambulla,425.0
2025-05-28,Tomato,Wholesale,Dambulla,395.0
2025-05-28,Tomato,Retail,Pettah,550.0
2025-05-28,Tomato,Wholesale,Pettah,500.0
2025-05-29,Tomato,Retail,Dambulla,520.0
2025-05-29,Tomato,Wholesale,Dambulla,490.0
2025-05-29,Tomato,Retail,Pettah,550.0
2025-05-29,Tomato,Wholesale,Pettah,500.0
2025-05-30,Tomato,Retail,Dambulla,505.0
2025-05-30,Tomato,Wholesale,Dambulla,475.0
2025-05-30,Tomato,Retail,Pettah,550.0
2025-05-30,Tomato,Wholesale,Pettah,500.0
2025-06-02,Tomato,Retail,Dambulla,455.0
2025-06-02,Tomato,Wholesale,Dambulla,425.0
2025-06-02,Tomato,Retail,Pettah,600.0
2025-06-02,Tomato,Wholesale,Pettah,550.0
2025-06-03,Tomato,Retail,Dambulla,495.0
2025-06-03,Tomato,Wholesale,Dambulla,465.0
2025-06-03,Tomato,Retail,Pettah,600.0
2025-06-03,Tomato,Wholesale,Pettah,550.0
2025-06-04,Tomato,Retail,Dambulla,415.0
2025-06-04,Tomato,Wholesale,Dambulla,385.0
2025-06-04,Tomato,Retail,Pettah,600.0
2025-06-04,Tomato,Wholesale,Pettah,550.0
2025-06-05,Tomato,Retail,Dambulla,505.0
2025-06-05,Tomato,Wholesale,Dambulla,475.0
2025-06-05,Tomato,Retail,Pettah,600.0
2025-06-05,Tomato,Wholesale,Pettah,550.0
2025-06-06,Tomato,Retail,Dambulla,525.0
2025-06-06,Tomato,Wholesale,Dambulla,495.0
2025-06-06,Tomato,Retail,Pettah,650.0
2025-06-06,Tomato,Wholesale,Pettah,600.0
2025-06-09,Tomato,Retail,Dambulla,340.0
2025-06-09,Tomato,Wholesale,Dambulla,310.0
2025-06-09,Tomato,Retail,Pettah,600.0
2025-06-09,Tomato,Wholesale,Pettah,550.0
2025-06-11,Tomato,Retail,Dambulla,
2025-06-11,Tomato,Wholesale,Dambulla,
2025-06-11,Tomato,Retail,Pettah,
2025-06-11,Tomato,Wholesale,Pettah,600.0
2025-06-12,Tomato,Retail,Dambulla,
2025-06-12,Tomato,Wholesale,Dambulla,
2025-06-12,Tomato,Retail,Pettah,
2025-06-12,Tomato,Wholesale,Pettah,500.0
2025-06-13,Tomato,Retail,Dambulla,230.0
2025-06-13,Tomato,Wholesale,Dambulla,200.0
2025-06-13,Tomato,Retail,Pettah,500.0
2025-06-13,Tomato,Wholesale,Pettah,450.0
2025-06-16,Tomato,Retail,Dambulla,245.0
2025-06-16,Tomato,Wholesale,Dambulla,215.0
2025-06-16,Tomato,Retail,Pettah,350.0
2025-06-16,Tomato,Wholesale,Pettah,300.0
2025-06-17,Tomato,Retail,Dambulla,250.0
2025-06-17,Tomato,Wholesale,Dambulla,220.0
2025-06-17,Tomato,Retail,Pettah,400.0
2025-06-17,Tomato,Wholesale,Pettah,350.0
2025-06-18,Tomato,Retail,Dambulla,255.0
2025-06-18,Tomato,Wholesale,Dambulla,225.0
2025-06-18,Tomato,Retail,Pettah,350.0
2025-06-18,Tomato,Wholesale,Pettah,300.0
2025-06-19,Tomato,Retail,Dambulla,275.0
2025-06-19,Tomato,Wholesale,Dambulla,245.0
2025-06-19,Tomato,Retail,Pettah,300.0
2025-06-19,Tomato,Wholesale,Pettah,250.0
2025-06-20,Tomato,Retail,Dambulla,275.0
2025-06-20,Tomato,Wholesale,Dambulla,245.0
2025-06-20,Tomato,Retail,Pettah,250.0
2025-06-20,Tomato,Wholesale,Pettah,200.0
2025-06-23,Tomato,Retail,Dambulla,285.0
2025-06-23,Tomato,Wholesale,Dambulla,255.0
2025-06-23,Tomato,Retail,Pettah,270.0
2025-06-23,Tomato,Wholesale,Pettah,220.0
2025-06-24,Tomato,Retail,Dambulla,240.0
2025-06-24,Tomato,Wholesale,Dambulla,210.0
2025-06-24,Tomato,Retail,Pettah,250.0
2025-06-24,Tomato,Wholesale,Pettah,200.0
2025-06-25,Tomato,Retail,Dambulla,205.0
2025-06-25,Tomato,Wholesale,Dambulla,175.0
2025-06-25,Tomato,Retail,Pettah,250.0
2025-06-25,Tomato,Wholesale,Pettah,200.0
2025-06-26,Tomato,Retail,Dambulla,165.0
2025-06-26,Tomato,Wholesale,Dambulla,135.0
2025-06-26,Tomato,Retail,Pettah,250.0
2025-06-26,Tomato,Wholesale,Pettah,200.0
2025-06-27,Tomato,Retail,Dambulla,170.0
2025-06-27,Tomato,Wholesale,Dambulla,140.0
2025-06-27,Tomato,Retail,Pettah,230.0
2025-06-27,Tomato,Wholesale,Pettah,180.0
2025-06-30,Tomato,Retail,Dambulla,155.0
2025-06-30,Tomato,Wholesale,Dambulla,125.0
2025-06-30,Tomato,Retail,Pettah,200.0
2025-06-30,Tomato,Wholesale,Pettah,150.0
2025-07-01,Tomato,Retail,Dambulla,115.0
2025-07-01,Tomato,Wholesale,Dambulla,85.0
2025-07-01,Tomato,Retail,Pettah,170.0
2025-07-01,Tomato,Wholesale,Pettah,120.0
2025-07-02,Tomato,Retail,Dambulla,110.0
2025-07-02,Tomato,Wholesale,Dambulla,80.0
2025-07-02,Tomato,Retail,Pettah,170.0
2025-07-02,Tomato,Wholesale,Pettah,120.0
2025-07-03,Tomato,Retail,Dambulla,120.0
2025-07-03,Tomato,Wholesale,Dambulla,90.0
2025-07-03,Tomato,Retail,Pettah,170.0
2025-07-03,Tomato,Wholesale,Pettah,120.0
2025-07-04,Tomato,Retail,Dambulla,105.0
2025-07-04,Tomato,Wholesale,Dambulla,75.0
2025-07-04,Tomato,Retail,Pettah,170.0
2025-07-04,Tomato,Wholesale,Pettah,120.0
2025-07-07,Tomato,Retail,Dambulla,85.0
2025-07-07,Tomato,Wholesale,Dambulla,55.0
2025-07-07,Tomato,Retail,Pettah,170.0
2025-07-07,Tomato,Wholesale,Pettah,120.0
2025-07-08,Tomato,Retail,Dambulla,85.0
2025-07-08,Tomato,Wholesale,Dambulla,55.0
2025-07-08,Tomato,Retail,Pettah,170.0
2025-07-08,Tomato,Wholesale,Pettah,120.0
2025-07-09,Tomato,Retail,Dambulla,95.0
2025-07-09,Tomato,Wholesale,Dambulla,65.0
2025-07-09,Tomato,Retail,Pettah,200.0
2025-07-09,Tomato,Wholesale,Pettah,150.0
2025-07-11,Tomato,Retail,Dambulla,85.0
2025-07-11,Tomato,Wholesale,Dambulla,55.0
2025-07-11,Tomato,Retail,Pettah,150.0
2025-07-11,Tomato,Wholesale,Pettah,95.0
2025-07-14,Tomato,Retail,Dambulla,78.0
2025-07-14,Tomato,Wholesale,Dambulla,48.0
2025-07-14,Tomato,Retail,Pettah,120.0
2025-07-14,Tomato,Wholesale,Pettah,80.0
2025-07-15,Tomato,Retail,Dambulla,75.0
2025-07-15,Tomato,Wholesale,Dambulla,45.0
2025-07-15,Tomato,Retail,Pettah,130.0
2025-07-15,Tomato,Wholesale,Pettah,80.0
2025-07-16,Tomato,Retail,Dambulla,83.0
2025-07-16,Tomato,Wholesale,Dambulla,53.0
2025-07-16,Tomato,Retail,Pettah,100.0
2025-07-16,Tomato,Wholesale,Pettah,65.0
2025-07-17,Tomato,Retail,Dambulla,83.0
2025-07-17,Tomato,Wholesale,Dambulla,53.0
2025-07-17,Tomato,Retail,Pettah,100.0
2025-07-17,Tomato,Wholesale,Pettah,70.0
2025-07-18,Tomato,Retail,Dambulla,110.0
2025-07-18,Tomato,Wholesale,Dambulla,80.0
2025-07-18,Tomato,Retail,Pettah,130.0
2025-07-18,Tomato,Wholesale,Pettah,95.0
2025-07-21,Tomato,Retail,Dambulla,118.0
2025-07-21,Tomato,Wholesale,Dambulla,88.0
2025-07-21,Tomato,Retail,Pettah,150.0
2025-07-21,Tomato,Wholesale,Pettah,100.0
2025-07-22,Tomato,Retail,Dambulla,120.0
2025-07-22,Tomato,Wholesale,Dambulla,95.0
2025-07-22,Tomato,Retail,Pettah,120.0
2025-07-22,Tomato,Wholesale,Pettah,80.0
2025-07-23,Tomato,Retail,Dambulla,125.0
2025-07-23,Tomato,Wholesale,Dambulla,95.0
2025-07-23,Tomato,Retail,Pettah,120.0
2025-07-23,Tomato,Wholesale,Pettah,80.0
2025-07-24,Tomato,Retail,Dambulla,120.0
2025-07-24,Tomato,Wholesale,Dambulla,90.0
2025-07-24,Tomato,Retail,Pettah,120.0
2025-07-24,Tomato,Wholesale,Pettah,80.0
2025-07-25,Tomato,Retail,Dambulla,120.0
2025-07-25,Tomato,Wholesale,Dambulla,90.0
2025-07-25,Tomato,Retail,Pettah,120.0
2025-07-25,Tomato,Wholesale,Pettah,80.0
2025-07-28,Tomato,Retail,Dambulla,135.0
2025-07-28,Tomato,Wholesale,Dambulla,105.0
2025-07-28,Tomato,Retail,Pettah,170.0
2025-07-28,Tomato,Wholesale,Pettah,120.0
2025-07-29,Tomato,Retail,Dambulla,120.0
2025-07-29,Tomato,Wholesale,Dambulla,90.0
2025-07-29,Tomato,Retail,Pettah,170.0
2025-07-29,Tomato,Wholesale,Pettah,120.0
2025-07-30,Tomato,Retail,Dambulla,120.0
2025-07-30,Tomato,Wholesale,Dambulla,90.0
2025-07-30,Tomato,Retail,Pettah,170.0
2025-07-30,Tomato,Wholesale,Pettah,120.0
2025-07-31,Tomato,Retail,Dambulla,105.0
2025-07-31,Tomato,Wholesale,Dambulla,75.0
2025-07-31,Tomato,Retail,Pettah,170.0
2025-07-31,Tomato,Wholesale,Pettah,120.0
2025-08-01,Tomato,Retail,Dambulla,135.0
2025-08-01,Tomato,Wholesale,Dambulla,105.0
2025-08-01,Tomato,Retail,Pettah,170.0
2025-08-01,Tomato,Wholesale,Pettah,120.0
2025-08-04,Tomato,Retail,Dambulla,120.0
2025-08-04,Tomato,Wholesale,Dambulla,90.0
2025-08-04,Tomato,Retail,Pettah,170.0
2025-08-04,Tomato,Wholesale,Pettah,120.0
2025-08-05,Tomato,Retail,Dambulla,105.0
2025-08-05,Tomato,Wholesale,Dambulla,75.0
2025-08-05,Tomato,Retail,Pettah,170.0
2025-08-05,Tomato,Wholesale,Pettah,120.0
2025-08-06,Tomato,Retail,Dambulla,100.0
2025-08-06,Tomato,Wholesale,Dambulla,70.0
2025-08-06,Tomato,Retail,Pettah,170.0
2025-08-06,Tomato,Wholesale,Pettah,120.0
2025-08-07,Tomato,Retail,Dambulla,85.0
2025-08-07,Tomato,Wholesale,Dambulla,55.0
2025-08-07,Tomato,Retail,Pettah,170.0
2025-08-07,Tomato,Wholesale,Pettah,120.0
2025-08-11,Tomato,Retail,Dambulla,90.0
2025-08-11,Tomato,Wholesale,Dambulla,60.0
2025-08-11,Tomato,Retail,Pettah,150.0
2025-08-11,Tomato,Wholesale,Pettah,100.0
2025-08-12,Tomato,Retail,Dambulla,83.0
2025-08-12,Tomato,Wholesale,Dambulla,53.0
2025-08-12,Tomato,Retail,Pettah,170.0
2025-08-12,Tomato,Wholesale,Pettah,120.0
2025-08-13,Tomato,Retail,Dambulla,95.0
2025-08-13,Tomato,Wholesale,Dambulla,65.0
2025-08-13,Tomato,Retail,Pettah,170.0
2025-08-13,Tomato,Wholesale,Pettah,120.0
2025-08-14,Tomato,Retail,Dambulla,110.0
2025-08-14,Tomato,Wholesale,Dambulla,80.0
2025-08-14,Tomato,Retail,Pettah,170.0
2025-08-14,Tomato,Wholesale,Pettah,110.0
2025-08-15,Tomato,Retail,Dambulla,105.0
2025-08-15,Tomato,Wholesale,Dambulla,75.0
2025-08-15,Tomato,Retail,Pettah,150.0
2025-08-15,Tomato,Wholesale,Pettah,100.0
2025-08-18,Tomato,Retail,Dambulla,125.0
2025-08-18,Tomato,Wholesale,Dambulla,95.0
2025-08-18,Tomato,Retail,Pettah,150.0
2025-08-18,Tomato,Wholesale,Pettah,100.0
2025-08-19,Tomato,Retail,Dambulla,110.0
2025-08-19,Tomato,Wholesale,Dambulla,80.0
2025-08-19,Tomato,Retail,Pettah,130.0
2025-08-19,Tomato,Wholesale,Pettah,80.0
2025-08-20,Tomato,Retail,Dambulla,105.0
2025-08-20,Tomato,Wholesale,Dambulla,75.0
2025-08-20,Tomato,Retail,Pettah,150.0
2025-08-20,Tomato,Wholesale,Pettah,100.0
2025-08-21,Tomato,Retail,Dambulla,120.0
2025-08-21,Tomato,Wholesale,Dambulla,90.0
2025-08-21,Tomato,Retail,Pettah,150.0
2025-08-21,Tomato,Wholesale,Pettah,100.0
2025-08-22,Tomato,Retail,Dambulla,120.0
2025-08-22,Tomato,Wholesale,Dambulla,90.0
2025-08-22,Tomato,Retail,Pettah,150.0
2025-08-22,Tomato,Wholesale,Pettah,100.0
2025-08-25,Tomato,Retail,Dambulla,175.0
2025-08-25,Tomato,Wholesale,Dambulla,145.0
2025-08-25,Tomato,Retail,Pettah,200.0
2025-08-25,Tomato,Wholesale,Pettah,150.0
2025-08-26,Tomato,Retail,Dambulla,190.0
2025-08-26,Tomato,Wholesale,Dambulla,160.0
2025-08-26,Tomato,Retail,Pettah,250.0
2025-08-26,Tomato,Wholesale,Pettah,200.0
2025-08-27,Tomato,Retail,Dambulla,175.0
2025-08-27,Tomato,Wholesale,Dambulla,145.0
2025-08-27,Tomato,Retail,Pettah,200.0
2025-08-27,Tomato,Wholesale,Pettah,150.0
2025-08-28,Tomato,Retail,Dambulla,175.0
2025-08-28,Tomato,Wholesale,Dambulla,145.0
2025-08-28,Tomato,Retail,Pettah,300.0
2025-08-28,Tomato,Wholesale,Pettah,250.0
2025-08-29,Tomato,Retail,Dambulla,170.0
2025-08-29,Tomato,Wholesale,Dambulla,140.0
2025-08-29,Tomato,Retail,Pettah,200.0
2025-08-29,Tomato,Wholesale,Pettah,150.0
2025-09-01,Tomato,Retail,Dambulla,115.0
2025-09-01,Tomato,Wholesale,Dambulla,85.0
2025-09-01,Tomato,Retail,Pettah,200.0
2025-09-01,Tomato,Wholesale,Pettah,150.0
2025-09-02,Tomato,Retail,Dambulla,95.0
2025-09-02,Tomato,Wholesale,Dambulla,65.0
2025-09-02,Tomato,Retail,Pettah,230.0
2025-09-02,Tomato,Wholesale,Pettah,170.0
2025-09-03,Tomato,Retail,Dambulla,95.0
2025-09-03,Tomato,Wholesale,Dambulla,65.0
2025-09-03,Tomato,Retail,Pettah,230.0
2025-09-03,Tomato,Wholesale,Pettah,170.0
2025-09-04,Tomato,Retail,Dambulla,90.0
2025-09-04,Tomato,Wholesale,Dambulla,60.0
2025-09-04,Tomato,Retail,Pettah,230.0
2025-09-04,Tomato,Wholesale,Pettah,170.0
2025-09-08,Tomato,Retail,Dambulla,85.0
2025-09-08,Tomato,Wholesale,Dambulla,55.0
2025-09-08,Tomato,Retail,Pettah,180.0
2025-09-08,Tomato,Wholesale,Pettah,140.0
2025-09-09,Tomato,Retail,Dambulla,90.0
2025-09-09,Tomato,Wholesale,Dambulla,60.0
2025-09-09,Tomato,Retail,Pettah,180.0
2025-09-09,Tomato,Wholesale,Pettah,140.0
2025-09-10,Tomato,Retail,Dambulla,90.0
2025-09-10,Tomato,Wholesale,Dambulla,60.0
2025-09-10,Tomato,Retail,Pettah,170.0
2025-09-10,Tomato,Wholesale,Pettah,120.0
2025-09-11,Tomato,Retail,Dambulla,90.0
2025-09-11,Tomato,Wholesale,Dambulla,60.0
2025-09-11,Tomato,Retail,Pettah,170.0
2025-09-11,Tomato,Wholesale,Pettah,120.0
2025-09-12,Tomato,Retail,Dambulla,120.0
2025-09-12,Tomato,Wholesale,Dambulla,90.0
2025-09-12,Tomato,Retail,Pettah,170.0
2025-09-12,Tomato,Wholesale,Pettah,120.0
2025-09-15,Tomato,Retail,Dambulla,190.0
2025-09-15,Tomato,Wholesale,Dambulla,160.0
2025-09-15,Tomato,Retail,Pettah,200.0
2025-09-15,Tomato,Wholesale,Pettah,150.0
2025-09-16,Tomato,Retail,Dambulla,170.0
2025-09-16,Tomato,Wholesale,Dambulla,140.0
2025-09-16,Tomato,Retail,Pettah,200.0
2025-09-16,Tomato,Wholesale,Pettah,150.0
2025-09-17,Tomato,Retail,Dambulla,135.0
2025-09-17,Tomato,Wholesale,Dambulla,105.0
2025-09-17,Tomato,Retail,Pettah,200.0
2025-09-17,Tomato,Wholesale,Pettah,150.0
2025-09-18,Tomato,Retail,Dambulla,125.0
2025-09-18,Tomato,Wholesale,Dambulla,95.0
2025-09-18,Tomato,Retail,Pettah,200.0
2025-09-18,Tomato,Wholesale,Pettah,150.0
2025-09-19,Tomato,Retail,Dambulla,130.0
2025-09-19,Tomato,Wholesale,Dambulla,100.0
2025-09-19,Tomato,Retail,Pettah,200.0
2025-09-19,Tomato,Wholesale,Pettah,150.0
2025-09-22,Tomato,Retail,Dambulla,135.0
2025-09-22,Tomato,Wholesale,Dambulla,105.0
2025-09-22,Tomato,Retail,Pettah,200.0
2025-09-22,Tomato,Wholesale,Pettah,150.0
2025-09-23,Tomato,Retail,Dambulla,145.0
2025-09-23,Tomato,Wholesale,Dambulla,115.0
2025-09-23,Tomato,Retail,Pettah,150.0
2025-09-23,Tomato,Wholesale,Pettah,100.0
2025-09-26,Tomato,Retail,Dambulla,140.0
2025-09-26,Tomato,Wholesale,Dambulla,110.0
2025-09-26,Tomato,Retail,Pettah,200.0
2025-09-26,Tomato,Wholesale,Pettah,150.0
2025-09-29,Tomato,Retail,Dambulla,135.0
2025-09-29,Tomato,Wholesale,Dambulla,105.0
2025-09-29,Tomato,Retail,Pettah,170.0
2025-09-29,Tomato,Wholesale,Pettah,130.0
2025-09-30,Tomato,Retail,Dambulla,140.0
2025-09-30,Tomato,Wholesale,Dambulla,110.0
2025-09-30,Tomato,Retail,Pettah,160.0
2025-09-30,Tomato,Wholesale,Pettah,120.0
2025-10-01,Tomato,Retail,Dambulla,135.0
2025-10-01,Tomato,Wholesale,Dambulla,105.0
2025-10-01,Tomato,Retail,Pettah,160.0
2025-10-01,Tomato,Wholesale,Pettah,120.0
2025-10-02,Tomato,Retail,Dambulla,145.0
2025-10-02,Tomato,Wholesale,Dambulla,115.0
2025-10-02,Tomato,Retail,Pettah,160.0
2025-10-02,Tomato,Wholesale,Pettah,120.0
2025-10-03,Tomato,Retail,Dambulla,140.0
2025-10-03,Tomato,Wholesale,Dambulla,110.0
2025-10-03,Tomato,Retail,Pettah,160.0
2025-10-03,Tomato,Wholesale,Pettah,120.0
2025-10-07,Tomato,Retail,Dambulla,120.0
2025-10-07,Tomato,Wholesale,Dambulla,90.0
2025-10-07,Tomato,Retail,Pettah,160.0
2025-10-07,Tomato,Wholesale,Pettah,120.0
2025-10-08,Tomato,Retail,Dambulla,135.0
2025-10-08,Tomato,Wholesale,Dambulla,105.0
2025-10-08,Tomato,Retail,Pettah,170.0
2025-10-08,Tomato,Wholesale,Pettah,120.0
2025-10-09,Tomato,Retail,Dambulla,135.0
2025-10-09,Tomato,Wholesale,Dambulla,105.0
2025-10-09,Tomato,Retail,Pettah,170.0
2025-10-09,Tomato,Wholesale,Pettah,120.0
2025-10-10,Tomato,Retail,Dambulla,125.0
2025-10-10,Tomato,Wholesale,Dambulla,95.0
2025-10-10,Tomato,Retail,Pettah,170.0
2025-10-10,Tomato,Wholesale,Pettah,120.0
2025-10-13,Tomato,Retail,Dambulla,145.0
2025-10-13,Tomato,Wholesale,Dambulla,115.0
2025-10-13,Tomato,Retail,Pettah,180.0
2025-10-13,Tomato,Wholesale,Pettah,140.0
2025-10-14,Tomato,Retail,Dambulla,140.0
2025-10-14,Tomato,Wholesale,Dambulla,110.0
2025-10-14,Tomato,Retail,Pettah,180.0
2025-10-14,Tomato,Wholesale,Pettah,140.0
2025-10-15,Tomato,Retail,Dambulla,125.0
2025-10-15,Tomato,Wholesale,Dambulla,95.0
2025-10-15,Tomato,Retail,Pettah,160.0
2025-10-15,Tomato,Wholesale,Pettah,120.0
2025-10-16,Tomato,Retail,Dambulla,110.0
2025-10-16,Tomato,Wholesale,Dambulla,80.0
2025-10-16,Tomato,Retail,Pettah,160.0
2025-10-16,Tomato,Wholesale,Pettah,120.0
2025-10-17,Tomato,Retail,Dambulla,140.0
2025-10-17,Tomato,Wholesale,Dambulla,110.0
2025-10-17,Tomato,Retail,Pettah,140.0
2025-10-17,Tomato,Wholesale,Pettah,100.0
2025-10-21,Tomato,Retail,Dambulla,185.0
2025-10-21,Tomato,Wholesale,Dambulla,155.0
2025-10-21,Tomato,Retail,Pettah,140.0
2025-10-21,Tomato,Wholesale,Pettah,100.0
2025-10-22,Tomato,Retail,Dambulla,155.0
2025-10-22,Tomato,Wholesale,Dambulla,125.0
2025-10-22,Tomato,Retail,Pettah,170.0
2025-10-22,Tomato,Wholesale,Pettah,120.0
2025-10-23,Tomato,Retail,Dambulla,130.0
2025-10-23,Tomato,Wholesale,Dambulla,100.0
2025-10-23,Tomato,Retail,Pettah,170.0
2025-10-23,Tomato,Wholesale,Pettah,120.0
2025-10-24,Tomato,Retail,Dambulla,145.0
2025-10-24,Tomato,Wholesale,Dambulla,115.0
2025-10-24,Tomato,Retail,Pettah,180.0
2025-10-24,Tomato,Wholesale,Pettah,130.0
2025-10-27,Tomato,Retail,Dambulla,140.0
2025-10-27,Tomato,Wholesale,Dambulla,110.0
2025-10-27,Tomato,Retail,Pettah,180.0
2025-10-27,Tomato,Wholesale,Pettah,130.0
2025-10-28,Tomato,Retail,Dambulla,100.0
2025-10-28,Tomato,Wholesale,Dambulla,70.0
2025-10-28,Tomato,Retail,Pettah,180.0
2025-10-28,Tomato,Wholesale,Pettah,130.0
2025-10-29,Tomato,Retail,Dambulla,135.0
2025-10-29,Tomato,Wholesale,Dambulla,105.0
2025-10-29,Tomato,Retail,Pettah,170.0
2025-10-29,Tomato,Wholesale,Pettah,120.0
2025-10-30,Tomato,Retail,Dambulla,110.0
2025-10-30,Tomato,Wholesale,Dambulla,80.0
2025-10-30,Tomato,Retail,Pettah,170.0
2025-10-30,Tomato,Wholesale,Pettah,120.0
2025-10-31,Tomato,Retail,Dambulla,125.0
2025-10-31,Tomato,Wholesale,Dambulla,95.0
2025-10-31,Tomato,Retail,Pettah,180.0
2025-10-31,Tomato,Wholesale,Pettah,130.0
2025-11-03,Tomato,Retail,Dambulla,125.0
2025-11-03,Tomato,Wholesale,Dambulla,95.0
2025-11-03,Tomato,Retail,Pettah,180.0
2025-11-03,Tomato,Wholesale,Pettah,130.0
2025-11-04,Tomato,Retail,Dambulla,98.0
2025-11-04,Tomato,Wholesale,Dambulla,68.0
2025-11-04,Tomato,Retail,Pettah,180.0
2025-11-04,Tomato,Wholesale,Pettah,130.0
2025-11-06,Tomato,Retail,Dambulla,105.0
2025-11-06,Tomato,Wholesale,Dambulla,75.0
2025-11-06,Tomato,Retail,Pettah,150.0
2025-11-06,Tomato,Wholesale,Pettah,100.0
2025-11-07,Tomato,Retail,Dambulla,78.0
2025-11-07,Tomato,Wholesale,Dambulla,48.0
2025-11-07,Tomato,Retail,Pettah,130.0
2025-11-07,Tomato,Wholesale,Pettah,80.0
2025-11-10,Tomato,Retail,Dambulla,103.0
2025-11-10,Tomato,Wholesale,Dambulla,73.0
2025-11-10,Tomato,Retail,Pettah,130.0
2025-11-10,Tomato,Wholesale,Pettah,80.0
2025-11-11,Tomato,Retail,Dambulla,105.0
2025-11-11,Tomato,Wholesale,Dambulla,75.0
2025-11-11,Tomato,Retail,Pettah,130.0
2025-11-11,Tomato,Wholesale,Pettah,80.0
2025-11-12,Tomato,Retail,Dambulla,100.0
2025-11-12,Tomato,Wholesale,Dambulla,70.0
2025-11-12,Tomato,Retail,Pettah,150.0
2025-11-12,Tomato,Wholesale,Pettah,100.0
2025-11-13,Tomato,Retail,Dambulla,105.0
2025-11-13,Tomato,Wholesale,Dambulla,75.0
2025-11-13,Tomato,Retail,Pettah,150.0
2025-11-13,Tomato,Wholesale,Pettah,100.0
2025-11-14,Tomato,Retail,Dambulla,110.0
2025-11-14,Tomato,Wholesale,Dambulla,80.0
2025-11-14,Tomato,Retail,Pettah,130.0
2025-11-14,Tomato,Wholesale,Pettah,80.0
2025-11-17,Tomato,Retail,Dambulla,130.0
2025-11-17,Tomato,Wholesale,Dambulla,100.0
2025-11-17,Tomato,Retail,Pettah,150.0
2025-11-17,Tomato,Wholesale,Pettah,100.0
2025-11-18,Tomato,Retail,Dambulla,140.0
2025-11-18,Tomato,Wholesale,Dambulla,110.0
2025-11-18,Tomato,Retail,Pettah,170.0
2025-11-18,Tomato,Wholesale,Pettah,120.0
2025-11-19,Tomato,Retail,Dambulla,155.0
2025-11-19,Tomato,Wholesale,Dambulla,125.0
2025-11-19,Tomato,Retail,Pettah,150.0
2025-11-19,Tomato,Wholesale,Pettah,100.0
2025-11-20,Tomato,Retail,Dambulla,120.0
2025-11-20,Tomato,Wholesale,Dambulla,90.0
2025-11-20,Tomato,Retail,Pettah,170.0
2025-11-20,Tomato,Wholesale,Pettah,110.0
2025-11-21,Tomato,Retail,Dambulla,
2025-11-21,Tomato,Wholesale,Dambulla,115.0
2025-11-21,Tomato,Retail,Pettah,170.0
2025-11-21,Tomato,Wholesale,Pettah,120.0
2025-11-24,Tomato,Retail,Dambulla,
2025-11-24,Tomato,Wholesale,Dambulla,135.0
2025-11-24,Tomato,Retail,Pettah,200.0
2025-11-24,Tomato,Wholesale,Pettah,150.0
2025-11-25,Tomato,Retail,Dambulla,175.0
2025-11-25,Tomato,Wholesale,Dambulla,145.0
2025-11-25,Tomato,Retail,Pettah,170.0
2025-11-25,Tomato,Wholesale,Pettah,120.0
2025-11-26,Tomato,Retail,Dambulla,225.0
2025-11-26,Tomato,Wholesale,Dambulla,195.0
2025-11-26,Tomato,Retail,Pettah,200.0
2025-11-26,Tomato,Wholesale,Pettah,150.0
2025-11-27,Tomato,Retail,Dambulla,255.0
2025-11-27,Tomato,Wholesale,Dambulla,225.0
2025-11-27,Tomato,Retail,Pettah,250.0
2025-11-27,Tomato,Wholesale,Pettah,200.0
2025-12-02,Tomato,Retail,Dambulla,355.0
2025-12-02,Tomato,Wholesale,Dambulla,325.0
2025-12-02,Tomato,Retail,Pettah,250.0
2025-12-02,Tomato,Wholesale,Pettah,200.0
2025-12-03,Tomato,Retail,Dambulla,280.0
2025-12-03,Tomato,Wholesale,Dambulla,250.0
2025-12-03,Tomato,Retail,Pettah,300.0
2025-12-03,Tomato,Wholesale,Pettah,250.0
2025-12-05,Tomato,Retail,Dambulla,220.0
2025-12-05,Tomato,Wholesale,Dambulla,190.0
2025-12-05,Tomato,Retail,Pettah,250.0
2025-12-05,Tomato,Wholesale,Pettah,200.0
2025-12-08,Tomato,Retail,Dambulla,230.0
2025-12-08,Tomato,Wholesale,Dambulla,200.0
2025-12-08,Tomato,Retail,Pettah,300.0
2025-12-08,Tomato,Wholesale,Pettah,250.0
2025-12-09,Tomato,Retail,Dambulla,210.0
2025-12-09,Tomato,Wholesale,Dambulla,180.0
2025-12-09,Tomato,Retail,Pettah,300.0
2025-12-09,Tomato,Wholesale,Pettah,250.0
2025-12-10,Tomato,Retail,Dambulla,255.0
2025-12-10,Tomato,Wholesale,Dambulla,225.0
2025-12-10,Tomato,Retail,Pettah,300.0
2025-12-10,Tomato,Wholesale,Pettah,250.0
2025-12-11,Tomato,Retail,Dambulla,255.0
2025-12-11,Tomato,Wholesale,Dambulla,225.0
2025-12-11,Tomato,Retail,Pettah,300.0
2025-12-11,Tomato,Wholesale,Pettah,250.0
2025-12-12,Tomato,Retail,Dambulla,265.0
2025-12-12,Tomato,Wholesale,Dambulla,235.0
2025-12-12,Tomato,Retail,Pettah,300.0
2025-12-12,Tomato,Wholesale,Pettah,250.0
2025-12-15,Tomato,Retail,Dambulla,420.0
2025-12-15,Tomato,Wholesale,Dambulla,390.0
2025-12-15,Tomato,Retail,Pettah,450.0
2025-12-15,Tomato,Wholesale,Pettah,400.0
2025-12-16,Tomato,Retail,Dambulla,415.0
2025-12-16,Tomato,Wholesale,Dambulla,385.0
2025-12-16,Tomato,Retail,Pettah,500.0
2025-12-16,Tomato,Wholesale,Pettah,450.0
2025-12-17,Tomato,Retail,Dambulla,505.0
2025-12-17,Tomato,Wholesale,Dambulla,475.0
2025-12-17,Tomato,Retail,Pettah,500.0
2025-12-17,Tomato,Wholesale,Pettah,450.0
2025-12-18,Tomato,Retail,Dambulla,430.0
2025-12-18,Tomato,Wholesale,Dambulla,400.0
2025-12-18,Tomato,Retail,Pettah,500.0
2025-12-18,Tomato,Wholesale,Pettah,450.0
2025-12-19,Tomato,Retail,Dambulla,505.0
2025-12-19,Tomato,Wholesale,Dambulla,475.0
2025-12-19,Tomato,Retail,Pettah,550.0
2025-12-19,Tomato,Wholesale,Pettah,500.0
2025-12-22,Tomato,Retail,Dambulla,575.0
2025-12-22,Tomato,Wholesale,Dambulla,545.0
2025-12-22,Tomato,Retail,Pettah,600.0
2025-12-22,Tomato,Wholesale,Pettah,550.0
2025-12-23,Tomato,Retail,Dambulla,565.0
2025-12-23,Tomato,Wholesale,Dambulla,535.0
2025-12-23,Tomato,Retail,Pettah,700.0
2025-12-23,Tomato,Wholesale,Pettah,650.0
2025-12-24,Tomato,Retail,Dambulla,555.0
2025-12-24,Tomato,Wholesale,Dambulla,525.0
2025-12-24,Tomato,Retail,Pettah,750.0
2025-12-24,Tomato,Wholesale,Pettah,700.0
2025-12-26,Tomato,Retail,Dambulla,530.0
2025-12-26,Tomato,Wholesale,Dambulla,500.0
2025-12-26,Tomato,Retail,Pettah,700.0
2025-12-26,Tomato,Wholesale,Pettah,600.0
2025-12-29,Tomato,Retail,Dambulla,405.0
2025-12-29,Tomato,Wholesale,Dambulla,375.0
2025-12-29,Tomato,Retail,Pettah,600.0
2025-12-29,Tomato,Wholesale,Pettah,500.0
2025-12-30,Tomato,Retail,Dambulla,375.0
2025-12-30,Tomato,Wholesale,Dambulla,345.0
2025-12-30,Tomato,Retail,Pettah,500.0
2025-12-30,Tomato,Wholesale,Pettah,400.0
2025-12-31,Tomato,Retail,Dambulla,380.0
2025-12-31,Tomato,Wholesale,Dambulla,350.0
2025-12-31,Tomato,Retail,Pettah,500.0
2025-12-31,Tomato,Wholesale,Pettah,400.0
2026-01-01,Tomato,Retail,Dambulla,355.0
2026-01-01,Tomato,Wholesale,Dambulla,325.0
2026-01-01,Tomato,Retail,Pettah,500.0
2026-01-01,Tomato,Wholesale,Pettah,400.0
2026-01-02,Tomato,Retail,Dambulla,345.0
2026-01-02,Tomato,Wholesale,Dambulla,315.0
2026-01-02,Tomato,Retail,Pettah,550.0
2026-01-02,Tomato,Wholesale,Pettah,450.0
2026-01-05,Tomato,Retail,Dambulla,405.0
2026-01-05,Tomato,Wholesale,Dambulla,375.0
2026-01-05,Tomato,Retail,Pettah,600.0
2026-01-05,Tomato,Wholesale,Pettah,500.0
2026-01-06,Tomato,Retail,Dambulla,455.0
2026-01-06,Tomato,Wholesale,Dambulla,425.0
2026-01-06,Tomato,Retail,Pettah,600.0
2026-01-06,Tomato,Wholesale,Pettah,500.0
2026-01-07,Tomato,Retail,Dambulla,480.0
2026-01-07,Tomato,Wholesale,Dambulla,450.0
2026-01-07,Tomato,Retail,Pettah,600.0
2026-01-07,Tomato,Wholesale,Pettah,550.0
2026-01-08,Tomato,Retail,Dambulla,505.0
2026-01-08,Tomato,Wholesale,Dambulla,475.0
2026-01-08,Tomato,Retail,Pettah,600.0
2026-01-08,Tomato,Wholesale,Pettah,500.0
2026-01-09,Tomato,Retail,Dambulla,520.0
2026-01-09,Tomato,Wholesale,Dambulla,490.0
2026-01-09,Tomato,Retail,Pettah,600.0
2026-01-09,Tomato,Wholesale,Pettah,500.0
2026-01-12,Tomato,Retail,Dambulla,505.0
2026-01-12,Tomato,Wholesale,Dambulla,475.0
2026-01-12,Tomato,Retail,Pettah,550.0
2026-01-12,Tomato,Wholesale,Pettah,450.0
2026-01-13,Tomato,Retail,Dambulla,480.0
2026-01-13,Tomato,Wholesale,Dambulla,450.0
2026-01-13,Tomato,Retail,Pettah,550.0
2026-01-13,Tomato,Wholesale,Pettah,450.0
2026-01-14,Tomato,Retail,Dambulla,395.0
2026-01-14,Tomato,Wholesale,Dambulla,365.0
2026-01-14,Tomato,Retail,Pettah,550.0
2026-01-14,Tomato,Wholesale,Pettah,450.0
2026-01-16,Tomato,Retail,Dambulla,405.0
2026-01-16,Tomato,Wholesale,Dambulla,375.0
2026-01-16,Tomato,Retail,Pettah,550.0
2026-01-16,Tomato,Wholesale,Pettah,450.0
2026-01-19,Tomato,Retail,Dambulla,370.0
2026-01-19,Tomato,Wholesale,Dambulla,340.0
2026-01-19,Tomato,Retail,Pettah,500.0
2026-01-19,Tomato,Wholesale,Pettah,450.0
2026-01-20,Tomato,Retail,Dambulla,355.0
2026-01-20,Tomato,Wholesale,Dambulla,325.0
2026-01-20,Tomato,Retail,Pettah,450.0
2026-01-20,Tomato,Wholesale,Pettah,400.0
2026-01-21,Tomato,Retail,Dambulla,340.0
2026-01-21,Tomato,Wholesale,Dambulla,310.0
2026-01-21,Tomato,Retail,Pettah,400.0
2026-01-21,Tomato,Wholesale,Pettah,350.0
2026-01-22,Tomato,Retail,Dambulla,340.0
2026-01-22,Tomato,Wholesale,Dambulla,310.0
2026-01-22,Tomato,Retail,Pettah,350.0
2026-01-22,Tomato,Wholesale,Pettah,300.0
2026-01-23,Tomato,Retail,Dambulla,420.0
2026-01-23,Tomato,Wholesale,Dambulla,390.0
2026-01-23,Tomato,Retail,Pettah,350.0
2026-01-23,Tomato,Wholesale,Pettah,300.0
2026-01-26,Tomato,Retail,Dambulla,420.0
2026-01-26,Tomato,Wholesale,Dambulla,390.0
2026-01-26,Tomato,Retail,Pettah,550.0
2026-01-26,Tomato,Wholesale,Pettah,450.0
2026-01-27,Tomato,Retail,Dambulla,455.0
2026-01-27,Tomato,Wholesale,Dambulla,425.0
2026-01-27,Tomato,Retail,Pettah,550.0
2026-01-27,Tomato,Wholesale,Pettah,450.0
2026-01-28,Tomato,Retail,Dambulla,455.0
2026-01-28,Tomato,Wholesale,Dambulla,425.0
2026-01-28,Tomato,Retail,Pettah,550.0
2026-01-28,Tomato,Wholesale,Pettah,450.0
2026-01-29,Tomato,Retail,Dambulla,305.0
2026-01-29,Tomato,Wholesale,Dambulla,275.0
2026-01-29,Tomato,Retail,Pettah,550.0
2026-01-29,Tomato,Wholesale,Pettah,450.0
2026-01-30,Tomato,Retail,Dambulla,230.0
2026-01-30,Tomato,Wholesale,Dambulla,200.0
2026-01-30,Tomato,Retail,Pettah,300.0
2026-01-30,Tomato,Wholesale,Pettah,250.0
2026-02-02,Tomato,Retail,Dambulla,175.0
2026-02-02,Tomato,Wholesale,Dambulla,145.0
2026-02-02,Tomato,Retail,Pettah,300.0
2026-02-02,Tomato,Wholesale,Pettah,250.0
2026-02-03,Tomato,Retail,Dambulla,130.0
2026-02-03,Tomato,Wholesale,Dambulla,100.0
2026-02-03,Tomato,Retail,Pettah,300.0
2026-02-03,Tomato,Wholesale,Pettah,250.0
2026-02-05,Tomato,Retail,Dambulla,155.0
2026-02-05,Tomato,Wholesale,Dambulla,125.0
2026-02-05,Tomato,Retail,Pettah,300.0
2026-02-05,Tomato,Wholesale,Pettah,250.0
2026-02-06,Tomato,Retail,Dambulla,120.0
2026-02-06,Tomato,Wholesale,Dambulla,90.0
2026-02-06,Tomato,Retail,Pettah,300.0
2026-02-06,Tomato,Wholesale,Pettah,250.0
2026-02-09,Tomato,Retail,Dambulla,140.0
2026-02-09,Tomato,Wholesale,Dambulla,110.0
2026-02-09,Tomato,Retail,Pettah,200.0
2026-02-09,Tomato,Wholesale,Pettah,140.0
2026-02-10,Tomato,Retail,Dambulla,135.0
2026-02-10,Tomato,Wholesale,Dambulla,105.0
2026-02-10,Tomato,Retail,Pettah,200.0
2026-02-10,Tomato,Wholesale,Pettah,140.0
2026-02-11,Tomato,Retail,Dambulla,120.0
2026-02-11,Tomato,Wholesale,Dambulla,90.0
2026-02-11,Tomato,Retail,Pettah,200.0
2026-02-11,Tomato,Wholesale,Pettah,140.0
2026-02-12,Tomato,Retail,Dambulla,135.0
2026-02-12,Tomato,Wholesale,Dambulla,105.0
2026-02-12,Tomato,Retail,Pettah,180.0
2026-02-12,Tomato,Wholesale,Pettah,120.0
2026-02-13,Tomato,Retail,Dambulla,125.0
2026-02-13,Tomato,Wholesale,Dambulla,95.0
2026-02-13,Tomato,Retail,Pettah,200.0
2026-02-13,Tomato,Wholesale,Pettah,140.0
2026-02-16,Tomato,Retail,Dambulla,190.0
2026-02-16,Tomato,Wholesale,Dambulla,160.0
2026-02-16,Tomato,Retail,Pettah,200.0
2026-02-16,Tomato,Wholesale,Pettah,140.0
2026-02-17,Tomato,Retail,Dambulla,125.0
2026-02-17,Tomato,Wholesale,Dambulla,90.0
2026-02-17,Tomato,Retail,Pettah,200.0
2026-02-17,Tomato,Wholesale,Pettah,140.0
2026-02-18,Tomato,Retail,Dambulla,150.0
2026-02-18,Tomato,Wholesale,Dambulla,120.0
2026-02-18,Tomato,Retail,Pettah,150.0
2026-02-18,Tomato,Wholesale,Pettah,100.0
2026-02-19,Tomato,Retail,Dambulla,140.0
2026-02-19,Tomato,Wholesale,Dambulla,110.0
2026-02-19,Tomato,Retail,Pettah,170.0
2026-02-19,Tomato,Wholesale,Pettah,120.0
2026-02-20,Tomato,Retail,Dambulla,140.0
2026-02-20,Tomato,Wholesale,Dambulla,110.0
2026-02-20,Tomato,Retail,Pettah,170.0
2026-02-20,Tomato,Wholesale,Pettah,120.0
2026-02-23,Tomato,Retail,Dambulla,155.0
2026-02-23,Tomato,Wholesale,Dambulla,125.0
2026-02-23,Tomato,Retail,Pettah,200.0
2026-02-23,Tomato,Wholesale,Pettah,150.0
2026-02-24,Tomato,Retail,Dambulla,140.0
2026-02-24,Tomato,Wholesale,Dambulla,110.0
2026-02-24,Tomato,Retail,Pettah,200.0
2026-02-24,Tomato,Wholesale,Pettah,150.0
2026-02-25,Tomato,Retail,Dambulla,140.0
2026-02-25,Tomato,Wholesale,Dambulla,110.0
2026-02-25,Tomato,Retail,Pettah,200.0
2026-02-25,Tomato,Wholesale,Pettah,150.0
2026-02-26,Tomato,Retail,Dambulla,120.0
2026-02-26,Tomato,Wholesale,Dambulla,90.0
2026-02-26,Tomato,Retail,Pettah,180.0
2026-02-26,Tomato,Wholesale,Pettah,130.0
2026-02-27,Tomato,Retail,Dambulla,120.0
2026-02-27,Tomato,Wholesale,Dambulla,90.0
2026-02-27,Tomato,Retail,Pettah,170.0
2026-02-27,Tomato,Wholesale,Pettah,120.0
2026-03-03,Tomato,Retail,Dambulla,105.0
2026-03-03,Tomato,Wholesale,Dambulla,75.0
2026-03-03,Tomato,Retail,Pettah,170.0
2026-03-03,Tomato,Wholesale,Pettah,120.0
2026-03-04,Tomato,Retail,Dambulla,90.0
2026-03-04,Tomato,Wholesale,Dambulla,60.0
2026-03-04,Tomato,Retail,Pettah,170.0
2026-03-04,Tomato,Wholesale,Pettah,120.0
2026-03-05,Tomato,Retail,Dambulla,105.0
2026-03-05,Tomato,Wholesale,Dambulla,75.0
2026-03-05,Tomato,Retail,Pettah,100.0
2026-03-05,Tomato,Wholesale,Pettah,80.0
2026-03-06,Tomato,Retail,Dambulla,105.0
2026-03-06,Tomato,Wholesale,Dambulla,75.0
2026-03-06,Tomato,Retail,Pettah,150.0
2026-03-06,Tomato,Wholesale,Pettah,90.0
2026-03-09,Tomato,Retail,Dambulla,140.0
2026-03-09,Tomato,Wholesale,Dambulla,110.0
2026-03-09,Tomato,Retail,Pettah,170.0
2026-03-09,Tomato,Wholesale,Pettah,120.0
2026-03-10,Tomato,Retail,Dambulla,140.0
2026-03-10,Tomato,Wholesale,Dambulla,110.0
2026-03-10,Tomato,Retail,Pettah,170.0
2026-03-10,Tomato,Wholesale,Pettah,120.0
2026-03-11,Tomato,Retail,Dambulla,100.0
2026-03-11,Tomato,Wholesale,Dambulla,70.0
2026-03-11,Tomato,Retail,Pettah,130.0
2026-03-11,Tomato,Wholesale,Pettah,80.0
2026-03-12,Tomato,Retail,Dambulla,75.0
2026-03-12,Tomato,Wholesale,Dambulla,45.0
2026-03-12,Tomato,Retail,Pettah,130.0
2026-03-12,Tomato,Wholesale,Pettah,80.0
2026-03-13,Tomato,Retail,Dambulla,85.0
2026-03-13,Tomato,Wholesale,Dambulla,55.0
2026-03-13,Tomato,Retail,Pettah,130.0
2026-03-13,Tomato,Wholesale,Pettah,80.0
2026-03-16,Tomato,Retail,Dambulla,95.0
2026-03-16,Tomato,Wholesale,Dambulla,65.0
2026-03-16,Tomato,Retail,Pettah,150.0
2026-03-16,Tomato,Wholesale,Pettah,100.0
2026-03-17,Tomato,Retail,Dambulla,90.0
2026-03-17,Tomato,Wholesale,Dambulla,60.0
2026-03-17,Tomato,Retail,Pettah,150.0
2026-03-17,Tomato,Wholesale,Pettah,100.0
2026-03-18,Tomato,Retail,Dambulla,110.0
2026-03-18,Tomato,Wholesale,Dambulla,80.0
2026-03-18,Tomato,Retail,Pettah,130.0
2026-03-18,Tomato,Wholesale,Pettah,80.0
2026-03-19,Tomato,Retail,Dambulla,78.0
2026-03-19,Tomato,Wholesale,Dambulla,48.0
2026-03-19,Tomato,Retail,Pettah,130.0
2026-03-19,Tomato,Wholesale,Pettah,80.0
2026-03-20,Tomato,Retail,Dambulla,95.0
2026-03-20,Tomato,Wholesale,Dambulla,65.0
2026-03-20,Tomato,Retail,Pettah,130.0
2026-03-20,Tomato,Wholesale,Pettah,80.0
2026-03-23,Tomato,Retail,Dambulla,75.0
2026-03-23,Tomato,Wholesale,Dambulla,45.0
2026-03-23,Tomato,Retail,Pettah,130.0
2026-03-23,Tomato,Wholesale,Pettah,80.0
2026-03-24,Tomato,Retail,Dambulla,75.0
2026-03-24,Tomato,Wholesale,Dambulla,45.0
2026-03-24,Tomato,Retail,Pettah,130.0
2026-03-24,Tomato,Wholesale,Pettah,80.0
2026-03-25,Tomato,Retail,Dambulla,68.0
2026-03-25,Tomato,Wholesale,Dambulla,38.0
2026-03-25,Tomato,Retail,Pettah,120.0
2026-03-25,Tomato,Wholesale,Pettah,70.0
2026-03-26,Tomato,Retail,Dambulla,70.0
2026-03-26,Tomato,Wholesale,Dambulla,40.0
2026-03-26,Tomato,Retail,Pettah,100.0
2026-03-26,Tomato,Wholesale,Pettah,60.0
2026-03-27,Tomato,Retail,Dambulla,75.0
2026-03-27,Tomato,Wholesale,Dambulla,45.0
2026-03-27,Tomato,Retail,Pettah,100.0
2026-03-27,Tomato,Wholesale,Pettah,70.0
2026-03-30,Tomato,Retail,Dambulla,105.0
2026-03-30,Tomato,Wholesale,Dambulla,75.0
2026-03-30,Tomato,Retail,Pettah,100.0
2026-03-30,Tomato,Wholesale,Pettah,70.0
2026-03-31,Tomato,Retail,Dambulla,85.0
2026-03-31,Tomato,Wholesale,Dambulla,55.0
2026-03-31,Tomato,Retail,Pettah,120.0
2026-03-31,Tomato,Wholesale,Pettah,80.0
2026-04-02,Tomato,Retail,Dambulla,95.0
2026-04-02,Tomato,Wholesale,Dambulla,65.0
2026-04-02,Tomato,Retail,Pettah,130.0
2026-04-02,Tomato,Wholesale,Pettah,80.0
2026-04-06,Tomato,Retail,Dambulla,88.0
2026-04-06,Tomato,Wholesale,Dambulla,58.0
2026-04-06,Tomato,Retail,Pettah,170.0
2026-04-06,Tomato,Wholesale,Pettah,120.0
2026-04-07,Tomato,Retail,Dambulla,95.0
2026-04-07,Tomato,Wholesale,Dambulla,65.0
2026-04-07,Tomato,Retail,Pettah,170.0
2026-04-07,Tomato,Wholesale,Pettah,120.0
2026-04-08,Tomato,Retail,Dambulla,155.0
2026-04-08,Tomato,Wholesale,Dambulla,125.0
2026-04-08,Tomato,Retail,Pettah,170.0
2026-04-08,Tomato,Wholesale,Pettah,120.0
2026-04-09,Tomato,Retail,Dambulla,175.0
2026-04-09,Tomato,Wholesale,Dambulla,145.0
2026-04-09,Tomato,Retail,Pettah,170.0
2026-04-09,Tomato,Wholesale,Pettah,120.0
2026-04-10,Tomato,Retail,Dambulla,195.0
2026-04-10,Tomato,Wholesale,Dambulla,165.0
2026-04-10,Tomato,Retail,Pettah,200.0
2026-04-10,Tomato,Wholesale,Pettah,150.0
2026-04-16,Tomato,Retail,Dambulla,155.0
2026-04-16,Tomato,Wholesale,Dambulla,125.0
2026-04-17,Tomato,Retail,Dambulla,100.0
2026-04-17,Tomato,Wholesale,Dambulla,70.0
2026-04-20,Tomato,Retail,Dambulla,85.0
2026-04-20,Tomato,Wholesale,Dambulla,55.0
2026-04-20,Tomato,Retail,Pettah,200.0
2026-04-20,Tomato,Wholesale,Pettah,150.0
2026-04-21,Tomato,Retail,Dambulla,78.0
2026-04-21,Tomato,Wholesale,Dambulla,48.0
2026-04-21,Tomato,Retail,Pettah,150.0
2026-04-21,Tomato,Wholesale,Pettah,100.0
2026-04-22,Tomato,Retail,Dambulla,85.0
2026-04-22,Tomato,Wholesale,Dambulla,55.0
2026-04-22,Tomato,Retail,Pettah,170.0
2026-04-22,Tomato,Wholesale,Pettah,120.0
2026-04-23,Tomato,Retail,Dambulla,85.0
2026-04-23,Tomato,Wholesale,Dambulla,55.0
2026-04-23,Tomato,Retail,Pettah,150.0
2026-04-23,Tomato,Wholesale,Pettah,100.0
2026-04-24,Tomato,Retail,Dambulla,95.0
2026-04-24,Tomato,Wholesale,Dambulla,65.0
2026-04-24,Tomato,Retail,Pettah,200.0
2026-04-24,Tomato,Wholesale,Pettah,150.0
2026-04-27,Tomato,Retail,Dambulla,140.0
2026-04-27,Tomato,Wholesale,Dambulla,110.0
2026-04-27,Tomato,Retail,Pettah,200.0
2026-04-27,Tomato,Wholesale,Pettah,150.0
2026-04-28,Tomato,Retail,Dambulla,155.0
2026-04-28,Tomato,Wholesale,Dambulla,125.0
2026-04-28,Tomato,Retail,Pettah,200.0
2026-04-28,Tomato,Wholesale,Pettah,150.0
2026-04-29,Tomato,Retail,Dambulla,125.0
2026-04-29,Tomato,Wholesale,Dambulla,95.0
2026-04-29,Tomato,Retail,Pettah,200.0
2026-04-29,Tomato,Wholesale,Pettah,150.0
2026-04-30,Tomato,Retail,Dambulla,145.0
2026-04-30,Tomato,Wholesale,Dambulla,115.0
2026-04-30,Tomato,Retail,Pettah,200.0
2026-04-30,Tomato,Wholesale,Pettah,150.0
2026-05-04,Tomato,Retail,Dambulla,185.0
2026-05-04,Tomato,Wholesale,Dambulla,155.0
2026-05-04,Tomato,Retail,Pettah,250.0
2026-05-04,Tomato,Wholesale,Pettah,200.0
2026-05-05,Tomato,Retail,Dambulla,180.0
2026-05-05,Tomato,Wholesale,Dambulla,150.0
2026-05-05,Tomato,Retail,Pettah,250.0
2026-05-05,Tomato,Wholesale,Pettah,200.0
2026-05-11,Tomato,Retail,Dambulla,335.0
2026-05-11,Tomato,Wholesale,Dambulla,305.0
2026-05-11,Tomato,Retail,Pettah,450.0
2026-05-11,Tomato,Wholesale,Pettah,400.0
2026-05-13,Tomato,Retail,Dambulla,355.0
2026-05-13,Tomato,Wholesale,Dambulla,325.0
2026-05-13,Tomato,Retail,Pettah,450.0
2026-05-13,Tomato,Wholesale,Pettah,400.0
2026-05-18,Tomato,Retail,Dambulla,285.0
2026-05-18,Tomato,Wholesale,Dambulla,255.0
2026-05-18,Tomato,Retail,Pettah,380.0
2026-05-18,Tomato,Wholesale,Pettah,320.0
2026-05-19,Tomato,Retail,Dambulla,285.0
2026-05-19,Tomato,Wholesale,Dambulla,255.0
2026-05-19,Tomato,Retail,Pettah,380.0
2026-05-19,Tomato,Wholesale,Pettah,320.0
2026-05-20,Tomato,Retail,Dambulla,285.0
2026-05-20,Tomato,Wholesale,Dambulla,255.0
2026-05-20,Tomato,Retail,Pettah,380.0
2026-05-20,Tomato,Wholesale,Pettah,320.0
2026-06-05,Tomato,Retail,Dambulla,705.0
2026-06-05,Tomato,Wholesale,Dambulla,675.0
2026-06-05,Tomato,Retail,Pettah,750.0
2026-06-05,Tomato,Wholesale,Pettah,700.0
2026-06-08,Tomato,Retail,Dambulla,530.0
2026-06-08,Tomato,Wholesale,Dambulla,500.0
2026-06-08,Tomato,Retail,Pettah,550.0
2026-06-08,Tomato,Wholesale,Pettah,500.0
2026-06-09,Tomato,Retail,Dambulla,565.0
2026-06-09,Tomato,Wholesale,Dambulla,535.0
2026-06-09,Tomato,Retail,Pettah,550.0
2026-06-09,Tomato,Wholesale,Pettah,500.0
2026-06-10,Tomato,Retail,Dambulla,455.0
2026-06-10,Tomato,Wholesale,Dambulla,425.0
2026-06-10,Tomato,Retail,Pettah,550.0
2026-06-10,Tomato,Wholesale,Pettah,500.0
2026-06-11,Tomato,Retail,Dambulla,515.0
2026-06-11,Tomato,Wholesale,Dambulla,485.0
2026-06-11,Tomato,Retail,Pettah,550.0
2026-06-11,Tomato,Wholesale,Pettah,500.0
2026-06-12,Tomato,Retail,Dambulla,455.0
2026-06-12,Tomato,Wholesale,Dambulla,425.0
2026-06-12,Tomato,Retail,Pettah,550.0
2026-06-12,Tomato,Wholesale,Pettah,500.0
2026-06-15,Tomato,Retail,Dambulla,655.0
2026-06-15,Tomato,Wholesale,Dambulla,625.0
2026-06-15,Tomato,Retail,Pettah,750.0
2026-06-15,Tomato,Wholesale,Pettah,700.0
2026-06-16,Tomato,Retail,Dambulla,630.0
2026-06-16,Tomato,Wholesale,Dambulla,600.0
2026-06-16,Tomato,Retail,Pettah,800.0
2026-06-16,Tomato,Wholesale,Pettah,750.0
2026-06-17,Tomato,Retail,Dambulla,630.0
2026-06-17,Tomato,Wholesale,Dambulla,600.0
2026-06-17,Tomato,Retail,Pettah,800.0
2026-06-17,Tomato,Wholesale,Pettah,750.0
2026-06-18,Tomato,Retail,Dambulla,655.0
2026-06-18,Tomato,Wholesale,Dambulla,625.0
2026-06-18,Tomato,Retail,Pettah,800.0
2026-06-18,Tomato,Wholesale,Pettah,750.0
2026-06-19,Tomato,Retail,Dambulla,605.0
2026-06-19,Tomato,Wholesale,Dambulla,575.0
2026-06-19,Tomato,Retail,Pettah,800.0
2026-06-19,Tomato,Wholesale,Pettah,750.0
2026-06-22,Tomato,Retail,Dambulla,555.0
2026-06-22,Tomato,Wholesale,Dambulla,525.0
2026-06-22,Tomato,Retail,Pettah,750.0
2026-06-22,Tomato,Wholesale,Pettah,700.0
2026-06-23,Tomato,Retail,Dambulla,580.0
2026-06-23,Tomato,Wholesale,Dambulla,550.0
2026-06-23,Tomato,Retail,Pettah,750.0
2026-06-23,Tomato,Wholesale,Pettah,700.0
2026-06-24,Tomato,Retail,Dambulla,480.0
2026-06-24,Tomato,Wholesale,Dambulla,450.0
2026-06-24,Tomato,Retail,Pettah,800.0
2026-06-24,Tomato,Wholesale,Pettah,750.0
2026-06-25,Tomato,Retail,Dambulla,505.0
2026-06-25,Tomato,Wholesale,Dambulla,475.0
2026-06-25,Tomato,Retail,Pettah,600.0
2026-06-25,Tomato,Wholesale,Pettah,500.0
2026-06-26,Tomato,Retail,Dambulla,480.0
2026-06-26,Tomato,Wholesale,Dambulla,450.0
2026-06-26,Tomato,Retail,Pettah,500.0
2026-06-26,Tomato,Wholesale,Pettah,450.0
2026-06-30,Tomato,Retail,Pettah,600.0
2026-06-30,Tomato,Wholesale,Pettah,500.0
2026-07-01,Tomato,Retail,Dambulla,270.0
2026-07-01,Tomato,Wholesale,Dambulla,240.0
2026-07-01,Tomato,Retail,Pettah,450.0
2026-07-01,Tomato,Wholesale,Pettah,350.0
2026-07-02,Tomato,Retail,Dambulla,245.0
2026-07-02,Tomato,Wholesale,Dambulla,215.0
2026-07-02,Tomato,Retail,Pettah,450.0
2026-07-02,Tomato,Wholesale,Pettah,400.0
2026-07-03,Tomato,Retail,Dambulla,255.0
2026-07-03,Tomato,Wholesale,Dambulla,225.0
2026-07-03,Tomato,Retail,Pettah,550.0
2026-07-03,Tomato,Wholesale,Pettah,500.0
2026-07-06,Tomato,Retail,Dambulla,255.0
2026-07-06,Tomato,Wholesale,Dambulla,225.0
2026-07-06,Tomato,Retail,Pettah,450.0
2026-07-06,Tomato,Wholesale,Pettah,350.0
2026-07-07,Tomato,Retail,Dambulla,250.0
2026-07-07,Tomato,Wholesale,Dambulla,220.0
2026-07-07,Tomato,Retail,Pettah,450.0
2026-07-07,Tomato,Wholesale,Pettah,350.0
2026-07-08,Tomato,Retail,Dambulla,285.0
2026-07-08,Tomato,Wholesale,Dambulla,255.0
2026-07-08,Tomato,Retail,Pettah,450.0
2026-07-08,Tomato,Wholesale,Pettah,350.0
2026-07-09,Tomato,Retail,Dambulla,285.0
2026-07-09,Tomato,Wholesale,Dambulla,255.0
2026-07-09,Tomato,Retail,Pettah,450.0
2026-07-09,Tomato,Wholesale,Pettah,400.0
2026-07-10,Tomato,Retail,Dambulla,285.0
2026-07-10,Tomato,Wholesale,Dambulla,255.0
2026-07-10,Tomato,Retail,Pettah,500.0
2026-07-10,Tomato,Wholesale,Pettah,450.0
2026-07-13,Tomato,Retail,Dambulla,305.0
2026-07-13,Tomato,Wholesale,Dambulla,275.0
2026-07-13,Tomato,Retail,Pettah,450.0
2026-07-13,Tomato,Wholesale,Pettah,400.0
2026-07-14,Tomato,Retail,Dambulla,315.0
2026-07-14,Tomato,Wholesale,Dambulla,285.0
2026-07-14,Tomato,Retail,Pettah,450.0
2026-07-14,Tomato,Wholesale,Pettah,400.0
2026-07-15,Tomato,Retail,Dambulla,340.0
2026-07-15,Tomato,Wholesale,Dambulla,310.0
2026-07-15,Tomato,Retail,Pettah,400.0
2026-07-15,Tomato,Wholesale,Pettah,350.0
2026-07-16,Tomato,Retail,Dambulla,320.0
2026-07-16,Tomato,Wholesale,Dambulla,290.0
2026-07-16,Tomato,Retail,Pettah,350.0
2026-07-16,Tomato,Wholesale,Pettah,300.0
2026-07-17,Tomato,Retail,Dambulla,320.0
2026-07-17,Tomato,Wholesale,Dambulla,290.0
2026-07-17,Tomato,Retail,Pettah,350.0
2026-07-17,Tomato,Wholesale,Pettah,300.0
2026-07-20,Tomato,Retail,Dambulla,355.0
2026-07-20,Tomato,Wholesale,Dambulla,325.0
2026-07-20,Tomato,Retail,Pettah,450.0
2026-07-20,Tomato,Wholesale,Pettah,400.0
2026-07-21,Tomato,Retail,Dambulla,340.0
2026-07-21,Tomato,Wholesale,Dambulla,310.0
2026-07-21,Tomato,Retail,Pettah,450.0
2026-07-21,Tomato,Wholesale,Pettah,400.0
2026-07-22,Tomato,Retail,Dambulla,330.0
2026-07-22,Tomato,Wholesale,Dambulla,300.0
2026-07-22,Tomato,Retail,Pettah,450.0
2026-07-22,Tomato,Wholesale,Pettah,400.0
2026-07-23,Tomato,Retail,Dambulla,365.0
2026-07-23,Tomato,Wholesale,Dambulla,335.0
2026-07-23,Tomato,Retail,Pettah,400.0
2026-07-23,Tomato,Wholesale,Pettah,350.0
2026-07-24,Tomato,Retail,Dambulla,335.0
2026-07-24,Tomato,Wholesale,Dambulla,305.0
2026-07-24,Tomato,Retail,Pettah,400.0
2026-07-24,Tomato,Wholesale,Pettah,350.0
2026-07-27,Tomato,Retail,Dambulla,320.0
2026-07-27,Tomato,Wholesale,Dambulla,290.0
2026-07-27,Tomato,Retail,Pettah,450.0
2026-07-27,Tomato,Wholesale,Pettah,400.0
2026-07-28,Tomato,Retail,Dambulla,285.0
2026-07-28,Tomato,Wholesale,Dambulla,255.0
2026-07-28,Tomato,Retail,Pettah,350.0
2026-07-28,Tomato,Wholesale,Pettah,300.0
2026-07-30,Tomato,Retail,Dambulla,285.0
2026-07-30,Tomato,Wholesale,Dambulla,255.0
2026-07-30,Tomato,Retail,Pettah,400.0
2026-07-30,Tomato,Wholesale,Pettah,350.0
2026-07-31,Tomato,Retail,Dambulla,245.0
2026-07-31,Tomato,Wholesale,Dambulla,215.0
2026-07-31,Tomato,Retail,Pettah,350.0
2026-07-31,Tomato,Wholesale,Pettah,300.0
2026-08-03,Tomato,Retail,Dambulla,235.0
2026-08-03,Tomato,Wholesale,Dambulla,205.0
2026-08-03,Tomato,Retail,Pettah,350.0
2026-08-03,Tomato,Wholesale,Pettah,300.0
2026-08-04,Tomato,Retail,Dambulla,220.0
2026-08-04,Tomato,Wholesale,Dambulla,190.0
2026-08-04,Tomato,Retail,Pettah,300.0
2026-08-04,Tomato,Wholesale,Pettah,250.0
2026-08-05,Tomato,Retail,Dambulla,220.0
2026-08-05,Tomato,Wholesale,Dambulla,190.0
2026-08-05,Tomato,Retail,Pettah,300.0
2026-08-05,Tomato,Wholesale,Pettah,250.0
2026-08-06,Tomato,Retail,Dambulla,220.0
2026-08-06,Tomato,Wholesale,Dambulla,190.0
2026-08-06,Tomato,Retail,Pettah,300.0
2026-08-06,Tomato,Wholesale,Pettah,250.0
2026-08-07,Tomato,Retail,Dambulla,195.0
2026-08-07,Tomato,Wholesale,Dambulla,165.0
2026-08-07,Tomato,Retail,Pettah,300.0
2026-08-07,Tomato,Wholesale,Pettah,250.0
2026-08-10,Tomato,Retail,Dambulla,315.0
2026-08-10,Tomato,Wholesale,Dambulla,285.0
2026-08-10,Tomato,Retail,Pettah,350.0
2026-08-10,Tomato,Wholesale,Pettah,300.0
2026-08-11,Tomato,Retail,Dambulla,355.0
2026-08-11,Tomato,Wholesale,Dambulla,325.0
2026-08-11,Tomato,Retail,Pettah,400.0
2026-08-11,Tomato,Wholesale,Pettah,350.0
2026-08-12,Tomato,Retail,Dambulla,320.0
2026-08-12,Tomato,Wholesale,Dambulla,290.0
2026-08-12,Tomato,Retail,Pettah,400.0
2026-08-12,Tomato,Wholesale,Pettah,350.0
2026-08-13,Tomato,Retail,Dambulla,365.0
2026-08-13,Tomato,Wholesale,Dambulla,335.0
2026-08-13,Tomato,Retail,Pettah,450.0
2026-08-13,Tomato,Wholesale,Pettah,400.0
2026-08-14,Tomato,Retail,Dambulla,355.0
2026-08-14,Tomato,Wholesale,Dambulla,325.0
2026-08-14,Tomato,Retail,Pettah,450.0
2026-08-14,Tomato,Wholesale,Pettah,400.0
2026-08-17,Tomato,Retail,Dambulla,320.0
2026-08-17,Tomato,Wholesale,Dambulla,290.0
2026-08-17,Tomato,Retail,Pettah,400.0
2026-08-17,Tomato,Wholesale,Pettah,350.0
2026-08-18,Tomato,Retail,Dambulla,305.0
2026-08-18,Tomato,Wholesale,Dambulla,275.0
2026-08-18,Tomato,Retail,Pettah,400.0
2026-08-18,Tomato,Wholesale,Pettah,350.0
2026-08-19,Tomato,Retail,Dambulla,315.0
2026-08-19,Tomato,Wholesale,Dambulla,285.0
2026-08-19,Tomato,Retail,Pettah,400.0
2026-08-19,Tomato,Wholesale,Pettah,350.0
2026-08-20,Tomato,Retail,Dambulla,160.0
2026-08-20,Tomato,Wholesale,Dambulla,130.0
2026-08-20,Tomato,Retail,Pettah,350.0
2026-08-20,Tomato,Wholesale,Pettah,300.0
2026-08-21,Tomato,Retail,Dambulla,235.0
2026-08-21,Tomato,Wholesale,Dambulla,205.0
2026-08-21,Tomato,Retail,Pettah,350.0
2026-08-21,Tomato,Wholesale,Pettah,300.0
2026-08-24,Tomato,Retail,Dambulla,295.0
2026-08-24,Tomato,Wholesale,Dambulla,265.0
2026-08-24,Tomato,Retail,Pettah,350.0
2026-08-24,Tomato,Wholesale,Pettah,300.0
2026-08-25,Tomato,Retail,Dambulla,245.0
2026-08-25,Tomato,Wholesale,Dambulla,215.0
2026-08-25,Tomato,Retail,Pettah,350.0
2026-08-25,Tomato,Wholesale,Pettah,300.0
2026-08-26,Tomato,Wholesale,Dambulla,250.0
2026-08-28,Tomato,Retail,Dambulla,240.0
2026-08-28,Tomato,Wholesale,Dambulla,210.0
2026-08-28,Tomato,Retail,Pettah,350.0
2026-08-28,Tomato,Wholesale,Pettah,300.0
